data_origin,journey_id,customer_id,intent,category,intent_group,first_channel,first_event_ts,ttfr_minutes,n_contacts,n_channels,channel_path,resolved,resolved_on_first_contact,resolving_channel,resolving_contact_index,repeat_contact,channel_switch,digital_first,digital_to_call,journey_end_reason
SYNTHETIC,J00001,C00001,check_usage,CONSUMPTION,self_service_candidate,call,2024-07-19T12:57:54Z,10.307288,1,1,call,True,True,call,1.000000,False,False,False,False,resolved
SYNTHETIC,J00002,C00002,dispute_invoice,BILLING,complaint,app,2024-08-01T07:15:59Z,1.255575,2,2,app > social,False,False,,,True,True,True,False,chose_abandon
SYNTHETIC,J00003,C00003,check_signal_coverage,SERVICES,self_service_candidate,ussd,2024-08-26T06:45:59Z,1.171299,1,1,ussd,True,True,ussd,1.000000,False,False,True,False,resolved
SYNTHETIC,J00004,C00004,customer_service,CONTACT,assisted,ussd,2024-06-16T15:11:30Z,0.657045,1,1,ussd,False,False,,,False,False,True,False,chose_abandon
SYNTHETIC,J00005,C00005,dispute_invoice,BILLING,complaint,ussd,2024-07-16T15:49:27Z,0.837526,2,2,ussd > app,False,False,,,True,True,True,False,chose_abandon
SYNTHETIC,J00006,C00006,invoices,BILLING,self_service_candidate,ussd,2024-07-12T17:39:52Z,0.703139,1,1,ussd,True,True,ussd,1.000000,False,False,True,False,resolved
SYNTHETIC,J00007,C00007,human_agent,CONTACT,complaint,ussd,2024-06-21T06:27:14Z,1.312488,1,1,ussd,False,False,,,False,False,True,False,chose_abandon
SYNTHETIC,J00008,C00008,invoices,BILLING,self_service_candidate,ussd,2024-07-06T01:24:10Z,0.890390,1,1,ussd,True,True,ussd,1.000000,False,False,True,False,resolved
SYNTHETIC,J00009,C00009,customer_service,CONTACT,assisted,ussd,2024-07-06T05:20:30Z,0.975281,1,1,ussd,True,True,ussd,1.000000,False,False,True,False,resolved
SYNTHETIC,J00010,C00010,report_poor_signal_coverage,COMPLAINTS,complaint,ussd,2024-08-07T00:48:01Z,0.942662,1,1,ussd,True,True,ussd,1.000000,False,False,True,False,resolved
SYNTHETIC,J00011,C00011,report_poor_signal_coverage,COMPLAINTS,complaint,app,2024-07-08T12:48:33Z,4.067611,1,1,app,False,False,,,False,False,True,False,chose_abandon
SYNTHETIC,J00012,C00012,check_signal_coverage,SERVICES,self_service_candidate,call,2024-06-10T07:28:18Z,13.156561,1,1,call,True,True,call,1.000000,False,False,False,False,resolved
SYNTHETIC,J00013,C00013,activate_phone,SERVICES,assisted,ussd,2024-06-28T16:03:29Z,1.198914,1,1,ussd,True,True,ussd,1.000000,False,False,True,False,resolved
SYNTHETIC,J00014,C00014,payment_methods,PAYMENT,self_service_candidate,app,2024-07-14T21:11:25Z,2.539066,1,1,app,True,True,app,1.000000,False,False,True,False,resolved
SYNTHETIC,J00015,C00015,check_usage,CONSUMPTION,self_service_candidate,ussd,2024-07-26T21:42:14Z,1.118407,1,1,ussd,True,True,ussd,1.000000,False,False,True,False,resolved
SYNTHETIC,J00016,C00016,activate_phone,SERVICES,assisted,app,2024-07-30T07:04:05Z,4.880017,2,2,app > call,True,False,call,2.000000,True,True,True,True,resolved
SYNTHETIC,J00017,C00017,customer_service,CONTACT,assisted,ussd,2024-06-16T15:20:16Z,0.829610,2,1,ussd > ussd,False,False,,,True,False,True,False,chose_abandon
SYNTHETIC,J00018,C00018,set_usage_limits,CONSUMPTION,assisted,web,2024-06-16T21:16:41Z,5.417497,2,2,web > call,True,False,call,2.000000,True,True,True,True,resolved
SYNTHETIC,J00019,C00019,deactivate_phone,SERVICES,assisted,ussd,2024-08-20T23:40:41Z,0.723104,2,2,ussd > app,False,False,,,True,True,True,False,chose_abandon
SYNTHETIC,J00020,C00020,check_signal_coverage,SERVICES,self_service_candidate,app,2024-06-25T22:44:50Z,2.783928,1,1,app,True,True,app,1.000000,False,False,True,False,resolved
SYNTHETIC,J00021,C00021,check_usage,CONSUMPTION,self_service_candidate,app,2024-08-27T18:31:39Z,0.967355,1,1,app,True,True,app,1.000000,False,False,True,False,resolved
SYNTHETIC,J00022,C00022,invoices,BILLING,self_service_candidate,app,2024-08-21T23:15:52Z,0.824951,1,1,app,True,True,app,1.000000,False,False,True,False,resolved
SYNTHETIC,J00023,C00023,check_cancellation_fee,SUBSCRIPTION,self_service_candidate,ussd,2024-08-07T19:21:48Z,0.960398,1,1,ussd,True,True,ussd,1.000000,False,False,True,False,resolved
SYNTHETIC,J00024,C00024,check_usage,CONSUMPTION,self_service_candidate,app,2024-07-03T00:49:20Z,0.979932,1,1,app,True,True,app,1.000000,False,False,True,False,resolved
SYNTHETIC,J00025,C00025,check_cancellation_fee,SUBSCRIPTION,self_service_candidate,web,2024-06-08T03:09:36Z,1.991701,1,1,web,True,True,web,1.000000,False,False,True,False,resolved
SYNTHETIC,J00026,C00026,report_problem,COMPLAINTS,complaint,call,2024-07-23T08:52:09Z,5.422048,1,1,call,True,True,call,1.000000,False,False,False,False,resolved
SYNTHETIC,J00027,C00027,check_usage,CONSUMPTION,self_service_candidate,app,2024-07-21T06:27:54Z,1.553109,1,1,app,True,True,app,1.000000,False,False,True,False,resolved
SYNTHETIC,J00028,C00028,pay,PAYMENT,assisted,app,2024-07-08T01:01:12Z,1.302007,1,1,app,False,False,,,False,False,True,False,chose_abandon
SYNTHETIC,J00029,C00029,activate_roaming,SERVICES,assisted,app,2024-07-26T01:01:53Z,2.983194,4,3,app > call > ussd > call,False,False,,,True,True,True,True,max_contacts
SYNTHETIC,J00030,C00030,sign_up_for_plan,SUBSCRIPTION,assisted,ussd,2024-07-29T01:52:30Z,1.280739,1,1,ussd,True,True,ussd,1.000000,False,False,True,False,resolved
SYNTHETIC,J00031,C00031,check_usage,CONSUMPTION,self_service_candidate,call,2024-08-06T01:30:46Z,4.515686,1,1,call,True,True,call,1.000000,False,False,False,False,resolved
SYNTHETIC,J00032,C00032,check_usage,CONSUMPTION,self_service_candidate,ussd,2024-07-27T02:16:51Z,1.668069,1,1,ussd,True,True,ussd,1.000000,False,False,True,False,resolved
SYNTHETIC,J00033,C00033,report_poor_signal_coverage,COMPLAINTS,complaint,web,2024-07-20T05:49:54Z,3.081087,2,2,web > call,True,False,call,2.000000,True,True,True,True,resolved
SYNTHETIC,J00034,C00034,check_usage,CONSUMPTION,self_service_candidate,social,2024-07-09T14:50:06Z,8.870678,1,1,social,True,True,social,1.000000,False,False,True,False,resolved
SYNTHETIC,J00035,C00035,customer_service,CONTACT,assisted,ussd,2024-08-18T07:53:11Z,1.224302,1,1,ussd,True,True,ussd,1.000000,False,False,True,False,resolved
SYNTHETIC,J00036,C00036,report_problem,COMPLAINTS,complaint,social,2024-08-20T14:41:29Z,17.420348,1,1,social,False,False,,,False,False,True,False,chose_abandon
SYNTHETIC,J00037,C00037,deactivate_call_management_services,SERVICES,assisted,ussd,2024-08-14T10:37:38Z,0.434080,3,2,ussd > call > call,True,False,call,3.000000,True,True,True,True,resolved
SYNTHETIC,J00038,C00038,schedule_payments,PAYMENT,assisted,ussd,2024-06-21T19:07:22Z,0.955429,4,1,ussd > ussd > ussd > ussd,False,False,,,True,False,True,False,max_contacts
SYNTHETIC,J00039,C00039,check_mobile_payments,PAYMENT,self_service_candidate,app,2024-08-02T19:49:37Z,10.618751,1,1,app,True,True,app,1.000000,False,False,True,False,resolved
SYNTHETIC,J00040,C00040,human_agent,CONTACT,complaint,app,2024-07-28T12:32:26Z,2.395952,1,1,app,True,True,app,1.000000,False,False,True,False,resolved
SYNTHETIC,J00041,C00041,customer_service,CONTACT,assisted,web,2024-06-13T22:29:48Z,2.582163,1,1,web,True,True,web,1.000000,False,False,True,False,resolved
SYNTHETIC,J00042,C00042,schedule_payments,PAYMENT,assisted,social,2024-08-31T12:56:47Z,80.977410,4,3,social > app > call > call,False,False,,,True,True,True,True,max_contacts
SYNTHETIC,J00043,C00043,customer_service,CONTACT,assisted,social,2024-08-05T12:32:04Z,22.630491,2,2,social > app,False,False,,,True,True,True,False,chose_abandon
SYNTHETIC,J00044,C00044,check_usage,CONSUMPTION,self_service_candidate,app,2024-07-20T07:27:59Z,2.517138,1,1,app,True,True,app,1.000000,False,False,True,False,resolved
SYNTHETIC,J00045,C00045,report_poor_signal_coverage,COMPLAINTS,complaint,app,2024-08-12T09:57:51Z,2.152746,2,2,app > call,True,False,call,2.000000,True,True,True,True,resolved
SYNTHETIC,J00046,C00046,dispute_invoice,BILLING,complaint,call,2024-07-17T18:52:08Z,5.590050,2,1,call > call,False,False,,,True,False,False,False,chose_abandon
SYNTHETIC,J00047,C00047,human_agent,CONTACT,complaint,ussd,2024-06-12T21:02:26Z,0.814911,2,2,ussd > call,True,False,call,2.000000,True,True,True,True,resolved
SYNTHETIC,J00048,C00048,check_usage,CONSUMPTION,self_service_candidate,app,2024-06-04T07:42:32Z,1.969518,1,1,app,True,True,app,1.000000,False,False,True,False,resolved
SYNTHETIC,J00049,C00049,report_poor_signal_coverage,COMPLAINTS,complaint,call,2024-06-10T22:55:13Z,3.300304,1,1,call,True,True,call,1.000000,False,False,False,False,resolved
SYNTHETIC,J00050,C00050,check_mobile_payments,PAYMENT,self_service_candidate,call,2024-06-04T23:15:47Z,7.960119,1,1,call,True,True,call,1.000000,False,False,False,False,resolved
SYNTHETIC,J00051,C00051,invoices,BILLING,self_service_candidate,ussd,2024-07-08T16:38:06Z,0.882023,1,1,ussd,False,False,,,False,False,True,False,chose_abandon
SYNTHETIC,J00052,C00052,set_usage_limits,CONSUMPTION,assisted,app,2024-06-13T19:34:19Z,2.254121,2,2,app > call,True,False,call,2.000000,True,True,True,True,resolved
SYNTHETIC,J00053,C00053,check_usage,CONSUMPTION,self_service_candidate,ussd,2024-06-17T18:21:26Z,0.653210,1,1,ussd,True,True,ussd,1.000000,False,False,True,False,resolved
SYNTHETIC,J00054,C00054,invoices,BILLING,self_service_candidate,call,2024-06-16T22:15:39Z,4.139161,1,1,call,True,True,call,1.000000,False,False,False,False,resolved
SYNTHETIC,J00055,C00055,set_usage_limits,CONSUMPTION,assisted,ussd,2024-07-19T20:12:52Z,1.114972,2,2,ussd > call,True,False,call,2.000000,True,True,True,True,resolved
SYNTHETIC,J00056,C00056,check_excess_data_charges,CONSUMPTION,self_service_candidate,ussd,2024-07-17T14:48:16Z,1.167041,1,1,ussd,True,True,ussd,1.000000,False,False,True,False,resolved
SYNTHETIC,J00057,C00057,set_usage_limits,CONSUMPTION,assisted,app,2024-06-06T05:11:47Z,1.235421,3,3,app > web > call,True,False,call,3.000000,True,True,True,True,resolved
SYNTHETIC,J00058,C00058,change_provider,SUBSCRIPTION,assisted,app,2024-07-24T00:06:11Z,2.742308,1,1,app,True,True,app,1.000000,False,False,True,False,resolved
SYNTHETIC,J00059,C00059,report_poor_signal_coverage,COMPLAINTS,complaint,ussd,2024-06-11T02:35:23Z,0.780590,3,3,ussd > call > web,True,False,web,3.000000,True,True,True,True,resolved
SYNTHETIC,J00060,C00060,sign_up_for_plan,SUBSCRIPTION,assisted,ussd,2024-07-02T11:56:21Z,0.868166,3,2,ussd > call > call,True,False,call,3.000000,True,True,True,True,resolved
SYNTHETIC,J00061,C00061,deactivate_phone,SERVICES,assisted,social,2024-08-18T02:32:23Z,66.608451,1,1,social,True,True,social,1.000000,False,False,True,False,resolved
SYNTHETIC,J00062,C00062,check_mobile_payments,PAYMENT,self_service_candidate,social,2024-08-07T17:46:50Z,80.958089,1,1,social,True,True,social,1.000000,False,False,True,False,resolved
SYNTHETIC,J00063,C00063,schedule_payments,PAYMENT,assisted,social,2024-06-23T15:22:43Z,81.800394,2,2,social > app,True,False,app,2.000000,True,True,True,False,resolved
SYNTHETIC,J00064,C00064,invoices,BILLING,self_service_candidate,app,2024-06-18T01:18:16Z,0.926347,2,2,app > social,True,False,social,2.000000,True,True,True,False,resolved
SYNTHETIC,J00065,C00065,check_usage,CONSUMPTION,self_service_candidate,ussd,2024-08-02T19:15:54Z,0.745179,1,1,ussd,True,True,ussd,1.000000,False,False,True,False,resolved
SYNTHETIC,J00066,C00066,invoices,BILLING,self_service_candidate,app,2024-06-06T15:59:23Z,0.917839,1,1,app,True,True,app,1.000000,False,False,True,False,resolved
SYNTHETIC,J00067,C00067,get_compensation,COMPLAINTS,complaint,ussd,2024-06-29T15:44:03Z,0.676073,1,1,ussd,False,False,,,False,False,True,False,chose_abandon
SYNTHETIC,J00068,C00068,cancel_plan,SUBSCRIPTION,assisted,social,2024-06-21T20:51:58Z,31.325436,3,2,social > social > call,True,False,call,3.000000,True,True,True,True,resolved
SYNTHETIC,J00069,C00069,customer_service,CONTACT,assisted,social,2024-08-29T22:11:02Z,20.764162,2,2,social > call,True,False,call,2.000000,True,True,True,True,resolved
SYNTHETIC,J00070,C00070,change_plan,SUBSCRIPTION,assisted,call,2024-08-27T14:14:50Z,9.670940,1,1,call,True,True,call,1.000000,False,False,False,False,resolved
SYNTHETIC,J00071,C00071,cancel_plan,SUBSCRIPTION,assisted,ussd,2024-07-26T21:44:34Z,1.083541,1,1,ussd,True,True,ussd,1.000000,False,False,True,False,resolved
SYNTHETIC,J00072,C00072,report_problem,COMPLAINTS,complaint,app,2024-08-27T03:45:40Z,4.488930,4,3,app > app > ussd > call,False,False,,,True,True,True,True,max_contacts
SYNTHETIC,J00073,C00073,report_poor_signal_coverage,COMPLAINTS,complaint,ussd,2024-07-01T07:10:33Z,1.410285,1,1,ussd,False,False,,,False,False,True,False,chose_abandon
SYNTHETIC,J00074,C00074,customer_service,CONTACT,assisted,ussd,2024-08-14T12:00:27Z,1.391326,1,1,ussd,True,True,ussd,1.000000,False,False,True,False,resolved
SYNTHETIC,J00075,C00075,human_agent,CONTACT,complaint,social,2024-06-09T00:11:32Z,23.991596,4,3,social > call > app > call,True,False,call,4.000000,True,True,True,True,resolved
SYNTHETIC,J00076,C00076,report_problem,COMPLAINTS,complaint,app,2024-08-07T20:51:53Z,1.840605,2,2,app > social,True,False,social,2.000000,True,True,True,False,resolved
SYNTHETIC,J00077,C00077,check_usage,CONSUMPTION,self_service_candidate,call,2024-08-26T05:37:54Z,4.037807,1,1,call,True,True,call,1.000000,False,False,False,False,resolved
SYNTHETIC,J00078,C00078,report_problem,COMPLAINTS,complaint,ussd,2024-06-16T15:48:18Z,0.814471,1,1,ussd,True,True,ussd,1.000000,False,False,True,False,resolved
SYNTHETIC,J00079,C00079,dispute_invoice,BILLING,complaint,ussd,2024-08-21T07:05:45Z,1.459198,1,1,ussd,False,False,,,False,False,True,False,chose_abandon
SYNTHETIC,J00080,C00080,get_compensation,COMPLAINTS,complaint,app,2024-07-13T10:54:17Z,1.682127,1,1,app,True,True,app,1.000000,False,False,True,False,resolved
SYNTHETIC,J00081,C00081,dispute_invoice,BILLING,complaint,call,2024-07-03T08:33:40Z,7.098816,1,1,call,False,False,,,False,False,False,False,chose_abandon
SYNTHETIC,J00082,C00082,human_agent,CONTACT,complaint,app,2024-07-09T23:23:08Z,1.120631,2,2,app > call,True,False,call,2.000000,True,True,True,True,resolved
SYNTHETIC,J00083,C00083,check_excess_data_charges,CONSUMPTION,self_service_candidate,ussd,2024-07-11T20:11:46Z,1.091897,1,1,ussd,True,True,ussd,1.000000,False,False,True,False,resolved
SYNTHETIC,J00084,C00084,check_excess_data_charges,CONSUMPTION,self_service_candidate,ussd,2024-08-26T15:15:56Z,1.209878,2,2,ussd > call,True,False,call,2.000000,True,True,True,True,resolved
SYNTHETIC,J00085,C00085,change_plan,SUBSCRIPTION,assisted,web,2024-07-22T02:08:48Z,4.289605,3,3,web > ussd > call,True,False,call,3.000000,True,True,True,True,resolved
SYNTHETIC,J00086,C00086,activate_call_management_services,SERVICES,assisted,call,2024-07-10T07:32:15Z,6.085359,2,1,call > call,True,False,call,2.000000,True,False,False,False,resolved
SYNTHETIC,J00087,C00087,check_mobile_payments,PAYMENT,self_service_candidate,social,2024-07-04T16:31:18Z,63.787034,2,1,social > social,False,False,,,True,False,True,False,chose_abandon
SYNTHETIC,J00088,C00088,payment_methods,PAYMENT,self_service_candidate,ussd,2024-07-05T16:54:53Z,2.017591,1,1,ussd,True,True,ussd,1.000000,False,False,True,False,resolved
SYNTHETIC,J00089,C00089,payment_methods,PAYMENT,self_service_candidate,web,2024-08-10T02:36:33Z,1.819501,1,1,web,True,True,web,1.000000,False,False,True,False,resolved
SYNTHETIC,J00090,C00090,report_poor_signal_coverage,COMPLAINTS,complaint,ussd,2024-06-27T18:19:53Z,0.726628,1,1,ussd,False,False,,,False,False,True,False,chose_abandon
SYNTHETIC,J00091,C00091,cancel_plan,SUBSCRIPTION,assisted,app,2024-08-23T22:45:34Z,3.976844,1,1,app,True,True,app,1.000000,False,False,True,False,resolved
SYNTHETIC,J00092,C00092,invoices,BILLING,self_service_candidate,ussd,2024-07-02T03:17:23Z,1.498998,1,1,ussd,True,True,ussd,1.000000,False,False,True,False,resolved
SYNTHETIC,J00093,C00093,pay,PAYMENT,assisted,web,2024-07-23T18:31:35Z,2.794606,1,1,web,True,True,web,1.000000,False,False,True,False,resolved
SYNTHETIC,J00094,C00094,check_excess_data_charges,CONSUMPTION,self_service_candidate,ussd,2024-08-30T12:38:14Z,0.743936,1,1,ussd,True,True,ussd,1.000000,False,False,True,False,resolved
SYNTHETIC,J00095,C00095,deactivate_phone,SERVICES,assisted,app,2024-07-15T07:31:39Z,2.299798,3,2,app > call > call,True,False,call,3.000000,True,True,True,True,resolved
SYNTHETIC,J00096,C00096,human_agent,CONTACT,complaint,web,2024-06-21T00:56:39Z,4.745078,1,1,web,True,True,web,1.000000,False,False,True,False,resolved
SYNTHETIC,J00097,C00097,change_provider,SUBSCRIPTION,assisted,app,2024-08-01T08:24:51Z,1.523655,1,1,app,True,True,app,1.000000,False,False,True,False,resolved
SYNTHETIC,J00098,C00098,human_agent,CONTACT,complaint,web,2024-07-01T04:09:53Z,6.017922,4,2,web > call > call > call,False,False,,,True,True,True,True,max_contacts
SYNTHETIC,J00099,C00099,invoices,BILLING,self_service_candidate,call,2024-08-08T23:48:31Z,6.485573,1,1,call,True,True,call,1.000000,False,False,False,False,resolved
SYNTHETIC,J00100,C00100,invoices,BILLING,self_service_candidate,call,2024-06-13T18:59:07Z,2.921208,1,1,call,True,True,call,1.000000,False,False,False,False,resolved
SYNTHETIC,J00101,C00101,schedule_payments,PAYMENT,assisted,app,2024-06-05T20:13:27Z,1.150185,1,1,app,True,True,app,1.000000,False,False,True,False,resolved
SYNTHETIC,J00102,C00102,report_poor_signal_coverage,COMPLAINTS,complaint,ussd,2024-07-04T04:59:38Z,0.769945,1,1,ussd,True,True,ussd,1.000000,False,False,True,False,resolved
SYNTHETIC,J00103,C00103,check_excess_data_charges,CONSUMPTION,self_service_candidate,app,2024-06-04T14:15:04Z,0.675326,1,1,app,True,True,app,1.000000,False,False,True,False,resolved
SYNTHETIC,J00104,C00104,activate_call_management_services,SERVICES,assisted,app,2024-07-13T08:11:21Z,1.063258,1,1,app,True,True,app,1.000000,False,False,True,False,resolved
SYNTHETIC,J00105,C00105,pay,PAYMENT,assisted,social,2024-06-20T19:33:10Z,69.740822,1,1,social,True,True,social,1.000000,False,False,True,False,resolved
SYNTHETIC,J00106,C00106,check_signal_coverage,SERVICES,self_service_candidate,ussd,2024-06-09T02:33:07Z,1.164846,1,1,ussd,True,True,ussd,1.000000,False,False,True,False,resolved
SYNTHETIC,J00107,C00107,activate_roaming,SERVICES,assisted,call,2024-07-07T12:47:05Z,4.362029,1,1,call,True,True,call,1.000000,False,False,False,False,resolved
SYNTHETIC,J00108,C00108,check_usage,CONSUMPTION,self_service_candidate,web,2024-06-29T12:06:47Z,5.178737,1,1,web,True,True,web,1.000000,False,False,True,False,resolved
SYNTHETIC,J00109,C00109,report_problem,COMPLAINTS,complaint,social,2024-08-20T20:25:57Z,33.967439,1,1,social,True,True,social,1.000000,False,False,True,False,resolved
SYNTHETIC,J00110,C00110,check_excess_data_charges,CONSUMPTION,self_service_candidate,call,2024-06-10T02:52:29Z,4.671217,1,1,call,True,True,call,1.000000,False,False,False,False,resolved
SYNTHETIC,J00111,C00111,payment_methods,PAYMENT,self_service_candidate,ussd,2024-07-10T14:42:00Z,1.947721,1,1,ussd,True,True,ussd,1.000000,False,False,True,False,resolved
SYNTHETIC,J00112,C00112,check_excess_data_charges,CONSUMPTION,self_service_candidate,ussd,2024-07-29T00:42:23Z,0.683785,1,1,ussd,True,True,ussd,1.000000,False,False,True,False,resolved
SYNTHETIC,J00113,C00113,pay,PAYMENT,assisted,ussd,2024-08-01T01:11:36Z,1.346717,1,1,ussd,False,False,,,False,False,True,False,chose_abandon
SYNTHETIC,J00114,C00114,check_signal_coverage,SERVICES,self_service_candidate,app,2024-08-15T00:28:22Z,4.455689,1,1,app,True,True,app,1.000000,False,False,True,False,resolved
SYNTHETIC,J00115,C00115,change_plan,SUBSCRIPTION,assisted,ussd,2024-07-12T08:15:56Z,0.785876,2,2,ussd > app,True,False,app,2.000000,True,True,True,False,resolved
SYNTHETIC,J00116,C00116,human_agent,CONTACT,complaint,social,2024-06-20T11:57:11Z,18.914668,4,3,social > social > call > ussd,False,False,,,True,True,True,True,max_contacts
SYNTHETIC,J00117,C00117,check_usage,CONSUMPTION,self_service_candidate,app,2024-06-07T05:32:35Z,0.906260,1,1,app,True,True,app,1.000000,False,False,True,False,resolved
SYNTHETIC,J00118,C00118,invoices,BILLING,self_service_candidate,social,2024-06-19T11:47:59Z,3.615516,1,1,social,True,True,social,1.000000,False,False,True,False,resolved
SYNTHETIC,J00119,C00119,customer_service,CONTACT,assisted,web,2024-08-29T03:54:47Z,4.241430,1,1,web,True,True,web,1.000000,False,False,True,False,resolved
SYNTHETIC,J00120,C00120,report_poor_signal_coverage,COMPLAINTS,complaint,app,2024-07-04T12:42:04Z,2.490958,1,1,app,True,True,app,1.000000,False,False,True,False,resolved
SYNTHETIC,J00121,C00121,pay,PAYMENT,assisted,app,2024-07-14T02:21:27Z,2.664983,4,2,app > call > call > call,False,False,,,True,True,True,True,max_contacts
SYNTHETIC,J00122,C00122,check_excess_data_charges,CONSUMPTION,self_service_candidate,ussd,2024-07-03T01:55:01Z,0.545770,2,2,ussd > web,True,False,web,2.000000,True,True,True,False,resolved
SYNTHETIC,J00123,C00123,install_internet,SERVICES,assisted,ussd,2024-06-24T16:56:24Z,0.780977,4,3,ussd > app > call > call,False,False,,,True,True,True,True,max_contacts
SYNTHETIC,J00124,C00124,check_usage,CONSUMPTION,self_service_candidate,ussd,2024-07-11T23:28:16Z,0.852298,1,1,ussd,True,True,ussd,1.000000,False,False,True,False,resolved
SYNTHETIC,J00125,C00125,customer_service,CONTACT,assisted,app,2024-06-12T14:11:07Z,4.446940,1,1,app,True,True,app,1.000000,False,False,True,False,resolved
SYNTHETIC,J00126,C00126,report_problem,COMPLAINTS,complaint,ussd,2024-07-18T04:17:16Z,0.999683,3,2,ussd > ussd > call,False,False,,,True,True,True,True,chose_abandon
SYNTHETIC,J00127,C00127,check_usage,CONSUMPTION,self_service_candidate,app,2024-08-31T01:30:17Z,1.358364,1,1,app,True,True,app,1.000000,False,False,True,False,resolved
SYNTHETIC,J00128,C00128,report_problem,COMPLAINTS,complaint,ussd,2024-08-13T00:01:59Z,0.670721,4,3,ussd > app > app > call,False,False,,,True,True,True,True,max_contacts
SYNTHETIC,J00129,C00129,invoices,BILLING,self_service_candidate,social,2024-07-18T17:32:34Z,29.369691,1,1,social,True,True,social,1.000000,False,False,True,False,resolved
SYNTHETIC,J00130,C00130,activate_call_management_services,SERVICES,assisted,social,2024-08-25T07:36:33Z,20.140605,1,1,social,True,True,social,1.000000,False,False,True,False,resolved
SYNTHETIC,J00131,C00131,check_usage,CONSUMPTION,self_service_candidate,web,2024-07-25T18:28:20Z,10.557636,1,1,web,True,True,web,1.000000,False,False,True,False,resolved
SYNTHETIC,J00132,C00132,check_excess_data_charges,CONSUMPTION,self_service_candidate,app,2024-07-13T21:55:47Z,2.044778,3,2,app > call > call,True,False,call,3.000000,True,True,True,True,resolved
SYNTHETIC,J00133,C00133,check_mobile_payments,PAYMENT,self_service_candidate,ussd,2024-06-08T06:13:32Z,0.863508,1,1,ussd,True,True,ussd,1.000000,False,False,True,False,resolved
SYNTHETIC,J00134,C00134,change_provider,SUBSCRIPTION,assisted,call,2024-08-26T14:32:56Z,7.059508,1,1,call,True,True,call,1.000000,False,False,False,False,resolved
SYNTHETIC,J00135,C00135,report_problem,COMPLAINTS,complaint,social,2024-08-30T05:28:15Z,71.710437,1,1,social,True,True,social,1.000000,False,False,True,False,resolved
SYNTHETIC,J00136,C00136,get_compensation,COMPLAINTS,complaint,ussd,2024-08-28T10:00:29Z,2.093743,3,2,ussd > ussd > call,True,False,call,3.000000,True,True,True,True,resolved
SYNTHETIC,J00137,C00137,change_plan,SUBSCRIPTION,assisted,ussd,2024-08-06T04:54:59Z,2.144047,1,1,ussd,True,True,ussd,1.000000,False,False,True,False,resolved
SYNTHETIC,J00138,C00138,payment_methods,PAYMENT,self_service_candidate,web,2024-08-18T00:32:27Z,3.076962,4,3,web > ussd > call > web,False,False,,,True,True,True,True,max_contacts
SYNTHETIC,J00139,C00139,check_usage,CONSUMPTION,self_service_candidate,ussd,2024-06-30T09:03:32Z,0.929066,1,1,ussd,True,True,ussd,1.000000,False,False,True,False,resolved
SYNTHETIC,J00140,C00140,activate_roaming,SERVICES,assisted,app,2024-06-22T23:39:53Z,3.234343,2,2,app > call,True,False,call,2.000000,True,True,True,True,resolved
SYNTHETIC,J00141,C00141,check_usage,CONSUMPTION,self_service_candidate,ussd,2024-09-01T02:51:28Z,2.025859,1,1,ussd,True,True,ussd,1.000000,False,False,True,False,resolved
SYNTHETIC,J00142,C00142,report_poor_signal_coverage,COMPLAINTS,complaint,call,2024-08-25T19:37:24Z,4.983620,1,1,call,True,True,call,1.000000,False,False,False,False,resolved
SYNTHETIC,J00143,C00143,set_usage_limits,CONSUMPTION,assisted,app,2024-08-10T10:45:44Z,1.938367,2,2,app > call,True,False,call,2.000000,True,True,True,True,resolved
SYNTHETIC,J00144,C00144,check_excess_data_charges,CONSUMPTION,self_service_candidate,app,2024-06-08T13:00:11Z,1.032393,1,1,app,True,True,app,1.000000,False,False,True,False,resolved
SYNTHETIC,J00145,C00145,report_poor_signal_coverage,COMPLAINTS,complaint,ussd,2024-08-20T06:11:48Z,2.581760,3,3,ussd > app > social,False,False,,,True,True,True,False,chose_abandon
SYNTHETIC,J00146,C00146,dispute_invoice,BILLING,complaint,ussd,2024-07-09T05:16:28Z,3.221086,3,2,ussd > call > call,True,False,call,3.000000,True,True,True,True,resolved
SYNTHETIC,J00147,C00147,check_cancellation_fee,SUBSCRIPTION,self_service_candidate,social,2024-07-22T15:48:53Z,23.248805,1,1,social,True,True,social,1.000000,False,False,True,False,resolved
SYNTHETIC,J00148,C00148,human_agent,CONTACT,complaint,call,2024-08-25T22:58:56Z,5.250884,3,2,call > web > call,True,False,call,3.000000,True,True,False,False,resolved
SYNTHETIC,J00149,C00149,dispute_invoice,BILLING,complaint,social,2024-08-18T08:38:16Z,17.057420,4,3,social > call > web > call,False,False,,,True,True,True,True,max_contacts
SYNTHETIC,J00150,C00150,check_cancellation_fee,SUBSCRIPTION,self_service_candidate,app,2024-07-17T21:44:52Z,2.361332,1,1,app,True,True,app,1.000000,False,False,True,False,resolved
SYNTHETIC,J00151,C00151,human_agent,CONTACT,complaint,social,2024-07-19T22:12:35Z,12.571760,1,1,social,True,True,social,1.000000,False,False,True,False,resolved
SYNTHETIC,J00152,C00152,invoices,BILLING,self_service_candidate,ussd,2024-08-15T11:15:19Z,1.064259,1,1,ussd,True,True,ussd,1.000000,False,False,True,False,resolved
SYNTHETIC,J00153,C00153,human_agent,CONTACT,complaint,call,2024-07-28T05:33:42Z,5.906594,4,1,call > call > call > call,False,False,,,True,False,False,False,max_contacts
SYNTHETIC,J00154,C00154,check_usage,CONSUMPTION,self_service_candidate,web,2024-06-17T20:20:57Z,8.411762,1,1,web,True,True,web,1.000000,False,False,True,False,resolved
SYNTHETIC,J00155,C00155,check_signal_coverage,SERVICES,self_service_candidate,ussd,2024-06-14T01:59:04Z,1.266859,1,1,ussd,True,True,ussd,1.000000,False,False,True,False,resolved
SYNTHETIC,J00156,C00156,set_usage_limits,CONSUMPTION,assisted,app,2024-07-02T15:45:56Z,1.049113,1,1,app,True,True,app,1.000000,False,False,True,False,resolved
SYNTHETIC,J00157,C00157,check_usage,CONSUMPTION,self_service_candidate,app,2024-06-30T04:59:43Z,3.218927,1,1,app,True,True,app,1.000000,False,False,True,False,resolved
SYNTHETIC,J00158,C00158,check_usage,CONSUMPTION,self_service_candidate,ussd,2024-06-21T03:23:03Z,1.622204,1,1,ussd,True,True,ussd,1.000000,False,False,True,False,resolved
SYNTHETIC,J00159,C00159,check_usage,CONSUMPTION,self_service_candidate,web,2024-06-07T21:06:33Z,5.053960,1,1,web,True,True,web,1.000000,False,False,True,False,resolved
SYNTHETIC,J00160,C00160,check_usage,CONSUMPTION,self_service_candidate,web,2024-06-20T02:56:28Z,4.718093,1,1,web,True,True,web,1.000000,False,False,True,False,resolved
SYNTHETIC,J00161,C00161,install_internet,SERVICES,assisted,social,2024-07-05T03:01:03Z,27.670869,3,3,social > call > web,True,False,web,3.000000,True,True,True,True,resolved
SYNTHETIC,J00162,C00162,check_usage,CONSUMPTION,self_service_candidate,call,2024-07-12T22:18:41Z,6.362358,1,1,call,True,True,call,1.000000,False,False,False,False,resolved
SYNTHETIC,J00163,C00163,report_problem,COMPLAINTS,complaint,app,2024-07-24T22:14:04Z,3.656874,1,1,app,True,True,app,1.000000,False,False,True,False,resolved
SYNTHETIC,J00164,C00164,check_usage,CONSUMPTION,self_service_candidate,social,2024-08-02T11:43:50Z,24.393587,1,1,social,True,True,social,1.000000,False,False,True,False,resolved
SYNTHETIC,J00165,C00165,pay,PAYMENT,assisted,call,2024-06-12T20:57:27Z,2.909421,1,1,call,True,True,call,1.000000,False,False,False,False,resolved
SYNTHETIC,J00166,C00166,pay,PAYMENT,assisted,ussd,2024-06-13T06:44:06Z,0.570099,2,2,ussd > call,True,False,call,2.000000,True,True,True,True,resolved
SYNTHETIC,J00167,C00167,pay,PAYMENT,assisted,call,2024-06-11T22:04:17Z,7.629106,1,1,call,True,True,call,1.000000,False,False,False,False,resolved
SYNTHETIC,J00168,C00168,check_cancellation_fee,SUBSCRIPTION,self_service_candidate,ussd,2024-06-15T10:05:10Z,0.940279,1,1,ussd,True,True,ussd,1.000000,False,False,True,False,resolved
SYNTHETIC,J00169,C00169,human_agent,CONTACT,complaint,ussd,2024-08-26T07:47:33Z,1.080614,2,2,ussd > call,True,False,call,2.000000,True,True,True,True,resolved
SYNTHETIC,J00170,C00170,dispute_invoice,BILLING,complaint,social,2024-08-27T16:15:25Z,23.990849,1,1,social,False,False,,,False,False,True,False,chose_abandon
SYNTHETIC,J00171,C00171,activate_roaming,SERVICES,assisted,ussd,2024-07-03T00:57:59Z,3.155510,4,2,ussd > call > call > call,False,False,,,True,True,True,True,max_contacts
SYNTHETIC,J00172,C00172,customer_service,CONTACT,assisted,app,2024-08-04T01:46:55Z,1.303770,1,1,app,True,True,app,1.000000,False,False,True,False,resolved
SYNTHETIC,J00173,C00173,check_excess_data_charges,CONSUMPTION,self_service_candidate,web,2024-06-22T03:45:08Z,3.433336,1,1,web,True,True,web,1.000000,False,False,True,False,resolved
SYNTHETIC,J00174,C00174,pay,PAYMENT,assisted,app,2024-06-25T20:30:03Z,1.665220,1,1,app,True,True,app,1.000000,False,False,True,False,resolved
SYNTHETIC,J00175,C00175,cancel_plan,SUBSCRIPTION,assisted,ussd,2024-08-22T12:52:38Z,1.172064,1,1,ussd,True,True,ussd,1.000000,False,False,True,False,resolved
SYNTHETIC,J00176,C00176,customer_service,CONTACT,assisted,ussd,2024-08-15T22:03:09Z,0.801571,2,2,ussd > call,True,False,call,2.000000,True,True,True,True,resolved
SYNTHETIC,J00177,C00177,activate_phone,SERVICES,assisted,ussd,2024-06-25T23:29:11Z,0.940603,1,1,ussd,True,True,ussd,1.000000,False,False,True,False,resolved
SYNTHETIC,J00178,C00178,report_problem,COMPLAINTS,complaint,ussd,2024-06-17T21:10:11Z,1.164998,2,2,ussd > call,False,False,,,True,True,True,True,chose_abandon
SYNTHETIC,J00179,C00179,get_compensation,COMPLAINTS,complaint,call,2024-06-18T16:32:19Z,6.519995,3,1,call > call > call,False,False,,,True,False,False,False,chose_abandon
SYNTHETIC,J00180,C00180,sign_up_for_plan,SUBSCRIPTION,assisted,app,2024-06-10T06:40:14Z,2.247545,1,1,app,True,True,app,1.000000,False,False,True,False,resolved
SYNTHETIC,J00181,C00181,deactivate_phone,SERVICES,assisted,call,2024-06-16T11:30:23Z,6.363330,1,1,call,True,True,call,1.000000,False,False,False,False,resolved
SYNTHETIC,J00182,C00182,deactivate_phone,SERVICES,assisted,call,2024-06-06T19:48:37Z,6.689490,1,1,call,True,True,call,1.000000,False,False,False,False,resolved
SYNTHETIC,J00183,C00183,invoices,BILLING,self_service_candidate,app,2024-06-23T11:26:55Z,0.849887,1,1,app,True,True,app,1.000000,False,False,True,False,resolved
SYNTHETIC,J00184,C00184,check_usage,CONSUMPTION,self_service_candidate,call,2024-08-19T03:18:51Z,4.416123,1,1,call,True,True,call,1.000000,False,False,False,False,resolved
SYNTHETIC,J00185,C00185,check_usage,CONSUMPTION,self_service_candidate,ussd,2024-07-11T23:41:13Z,0.749432,1,1,ussd,True,True,ussd,1.000000,False,False,True,False,resolved
SYNTHETIC,J00186,C00186,install_internet,SERVICES,assisted,ussd,2024-07-23T09:40:18Z,1.912197,2,2,ussd > web,True,False,web,2.000000,True,True,True,False,resolved
SYNTHETIC,J00187,C00187,report_problem,COMPLAINTS,complaint,call,2024-06-29T17:53:48Z,5.699065,1,1,call,False,False,,,False,False,False,False,chose_abandon
SYNTHETIC,J00188,C00188,report_problem,COMPLAINTS,complaint,call,2024-06-16T12:45:07Z,3.256639,2,1,call > call,False,False,,,True,False,False,False,chose_abandon
SYNTHETIC,J00189,C00189,sign_up_for_plan,SUBSCRIPTION,assisted,app,2024-06-16T11:24:29Z,1.204556,1,1,app,False,False,,,False,False,True,False,chose_abandon
SYNTHETIC,J00190,C00190,check_usage,CONSUMPTION,self_service_candidate,app,2024-07-07T13:27:40Z,1.955343,1,1,app,True,True,app,1.000000,False,False,True,False,resolved
SYNTHETIC,J00191,C00191,check_mobile_payments,PAYMENT,self_service_candidate,app,2024-06-12T23:42:12Z,5.913238,1,1,app,True,True,app,1.000000,False,False,True,False,resolved
SYNTHETIC,J00192,C00192,pay,PAYMENT,assisted,ussd,2024-06-06T18:52:04Z,1.268576,3,2,ussd > call > call,True,False,call,3.000000,True,True,True,True,resolved
SYNTHETIC,J00193,C00193,schedule_payments,PAYMENT,assisted,call,2024-06-19T09:11:59Z,7.966579,1,1,call,True,True,call,1.000000,False,False,False,False,resolved
SYNTHETIC,J00194,C00194,change_plan,SUBSCRIPTION,assisted,web,2024-08-01T09:57:37Z,4.133959,1,1,web,False,False,,,False,False,True,False,chose_abandon
SYNTHETIC,J00195,C00195,cancel_plan,SUBSCRIPTION,assisted,ussd,2024-06-04T09:38:00Z,0.579757,1,1,ussd,True,True,ussd,1.000000,False,False,True,False,resolved
SYNTHETIC,J00196,C00196,report_problem,COMPLAINTS,complaint,call,2024-06-23T12:44:26Z,8.472993,1,1,call,True,True,call,1.000000,False,False,False,False,resolved
SYNTHETIC,J00197,C00197,invoices,BILLING,self_service_candidate,ussd,2024-07-25T06:06:31Z,0.589807,1,1,ussd,True,True,ussd,1.000000,False,False,True,False,resolved
SYNTHETIC,J00198,C00198,check_usage,CONSUMPTION,self_service_candidate,app,2024-06-15T10:09:27Z,3.582631,1,1,app,True,True,app,1.000000,False,False,True,False,resolved
SYNTHETIC,J00199,C00199,human_agent,CONTACT,complaint,ussd,2024-06-27T11:18:01Z,0.739437,2,1,ussd > ussd,True,False,ussd,2.000000,True,False,True,False,resolved
SYNTHETIC,J00200,C00200,check_usage,CONSUMPTION,self_service_candidate,call,2024-08-24T23:30:04Z,3.325349,1,1,call,True,True,call,1.000000,False,False,False,False,resolved
SYNTHETIC,J00201,C00201,check_excess_data_charges,CONSUMPTION,self_service_candidate,call,2024-08-01T22:10:59Z,7.509347,1,1,call,True,True,call,1.000000,False,False,False,False,resolved
SYNTHETIC,J00202,C00202,report_poor_signal_coverage,COMPLAINTS,complaint,ussd,2024-08-16T11:46:14Z,1.193701,1,1,ussd,False,False,,,False,False,True,False,chose_abandon
SYNTHETIC,J00203,C00203,invoices,BILLING,self_service_candidate,ussd,2024-08-22T16:20:29Z,0.633422,1,1,ussd,True,True,ussd,1.000000,False,False,True,False,resolved
SYNTHETIC,J00204,C00204,report_problem,COMPLAINTS,complaint,app,2024-08-24T04:04:31Z,1.988798,2,1,app > app,True,False,app,2.000000,True,False,True,False,resolved
SYNTHETIC,J00205,C00205,invoices,BILLING,self_service_candidate,call,2024-07-26T16:29:06Z,7.068391,1,1,call,True,True,call,1.000000,False,False,False,False,resolved
SYNTHETIC,J00206,C00206,get_compensation,COMPLAINTS,complaint,web,2024-07-08T07:58:17Z,7.153296,2,2,web > call,True,False,call,2.000000,True,True,True,True,resolved
SYNTHETIC,J00207,C00207,set_usage_limits,CONSUMPTION,assisted,ussd,2024-06-27T04:18:51Z,1.374014,3,2,ussd > call > call,True,False,call,3.000000,True,True,True,True,resolved
SYNTHETIC,J00208,C00208,report_problem,COMPLAINTS,complaint,ussd,2024-07-07T05:47:54Z,1.190323,3,2,ussd > ussd > call,False,False,,,True,True,True,True,chose_abandon
SYNTHETIC,J00209,C00209,report_problem,COMPLAINTS,complaint,social,2024-06-29T10:23:59Z,18.149914,2,2,social > call,True,False,call,2.000000,True,True,True,True,resolved
SYNTHETIC,J00210,C00210,check_usage,CONSUMPTION,self_service_candidate,call,2024-07-17T10:24:09Z,3.736510,1,1,call,True,True,call,1.000000,False,False,False,False,resolved
SYNTHETIC,J00211,C00211,check_usage,CONSUMPTION,self_service_candidate,ussd,2024-07-27T16:04:05Z,0.752639,1,1,ussd,True,True,ussd,1.000000,False,False,True,False,resolved
SYNTHETIC,J00212,C00212,change_plan,SUBSCRIPTION,assisted,app,2024-06-08T23:00:50Z,2.402894,2,1,app > app,False,False,,,True,False,True,False,chose_abandon
SYNTHETIC,J00213,C00213,pay,PAYMENT,assisted,app,2024-08-31T23:19:33Z,3.024340,1,1,app,True,True,app,1.000000,False,False,True,False,resolved
SYNTHETIC,J00214,C00214,pay,PAYMENT,assisted,ussd,2024-07-17T22:58:46Z,0.982241,2,2,ussd > web,True,False,web,2.000000,True,True,True,False,resolved
SYNTHETIC,J00215,C00215,dispute_invoice,BILLING,complaint,call,2024-07-22T17:16:11Z,6.699516,1,1,call,True,True,call,1.000000,False,False,False,False,resolved
SYNTHETIC,J00216,C00216,invoices,BILLING,self_service_candidate,app,2024-07-20T08:18:48Z,2.086395,1,1,app,True,True,app,1.000000,False,False,True,False,resolved
SYNTHETIC,J00217,C00217,activate_roaming,SERVICES,assisted,call,2024-06-21T13:09:24Z,5.696278,1,1,call,True,True,call,1.000000,False,False,False,False,resolved
SYNTHETIC,J00218,C00218,report_problem,COMPLAINTS,complaint,call,2024-06-24T14:46:25Z,9.045124,2,1,call > call,True,False,call,2.000000,True,False,False,False,resolved
SYNTHETIC,J00219,C00219,check_usage,CONSUMPTION,self_service_candidate,ussd,2024-06-17T08:16:45Z,1.113266,1,1,ussd,True,True,ussd,1.000000,False,False,True,False,resolved
SYNTHETIC,J00220,C00220,check_signal_coverage,SERVICES,self_service_candidate,ussd,2024-06-16T10:59:22Z,1.915415,1,1,ussd,True,True,ussd,1.000000,False,False,True,False,resolved
SYNTHETIC,J00221,C00221,activate_call_management_services,SERVICES,assisted,ussd,2024-06-17T03:59:46Z,0.756446,1,1,ussd,True,True,ussd,1.000000,False,False,True,False,resolved
SYNTHETIC,J00222,C00222,check_usage,CONSUMPTION,self_service_candidate,app,2024-08-02T00:52:51Z,2.162128,1,1,app,True,True,app,1.000000,False,False,True,False,resolved
SYNTHETIC,J00223,C00223,check_usage,CONSUMPTION,self_service_candidate,web,2024-06-28T10:33:06Z,5.012271,1,1,web,False,False,,,False,False,True,False,chose_abandon
SYNTHETIC,J00224,C00224,dispute_invoice,BILLING,complaint,ussd,2024-08-09T23:23:28Z,0.456739,1,1,ussd,True,True,ussd,1.000000,False,False,True,False,resolved
SYNTHETIC,J00225,C00225,change_plan,SUBSCRIPTION,assisted,call,2024-07-27T09:57:44Z,3.659645,4,1,call > call > call > call,True,False,call,4.000000,True,False,False,False,resolved
SYNTHETIC,J00226,C00226,check_mobile_payments,PAYMENT,self_service_candidate,app,2024-07-04T22:29:08Z,1.008270,1,1,app,True,True,app,1.000000,False,False,True,False,resolved
SYNTHETIC,J00227,C00227,check_usage,CONSUMPTION,self_service_candidate,call,2024-07-16T23:49:19Z,4.625877,1,1,call,True,True,call,1.000000,False,False,False,False,resolved
SYNTHETIC,J00228,C00228,report_poor_signal_coverage,COMPLAINTS,complaint,call,2024-08-11T00:51:24Z,30.235529,1,1,call,True,True,call,1.000000,False,False,False,False,resolved
SYNTHETIC,J00229,C00229,change_plan,SUBSCRIPTION,assisted,social,2024-07-26T08:29:50Z,21.971148,2,2,social > call,True,False,call,2.000000,True,True,True,True,resolved
SYNTHETIC,J00230,C00230,report_problem,COMPLAINTS,complaint,social,2024-08-23T19:50:34Z,13.210912,3,2,social > social > call,True,False,call,3.000000,True,True,True,True,resolved
SYNTHETIC,J00231,C00231,dispute_invoice,BILLING,complaint,web,2024-06-24T08:21:40Z,8.923663,4,3,web > app > call > web,False,False,,,True,True,True,True,max_contacts
SYNTHETIC,J00232,C00232,invoices,BILLING,self_service_candidate,app,2024-08-21T03:45:29Z,1.775294,1,1,app,True,True,app,1.000000,False,False,True,False,resolved
SYNTHETIC,J00233,C00233,check_excess_data_charges,CONSUMPTION,self_service_candidate,web,2024-07-15T00:31:05Z,3.780703,1,1,web,True,True,web,1.000000,False,False,True,False,resolved
SYNTHETIC,J00234,C00234,invoices,BILLING,self_service_candidate,ussd,2024-08-01T11:20:41Z,1.171896,1,1,ussd,True,True,ussd,1.000000,False,False,True,False,resolved
SYNTHETIC,J00235,C00235,get_compensation,COMPLAINTS,complaint,call,2024-06-14T17:34:01Z,4.495582,1,1,call,True,True,call,1.000000,False,False,False,False,resolved
SYNTHETIC,J00236,C00236,change_plan,SUBSCRIPTION,assisted,ussd,2024-07-15T13:07:55Z,0.910588,2,2,ussd > call,True,False,call,2.000000,True,True,True,True,resolved
SYNTHETIC,J00237,C00237,human_agent,CONTACT,complaint,social,2024-08-14T15:10:31Z,20.629961,4,4,social > call > ussd > app,False,False,,,True,True,True,True,max_contacts
SYNTHETIC,J00238,C00238,report_problem,COMPLAINTS,complaint,web,2024-07-11T17:23:35Z,10.449267,3,2,web > web > call,False,False,,,True,True,True,True,chose_abandon
SYNTHETIC,J00239,C00239,check_usage,CONSUMPTION,self_service_candidate,call,2024-08-11T09:05:32Z,10.539886,2,2,call > ussd,True,False,ussd,2.000000,True,True,False,False,resolved
SYNTHETIC,J00240,C00240,customer_service,CONTACT,assisted,app,2024-06-16T13:23:48Z,1.115755,1,1,app,True,True,app,1.000000,False,False,True,False,resolved
SYNTHETIC,J00241,C00241,get_compensation,COMPLAINTS,complaint,ussd,2024-08-28T10:23:59Z,1.360093,2,2,ussd > call,True,False,call,2.000000,True,True,True,True,resolved
SYNTHETIC,J00242,C00242,schedule_payments,PAYMENT,assisted,ussd,2024-08-22T10:28:54Z,1.052380,1,1,ussd,True,True,ussd,1.000000,False,False,True,False,resolved
SYNTHETIC,J00243,C00243,check_excess_data_charges,CONSUMPTION,self_service_candidate,social,2024-07-02T09:42:43Z,33.393804,4,3,social > social > call > ussd,True,False,ussd,4.000000,True,True,True,True,resolved
SYNTHETIC,J00244,C00244,check_mobile_payments,PAYMENT,self_service_candidate,ussd,2024-06-14T21:26:39Z,3.494471,1,1,ussd,True,True,ussd,1.000000,False,False,True,False,resolved
SYNTHETIC,J00245,C00245,invoices,BILLING,self_service_candidate,call,2024-06-08T22:30:36Z,3.632522,2,2,call > social,True,False,social,2.000000,True,True,False,False,resolved
SYNTHETIC,J00246,C00246,invoices,BILLING,self_service_candidate,ussd,2024-06-08T13:43:38Z,1.572946,2,2,ussd > call,True,False,call,2.000000,True,True,True,True,resolved
SYNTHETIC,J00247,C00247,get_compensation,COMPLAINTS,complaint,app,2024-06-23T05:11:03Z,1.953442,3,2,app > call > call,True,False,call,3.000000,True,True,True,True,resolved
SYNTHETIC,J00248,C00248,report_problem,COMPLAINTS,complaint,ussd,2024-08-22T11:42:17Z,0.816295,2,2,ussd > call,True,False,call,2.000000,True,True,True,True,resolved
SYNTHETIC,J00249,C00249,dispute_invoice,BILLING,complaint,ussd,2024-06-08T11:09:11Z,1.153702,2,2,ussd > call,True,False,call,2.000000,True,True,True,True,resolved
SYNTHETIC,J00250,C00250,change_provider,SUBSCRIPTION,assisted,ussd,2024-07-05T04:20:45Z,1.282921,2,1,ussd > ussd,True,False,ussd,2.000000,True,False,True,False,resolved
SYNTHETIC,J00251,C00251,report_problem,COMPLAINTS,complaint,ussd,2024-06-05T21:13:11Z,0.600561,2,2,ussd > call,True,False,call,2.000000,True,True,True,True,resolved
SYNTHETIC,J00252,C00252,dispute_invoice,BILLING,complaint,ussd,2024-07-17T14:49:09Z,1.145686,4,2,ussd > ussd > call > call,True,False,call,4.000000,True,True,True,True,resolved
SYNTHETIC,J00253,C00253,dispute_invoice,BILLING,complaint,ussd,2024-06-18T06:47:03Z,1.221508,2,1,ussd > ussd,True,False,ussd,2.000000,True,False,True,False,resolved
SYNTHETIC,J00254,C00254,deactivate_phone,SERVICES,assisted,ussd,2024-06-09T18:56:54Z,0.918819,2,2,ussd > call,True,False,call,2.000000,True,True,True,True,resolved
SYNTHETIC,J00255,C00255,check_usage,CONSUMPTION,self_service_candidate,call,2024-08-23T20:12:41Z,5.447117,1,1,call,True,True,call,1.000000,False,False,False,False,resolved
SYNTHETIC,J00256,C00256,pay,PAYMENT,assisted,app,2024-07-14T16:17:54Z,0.363853,1,1,app,True,True,app,1.000000,False,False,True,False,resolved
SYNTHETIC,J00257,C00257,change_plan,SUBSCRIPTION,assisted,ussd,2024-08-19T10:42:03Z,2.206638,1,1,ussd,True,True,ussd,1.000000,False,False,True,False,resolved
SYNTHETIC,J00258,C00258,get_compensation,COMPLAINTS,complaint,web,2024-06-12T22:58:11Z,7.990220,1,1,web,True,True,web,1.000000,False,False,True,False,resolved
SYNTHETIC,J00259,C00259,check_usage,CONSUMPTION,self_service_candidate,social,2024-06-21T14:01:21Z,41.606447,1,1,social,True,True,social,1.000000,False,False,True,False,resolved
SYNTHETIC,J00260,C00260,check_excess_data_charges,CONSUMPTION,self_service_candidate,web,2024-08-06T06:52:33Z,10.446918,1,1,web,True,True,web,1.000000,False,False,True,False,resolved
SYNTHETIC,J00261,C00261,customer_service,CONTACT,assisted,ussd,2024-07-04T15:11:37Z,1.105692,1,1,ussd,True,True,ussd,1.000000,False,False,True,False,resolved
SYNTHETIC,J00262,C00262,deactivate_phone,SERVICES,assisted,ussd,2024-06-13T10:44:07Z,1.610961,1,1,ussd,True,True,ussd,1.000000,False,False,True,False,resolved
SYNTHETIC,J00263,C00263,pay,PAYMENT,assisted,ussd,2024-06-04T10:57:36Z,1.207359,1,1,ussd,True,True,ussd,1.000000,False,False,True,False,resolved
SYNTHETIC,J00264,C00264,change_provider,SUBSCRIPTION,assisted,ussd,2024-08-02T05:12:36Z,1.236643,2,2,ussd > call,True,False,call,2.000000,True,True,True,True,resolved
SYNTHETIC,J00265,C00265,deactivate_phone,SERVICES,assisted,ussd,2024-07-26T05:46:14Z,1.527612,1,1,ussd,True,True,ussd,1.000000,False,False,True,False,resolved
SYNTHETIC,J00266,C00266,activate_roaming,SERVICES,assisted,call,2024-08-13T19:20:32Z,7.589918,1,1,call,True,True,call,1.000000,False,False,False,False,resolved
SYNTHETIC,J00267,C00267,check_cancellation_fee,SUBSCRIPTION,self_service_candidate,ussd,2024-07-14T02:01:48Z,0.943245,1,1,ussd,True,True,ussd,1.000000,False,False,True,False,resolved
SYNTHETIC,J00268,C00268,activate_phone,SERVICES,assisted,app,2024-06-21T10:00:09Z,1.878246,1,1,app,True,True,app,1.000000,False,False,True,False,resolved
SYNTHETIC,J00269,C00269,change_provider,SUBSCRIPTION,assisted,ussd,2024-08-21T13:32:04Z,0.853066,1,1,ussd,False,False,,,False,False,True,False,chose_abandon
SYNTHETIC,J00270,C00270,invoices,BILLING,self_service_candidate,ussd,2024-06-21T17:48:22Z,1.185224,1,1,ussd,True,True,ussd,1.000000,False,False,True,False,resolved
SYNTHETIC,J00271,C00271,check_usage,CONSUMPTION,self_service_candidate,app,2024-06-23T22:25:26Z,1.942141,2,2,app > call,True,False,call,2.000000,True,True,True,True,resolved
SYNTHETIC,J00272,C00272,invoices,BILLING,self_service_candidate,app,2024-06-27T14:49:33Z,2.973404,1,1,app,True,True,app,1.000000,False,False,True,False,resolved
SYNTHETIC,J00273,C00273,check_mobile_payments,PAYMENT,self_service_candidate,app,2024-08-15T06:37:09Z,1.701716,1,1,app,True,True,app,1.000000,False,False,True,False,resolved
SYNTHETIC,J00274,C00274,payment_methods,PAYMENT,self_service_candidate,web,2024-08-26T04:12:08Z,6.563315,1,1,web,True,True,web,1.000000,False,False,True,False,resolved
SYNTHETIC,J00275,C00275,activate_call_management_services,SERVICES,assisted,call,2024-06-05T12:12:47Z,10.804203,1,1,call,True,True,call,1.000000,False,False,False,False,resolved
SYNTHETIC,J00276,C00276,report_poor_signal_coverage,COMPLAINTS,complaint,ussd,2024-07-25T13:23:33Z,1.955683,1,1,ussd,True,True,ussd,1.000000,False,False,True,False,resolved
SYNTHETIC,J00277,C00277,customer_service,CONTACT,assisted,web,2024-07-19T18:56:22Z,3.517374,3,3,web > app > call,True,False,call,3.000000,True,True,True,True,resolved
SYNTHETIC,J00278,C00278,schedule_payments,PAYMENT,assisted,ussd,2024-07-07T21:23:08Z,1.331565,1,1,ussd,True,True,ussd,1.000000,False,False,True,False,resolved
SYNTHETIC,J00279,C00279,dispute_invoice,BILLING,complaint,app,2024-07-08T10:32:43Z,1.532002,2,2,app > call,False,False,,,True,True,True,True,chose_abandon
SYNTHETIC,J00280,C00280,activate_roaming,SERVICES,assisted,web,2024-08-07T01:03:38Z,6.181446,3,2,web > call > call,True,False,call,3.000000,True,True,True,True,resolved
SYNTHETIC,J00281,C00281,check_mobile_payments,PAYMENT,self_service_candidate,call,2024-08-28T23:40:43Z,6.422331,1,1,call,True,True,call,1.000000,False,False,False,False,resolved
SYNTHETIC,J00282,C00282,report_poor_signal_coverage,COMPLAINTS,complaint,social,2024-06-28T05:11:19Z,25.678187,2,2,social > call,True,False,call,2.000000,True,True,True,True,resolved
SYNTHETIC,J00283,C00283,change_plan,SUBSCRIPTION,assisted,ussd,2024-06-03T21:45:46Z,0.502445,4,3,ussd > call > ussd > social,False,False,,,True,True,True,True,max_contacts
SYNTHETIC,J00284,C00284,report_problem,COMPLAINTS,complaint,app,2024-08-17T06:04:15Z,7.641767,1,1,app,True,True,app,1.000000,False,False,True,False,resolved
SYNTHETIC,J00285,C00285,sign_up_for_plan,SUBSCRIPTION,assisted,app,2024-08-27T11:11:20Z,5.378126,1,1,app,True,True,app,1.000000,False,False,True,False,resolved
SYNTHETIC,J00286,C00286,report_problem,COMPLAINTS,complaint,ussd,2024-08-21T19:14:33Z,1.229695,1,1,ussd,False,False,,,False,False,True,False,chose_abandon
SYNTHETIC,J00287,C00287,check_usage,CONSUMPTION,self_service_candidate,app,2024-06-04T10:33:40Z,2.177287,1,1,app,True,True,app,1.000000,False,False,True,False,resolved
SYNTHETIC,J00288,C00288,check_usage,CONSUMPTION,self_service_candidate,ussd,2024-06-14T18:38:09Z,0.790911,2,2,ussd > call,True,False,call,2.000000,True,True,True,True,resolved
SYNTHETIC,J00289,C00289,report_poor_signal_coverage,COMPLAINTS,complaint,web,2024-06-19T16:39:53Z,9.200521,1,1,web,False,False,,,False,False,True,False,chose_abandon
SYNTHETIC,J00290,C00290,check_usage,CONSUMPTION,self_service_candidate,app,2024-07-01T08:37:28Z,1.520476,1,1,app,True,True,app,1.000000,False,False,True,False,resolved
SYNTHETIC,J00291,C00291,payment_methods,PAYMENT,self_service_candidate,ussd,2024-06-09T18:38:12Z,1.887144,1,1,ussd,True,True,ussd,1.000000,False,False,True,False,resolved
SYNTHETIC,J00292,C00292,get_compensation,COMPLAINTS,complaint,app,2024-06-26T04:37:51Z,1.536317,3,2,app > call > call,True,False,call,3.000000,True,True,True,True,resolved
SYNTHETIC,J00293,C00293,change_plan,SUBSCRIPTION,assisted,ussd,2024-07-14T21:57:38Z,0.938221,1,1,ussd,True,True,ussd,1.000000,False,False,True,False,resolved
SYNTHETIC,J00294,C00294,report_problem,COMPLAINTS,complaint,app,2024-06-11T09:19:07Z,1.688235,1,1,app,True,True,app,1.000000,False,False,True,False,resolved
SYNTHETIC,J00295,C00295,check_signal_coverage,SERVICES,self_service_candidate,call,2024-06-09T23:46:54Z,4.982131,1,1,call,True,True,call,1.000000,False,False,False,False,resolved
SYNTHETIC,J00296,C00296,human_agent,CONTACT,complaint,ussd,2024-07-13T11:51:16Z,2.481493,4,2,ussd > call > call > call,False,False,,,True,True,True,True,max_contacts
SYNTHETIC,J00297,C00297,deactivate_phone,SERVICES,assisted,web,2024-08-08T04:55:33Z,2.796611,1,1,web,True,True,web,1.000000,False,False,True,False,resolved
SYNTHETIC,J00298,C00298,sign_up_for_plan,SUBSCRIPTION,assisted,web,2024-07-22T12:00:24Z,12.508876,2,2,web > call,True,False,call,2.000000,True,True,True,True,resolved
SYNTHETIC,J00299,C00299,dispute_invoice,BILLING,complaint,call,2024-06-14T02:17:08Z,7.144701,1,1,call,True,True,call,1.000000,False,False,False,False,resolved
SYNTHETIC,J00300,C00300,check_excess_data_charges,CONSUMPTION,self_service_candidate,ussd,2024-08-24T11:39:18Z,0.638763,1,1,ussd,True,True,ussd,1.000000,False,False,True,False,resolved
SYNTHETIC,J00301,C00301,deactivate_phone,SERVICES,assisted,app,2024-08-23T23:41:16Z,4.006596,1,1,app,True,True,app,1.000000,False,False,True,False,resolved
SYNTHETIC,J00302,C00302,check_mobile_payments,PAYMENT,self_service_candidate,app,2024-06-15T07:57:30Z,2.236586,1,1,app,True,True,app,1.000000,False,False,True,False,resolved
SYNTHETIC,J00303,C00303,activate_call_management_services,SERVICES,assisted,ussd,2024-08-16T12:06:02Z,0.558565,2,2,ussd > call,True,False,call,2.000000,True,True,True,True,resolved
SYNTHETIC,J00304,C00304,check_usage,CONSUMPTION,self_service_candidate,ussd,2024-08-18T07:08:14Z,1.117493,1,1,ussd,True,True,ussd,1.000000,False,False,True,False,resolved
SYNTHETIC,J00305,C00305,report_problem,COMPLAINTS,complaint,ussd,2024-07-25T13:27:20Z,1.089894,4,1,ussd > ussd > ussd > ussd,False,False,,,True,False,True,False,max_contacts
SYNTHETIC,J00306,C00306,customer_service,CONTACT,assisted,ussd,2024-07-02T14:14:15Z,0.926694,2,2,ussd > call,True,False,call,2.000000,True,True,True,True,resolved
SYNTHETIC,J00307,C00307,sign_up_for_plan,SUBSCRIPTION,assisted,app,2024-07-08T06:56:20Z,2.034567,1,1,app,True,True,app,1.000000,False,False,True,False,resolved
SYNTHETIC,J00308,C00308,deactivate_phone,SERVICES,assisted,web,2024-08-18T17:27:03Z,2.176318,2,2,web > call,True,False,call,2.000000,True,True,True,True,resolved
SYNTHETIC,J00309,C00309,check_excess_data_charges,CONSUMPTION,self_service_candidate,ussd,2024-06-30T20:10:01Z,0.909937,2,2,ussd > call,True,False,call,2.000000,True,True,True,True,resolved
SYNTHETIC,J00310,C00310,report_poor_signal_coverage,COMPLAINTS,complaint,ussd,2024-07-30T02:14:13Z,0.966063,3,2,ussd > ussd > web,False,False,,,True,True,True,False,chose_abandon
SYNTHETIC,J00311,C00311,check_usage,CONSUMPTION,self_service_candidate,call,2024-06-23T21:36:04Z,11.144247,1,1,call,True,True,call,1.000000,False,False,False,False,resolved
SYNTHETIC,J00312,C00312,dispute_invoice,BILLING,complaint,app,2024-07-19T05:05:56Z,2.271511,4,2,app > app > web > web,False,False,,,True,True,True,False,max_contacts
SYNTHETIC,J00313,C00313,pay,PAYMENT,assisted,app,2024-06-25T08:44:12Z,1.441613,2,1,app > app,True,False,app,2.000000,True,False,True,False,resolved
SYNTHETIC,J00314,C00314,payment_methods,PAYMENT,self_service_candidate,ussd,2024-08-29T13:12:05Z,0.478631,1,1,ussd,True,True,ussd,1.000000,False,False,True,False,resolved
SYNTHETIC,J00315,C00315,check_excess_data_charges,CONSUMPTION,self_service_candidate,social,2024-07-23T06:46:55Z,25.691702,1,1,social,True,True,social,1.000000,False,False,True,False,resolved
SYNTHETIC,J00316,C00316,check_signal_coverage,SERVICES,self_service_candidate,ussd,2024-08-30T12:23:39Z,0.648235,2,2,ussd > call,True,False,call,2.000000,True,True,True,True,resolved
SYNTHETIC,J00317,C00317,get_compensation,COMPLAINTS,complaint,app,2024-08-08T05:13:46Z,2.052964,4,3,app > call > web > call,False,False,,,True,True,True,True,max_contacts
SYNTHETIC,J00318,C00318,dispute_invoice,BILLING,complaint,call,2024-08-10T23:09:05Z,7.073057,1,1,call,True,True,call,1.000000,False,False,False,False,resolved
SYNTHETIC,J00319,C00319,check_signal_coverage,SERVICES,self_service_candidate,app,2024-07-10T20:07:59Z,4.539969,1,1,app,True,True,app,1.000000,False,False,True,False,resolved
SYNTHETIC,J00320,C00320,report_poor_signal_coverage,COMPLAINTS,complaint,app,2024-06-24T12:09:01Z,1.024792,1,1,app,False,False,,,False,False,True,False,chose_abandon
SYNTHETIC,J00321,C00321,invoices,BILLING,self_service_candidate,ussd,2024-07-06T20:12:06Z,0.733728,1,1,ussd,True,True,ussd,1.000000,False,False,True,False,resolved
SYNTHETIC,J00322,C00322,invoices,BILLING,self_service_candidate,app,2024-08-30T19:06:22Z,2.565685,1,1,app,True,True,app,1.000000,False,False,True,False,resolved
SYNTHETIC,J00323,C00323,change_plan,SUBSCRIPTION,assisted,call,2024-07-23T12:02:29Z,4.446018,1,1,call,True,True,call,1.000000,False,False,False,False,resolved
SYNTHETIC,J00324,C00324,report_poor_signal_coverage,COMPLAINTS,complaint,ussd,2024-06-30T03:50:18Z,1.349062,1,1,ussd,False,False,,,False,False,True,False,chose_abandon
SYNTHETIC,J00325,C00325,pay,PAYMENT,assisted,social,2024-08-29T08:13:47Z,48.549561,2,2,social > call,True,False,call,2.000000,True,True,True,True,resolved
SYNTHETIC,J00326,C00326,invoices,BILLING,self_service_candidate,call,2024-07-05T10:10:07Z,7.573889,1,1,call,True,True,call,1.000000,False,False,False,False,resolved
SYNTHETIC,J00327,C00327,pay,PAYMENT,assisted,social,2024-08-01T22:40:12Z,44.394312,2,2,social > call,False,False,,,True,True,True,True,chose_abandon
SYNTHETIC,J00328,C00328,report_problem,COMPLAINTS,complaint,ussd,2024-08-15T02:47:36Z,0.689752,3,2,ussd > app > app,False,False,,,True,True,True,False,chose_abandon
SYNTHETIC,J00329,C00329,activate_call_management_services,SERVICES,assisted,app,2024-06-03T11:09:41Z,1.577799,1,1,app,True,True,app,1.000000,False,False,True,False,resolved
SYNTHETIC,J00330,C00330,check_mobile_payments,PAYMENT,self_service_candidate,app,2024-06-26T19:18:35Z,2.274759,1,1,app,True,True,app,1.000000,False,False,True,False,resolved
SYNTHETIC,J00331,C00331,customer_service,CONTACT,assisted,social,2024-06-14T06:52:03Z,49.798613,1,1,social,True,True,social,1.000000,False,False,True,False,resolved
SYNTHETIC,J00332,C00332,get_compensation,COMPLAINTS,complaint,ussd,2024-06-18T09:16:37Z,0.936769,3,3,ussd > app > call,True,False,call,3.000000,True,True,True,True,resolved
SYNTHETIC,J00333,C00333,schedule_payments,PAYMENT,assisted,ussd,2024-08-05T20:03:41Z,1.195345,4,2,ussd > call > call > call,False,False,,,True,True,True,True,max_contacts
SYNTHETIC,J00334,C00334,install_internet,SERVICES,assisted,ussd,2024-07-24T09:50:59Z,0.589489,1,1,ussd,True,True,ussd,1.000000,False,False,True,False,resolved
SYNTHETIC,J00335,C00335,activate_phone,SERVICES,assisted,ussd,2024-07-12T01:09:31Z,0.903710,3,2,ussd > call > call,True,False,call,3.000000,True,True,True,True,resolved
SYNTHETIC,J00336,C00336,check_signal_coverage,SERVICES,self_service_candidate,ussd,2024-07-10T01:45:58Z,1.058935,1,1,ussd,True,True,ussd,1.000000,False,False,True,False,resolved
SYNTHETIC,J00337,C00337,sign_up_for_plan,SUBSCRIPTION,assisted,app,2024-07-07T14:14:54Z,1.005950,2,2,app > call,True,False,call,2.000000,True,True,True,True,resolved
SYNTHETIC,J00338,C00338,set_usage_limits,CONSUMPTION,assisted,ussd,2024-08-21T04:48:36Z,0.631906,1,1,ussd,True,True,ussd,1.000000,False,False,True,False,resolved
SYNTHETIC,J00339,C00339,invoices,BILLING,self_service_candidate,app,2024-07-21T02:26:39Z,1.638201,1,1,app,True,True,app,1.000000,False,False,True,False,resolved
SYNTHETIC,J00340,C00340,report_poor_signal_coverage,COMPLAINTS,complaint,web,2024-06-17T11:03:55Z,7.753143,1,1,web,False,False,,,False,False,True,False,chose_abandon
SYNTHETIC,J00341,C00341,invoices,BILLING,self_service_candidate,web,2024-07-16T18:33:19Z,2.967088,1,1,web,True,True,web,1.000000,False,False,True,False,resolved
SYNTHETIC,J00342,C00342,set_usage_limits,CONSUMPTION,assisted,social,2024-06-14T23:52:59Z,172.730699,2,2,social > call,True,False,call,2.000000,True,True,True,True,resolved
SYNTHETIC,J00343,C00343,change_plan,SUBSCRIPTION,assisted,social,2024-08-11T02:03:14Z,24.284613,1,1,social,True,True,social,1.000000,False,False,True,False,resolved
SYNTHETIC,J00344,C00344,dispute_invoice,BILLING,complaint,social,2024-07-13T21:33:56Z,22.805662,1,1,social,True,True,social,1.000000,False,False,True,False,resolved
SYNTHETIC,J00345,C00345,invoices,BILLING,self_service_candidate,ussd,2024-08-11T09:24:21Z,1.046401,3,2,ussd > call > call,True,False,call,3.000000,True,True,True,True,resolved
SYNTHETIC,J00346,C00346,deactivate_phone,SERVICES,assisted,call,2024-08-01T03:40:45Z,2.867558,1,1,call,True,True,call,1.000000,False,False,False,False,resolved
SYNTHETIC,J00347,C00347,check_usage,CONSUMPTION,self_service_candidate,app,2024-06-10T20:54:23Z,2.800464,1,1,app,True,True,app,1.000000,False,False,True,False,resolved
SYNTHETIC,J00348,C00348,report_problem,COMPLAINTS,complaint,call,2024-08-08T13:30:37Z,5.848895,1,1,call,True,True,call,1.000000,False,False,False,False,resolved
SYNTHETIC,J00349,C00349,dispute_invoice,BILLING,complaint,call,2024-07-19T06:45:57Z,3.879639,1,1,call,True,True,call,1.000000,False,False,False,False,resolved
SYNTHETIC,J00350,C00350,check_cancellation_fee,SUBSCRIPTION,self_service_candidate,web,2024-07-19T17:31:59Z,5.063478,1,1,web,True,True,web,1.000000,False,False,True,False,resolved
SYNTHETIC,J00351,C00351,sign_up_for_plan,SUBSCRIPTION,assisted,call,2024-07-15T20:07:00Z,12.444411,1,1,call,True,True,call,1.000000,False,False,False,False,resolved
SYNTHETIC,J00352,C00352,human_agent,CONTACT,complaint,call,2024-06-13T19:37:47Z,10.699377,1,1,call,True,True,call,1.000000,False,False,False,False,resolved
SYNTHETIC,J00353,C00353,check_mobile_payments,PAYMENT,self_service_candidate,ussd,2024-07-02T08:11:15Z,1.171757,1,1,ussd,True,True,ussd,1.000000,False,False,True,False,resolved
SYNTHETIC,J00354,C00354,report_poor_signal_coverage,COMPLAINTS,complaint,call,2024-07-16T16:20:31Z,20.752115,1,1,call,False,False,,,False,False,False,False,chose_abandon
SYNTHETIC,J00355,C00355,activate_call_management_services,SERVICES,assisted,ussd,2024-08-18T14:41:09Z,2.084485,1,1,ussd,True,True,ussd,1.000000,False,False,True,False,resolved
SYNTHETIC,J00356,C00356,report_problem,COMPLAINTS,complaint,app,2024-06-07T01:05:54Z,2.905332,4,3,app > web > call > web,False,False,,,True,True,True,True,max_contacts
SYNTHETIC,J00357,C00357,set_usage_limits,CONSUMPTION,assisted,web,2024-06-15T22:20:58Z,5.501445,1,1,web,False,False,,,False,False,True,False,chose_abandon
SYNTHETIC,J00358,C00358,activate_call_management_services,SERVICES,assisted,ussd,2024-06-09T06:58:12Z,1.048108,1,1,ussd,True,True,ussd,1.000000,False,False,True,False,resolved
SYNTHETIC,J00359,C00359,customer_service,CONTACT,assisted,app,2024-08-23T17:26:02Z,2.528486,1,1,app,True,True,app,1.000000,False,False,True,False,resolved
SYNTHETIC,J00360,C00360,report_problem,COMPLAINTS,complaint,app,2024-08-01T15:45:27Z,3.302363,4,3,app > social > call > call,False,False,,,True,True,True,True,max_contacts
SYNTHETIC,J00361,C00361,payment_methods,PAYMENT,self_service_candidate,call,2024-06-24T14:38:47Z,5.774201,1,1,call,True,True,call,1.000000,False,False,False,False,resolved
SYNTHETIC,J00362,C00362,report_poor_signal_coverage,COMPLAINTS,complaint,call,2024-08-26T13:38:46Z,6.887405,1,1,call,True,True,call,1.000000,False,False,False,False,resolved
SYNTHETIC,J00363,C00363,schedule_payments,PAYMENT,assisted,app,2024-08-03T11:11:26Z,2.136613,2,2,app > call,True,False,call,2.000000,True,True,True,True,resolved
SYNTHETIC,J00364,C00364,report_poor_signal_coverage,COMPLAINTS,complaint,call,2024-07-21T05:05:04Z,3.954115,1,1,call,True,True,call,1.000000,False,False,False,False,resolved
SYNTHETIC,J00365,C00365,report_problem,COMPLAINTS,complaint,call,2024-06-13T15:47:54Z,4.264625,2,1,call > call,True,False,call,2.000000,True,False,False,False,resolved
SYNTHETIC,J00366,C00366,activate_roaming,SERVICES,assisted,ussd,2024-08-26T23:47:21Z,0.504669,1,1,ussd,True,True,ussd,1.000000,False,False,True,False,resolved
SYNTHETIC,J00367,C00367,check_cancellation_fee,SUBSCRIPTION,self_service_candidate,ussd,2024-07-20T02:43:36Z,0.668092,2,1,ussd > ussd,True,False,ussd,2.000000,True,False,True,False,resolved
SYNTHETIC,J00368,C00368,deactivate_call_management_services,SERVICES,assisted,app,2024-06-17T05:26:23Z,3.725912,2,2,app > call,True,False,call,2.000000,True,True,True,True,resolved
SYNTHETIC,J00369,C00369,payment_methods,PAYMENT,self_service_candidate,ussd,2024-07-17T21:36:30Z,1.006925,1,1,ussd,True,True,ussd,1.000000,False,False,True,False,resolved
SYNTHETIC,J00370,C00370,schedule_payments,PAYMENT,assisted,web,2024-06-19T08:19:36Z,2.624254,4,3,web > call > ussd > call,True,False,call,4.000000,True,True,True,True,resolved
SYNTHETIC,J00371,C00371,invoices,BILLING,self_service_candidate,app,2024-06-11T20:19:12Z,3.698192,1,1,app,True,True,app,1.000000,False,False,True,False,resolved
SYNTHETIC,J00372,C00372,check_mobile_payments,PAYMENT,self_service_candidate,ussd,2024-06-18T17:06:17Z,0.993834,1,1,ussd,True,True,ussd,1.000000,False,False,True,False,resolved
SYNTHETIC,J00373,C00373,check_cancellation_fee,SUBSCRIPTION,self_service_candidate,ussd,2024-06-07T01:32:01Z,0.752246,1,1,ussd,True,True,ussd,1.000000,False,False,True,False,resolved
SYNTHETIC,J00374,C00374,check_excess_data_charges,CONSUMPTION,self_service_candidate,web,2024-08-21T00:53:31Z,6.104812,1,1,web,True,True,web,1.000000,False,False,True,False,resolved
SYNTHETIC,J00375,C00375,cancel_plan,SUBSCRIPTION,assisted,ussd,2024-08-11T14:17:03Z,1.944596,3,3,ussd > app > web,False,False,,,True,True,True,False,chose_abandon
SYNTHETIC,J00376,C00376,check_cancellation_fee,SUBSCRIPTION,self_service_candidate,call,2024-06-23T23:31:55Z,3.534485,2,2,call > ussd,True,False,ussd,2.000000,True,True,False,False,resolved
SYNTHETIC,J00377,C00377,check_mobile_payments,PAYMENT,self_service_candidate,web,2024-07-21T08:10:37Z,3.432955,1,1,web,True,True,web,1.000000,False,False,True,False,resolved
SYNTHETIC,J00378,C00378,report_problem,COMPLAINTS,complaint,ussd,2024-07-05T16:39:09Z,0.510008,2,2,ussd > call,True,False,call,2.000000,True,True,True,True,resolved
SYNTHETIC,J00379,C00379,sign_up_for_plan,SUBSCRIPTION,assisted,web,2024-07-16T09:30:34Z,4.135462,1,1,web,True,True,web,1.000000,False,False,True,False,resolved
SYNTHETIC,J00380,C00380,report_problem,COMPLAINTS,complaint,app,2024-08-13T05:37:23Z,2.331501,4,4,app > web > ussd > call,True,False,call,4.000000,True,True,True,True,resolved
SYNTHETIC,J00381,C00381,human_agent,CONTACT,complaint,ussd,2024-06-16T06:36:22Z,0.874618,1,1,ussd,False,False,,,False,False,True,False,chose_abandon
SYNTHETIC,J00382,C00382,activate_phone,SERVICES,assisted,app,2024-06-18T12:24:21Z,2.313020,4,2,app > call > app > app,False,False,,,True,True,True,True,max_contacts
SYNTHETIC,J00383,C00383,sign_up_for_plan,SUBSCRIPTION,assisted,call,2024-06-03T19:07:49Z,8.159267,2,1,call > call,True,False,call,2.000000,True,False,False,False,resolved
SYNTHETIC,J00384,C00384,deactivate_phone,SERVICES,assisted,social,2024-08-17T02:40:34Z,10.922374,2,2,social > call,True,False,call,2.000000,True,True,True,True,resolved
SYNTHETIC,J00385,C00385,customer_service,CONTACT,assisted,app,2024-08-09T20:45:57Z,6.124571,3,1,app > app > app,True,False,app,3.000000,True,False,True,False,resolved
SYNTHETIC,J00386,C00386,activate_phone,SERVICES,assisted,app,2024-07-24T05:19:49Z,1.238476,1,1,app,True,True,app,1.000000,False,False,True,False,resolved
SYNTHETIC,J00387,C00387,human_agent,CONTACT,complaint,social,2024-06-08T13:13:10Z,76.053780,2,2,social > call,True,False,call,2.000000,True,True,True,True,resolved
SYNTHETIC,J00388,C00388,customer_service,CONTACT,assisted,ussd,2024-08-15T22:24:50Z,0.914606,4,3,ussd > call > call > social,False,False,,,True,True,True,True,max_contacts
SYNTHETIC,J00389,C00389,set_usage_limits,CONSUMPTION,assisted,app,2024-06-29T04:27:45Z,0.976395,1,1,app,True,True,app,1.000000,False,False,True,False,resolved
SYNTHETIC,J00390,C00390,check_signal_coverage,SERVICES,self_service_candidate,app,2024-08-07T18:57:42Z,2.741014,1,1,app,False,False,,,False,False,True,False,chose_abandon
SYNTHETIC,J00391,C00391,dispute_invoice,BILLING,complaint,ussd,2024-06-21T06:39:30Z,0.740926,1,1,ussd,False,False,,,False,False,True,False,chose_abandon
SYNTHETIC,J00392,C00392,deactivate_phone,SERVICES,assisted,app,2024-08-07T03:24:25Z,2.826375,1,1,app,True,True,app,1.000000,False,False,True,False,resolved
SYNTHETIC,J00393,C00393,payment_methods,PAYMENT,self_service_candidate,social,2024-08-26T17:08:59Z,19.634669,2,2,social > call,True,False,call,2.000000,True,True,True,True,resolved
SYNTHETIC,J00394,C00394,change_plan,SUBSCRIPTION,assisted,call,2024-07-01T08:57:14Z,14.959877,1,1,call,False,False,,,False,False,False,False,chose_abandon
SYNTHETIC,J00395,C00395,cancel_plan,SUBSCRIPTION,assisted,ussd,2024-07-30T08:41:25Z,0.789197,1,1,ussd,True,True,ussd,1.000000,False,False,True,False,resolved
SYNTHETIC,J00396,C00396,check_excess_data_charges,CONSUMPTION,self_service_candidate,ussd,2024-07-07T10:04:05Z,0.493011,1,1,ussd,True,True,ussd,1.000000,False,False,True,False,resolved
SYNTHETIC,J00397,C00397,check_usage,CONSUMPTION,self_service_candidate,web,2024-06-11T14:31:08Z,3.945448,1,1,web,True,True,web,1.000000,False,False,True,False,resolved
SYNTHETIC,J00398,C00398,check_mobile_payments,PAYMENT,self_service_candidate,call,2024-06-08T03:42:06Z,11.281534,1,1,call,True,True,call,1.000000,False,False,False,False,resolved
SYNTHETIC,J00399,C00399,customer_service,CONTACT,assisted,call,2024-06-08T13:06:57Z,3.075031,1,1,call,True,True,call,1.000000,False,False,False,False,resolved
SYNTHETIC,J00400,C00400,check_usage,CONSUMPTION,self_service_candidate,app,2024-07-27T00:58:19Z,1.552939,1,1,app,True,True,app,1.000000,False,False,True,False,resolved
SYNTHETIC,J00401,C00401,dispute_invoice,BILLING,complaint,app,2024-08-05T16:34:16Z,1.175816,2,2,app > call,True,False,call,2.000000,True,True,True,True,resolved
SYNTHETIC,J00402,C00402,activate_roaming,SERVICES,assisted,web,2024-07-16T08:52:16Z,10.159678,3,3,web > call > social,False,False,,,True,True,True,True,chose_abandon
SYNTHETIC,J00403,C00403,invoices,BILLING,self_service_candidate,app,2024-06-21T10:52:51Z,1.519985,1,1,app,True,True,app,1.000000,False,False,True,False,resolved
SYNTHETIC,J00404,C00404,check_cancellation_fee,SUBSCRIPTION,self_service_candidate,call,2024-06-18T13:58:05Z,7.034106,1,1,call,True,True,call,1.000000,False,False,False,False,resolved
SYNTHETIC,J00405,C00405,get_compensation,COMPLAINTS,complaint,ussd,2024-08-11T05:40:18Z,0.831514,2,2,ussd > call,False,False,,,True,True,True,True,chose_abandon
SYNTHETIC,J00406,C00406,set_usage_limits,CONSUMPTION,assisted,ussd,2024-08-26T03:54:52Z,0.813821,3,3,ussd > app > call,True,False,call,3.000000,True,True,True,True,resolved
SYNTHETIC,J00407,C00407,activate_call_management_services,SERVICES,assisted,ussd,2024-06-06T14:02:07Z,1.186377,1,1,ussd,False,False,,,False,False,True,False,chose_abandon
SYNTHETIC,J00408,C00408,get_compensation,COMPLAINTS,complaint,call,2024-06-14T14:41:30Z,3.232821,2,1,call > call,True,False,call,2.000000,True,False,False,False,resolved
SYNTHETIC,J00409,C00409,check_usage,CONSUMPTION,self_service_candidate,app,2024-08-14T09:08:10Z,1.776816,1,1,app,True,True,app,1.000000,False,False,True,False,resolved
SYNTHETIC,J00410,C00410,customer_service,CONTACT,assisted,ussd,2024-06-04T19:15:44Z,0.805362,1,1,ussd,False,False,,,False,False,True,False,chose_abandon
SYNTHETIC,J00411,C00411,activate_phone,SERVICES,assisted,web,2024-06-11T20:05:51Z,5.218046,1,1,web,True,True,web,1.000000,False,False,True,False,resolved
SYNTHETIC,J00412,C00412,human_agent,CONTACT,complaint,app,2024-08-11T22:04:12Z,1.449155,3,3,app > social > call,True,False,call,3.000000,True,True,True,True,resolved
SYNTHETIC,J00413,C00413,invoices,BILLING,self_service_candidate,app,2024-07-30T22:37:54Z,1.812488,1,1,app,True,True,app,1.000000,False,False,True,False,resolved
SYNTHETIC,J00414,C00414,activate_phone,SERVICES,assisted,ussd,2024-07-13T06:23:41Z,0.988877,4,3,ussd > web > call > call,False,False,,,True,True,True,True,max_contacts
SYNTHETIC,J00415,C00415,check_usage,CONSUMPTION,self_service_candidate,app,2024-07-07T07:27:34Z,6.341851,1,1,app,True,True,app,1.000000,False,False,True,False,resolved
SYNTHETIC,J00416,C00416,schedule_payments,PAYMENT,assisted,social,2024-06-05T17:15:24Z,14.714895,1,1,social,True,True,social,1.000000,False,False,True,False,resolved
SYNTHETIC,J00417,C00417,activate_phone,SERVICES,assisted,social,2024-08-07T14:06:29Z,18.550276,2,2,social > call,True,False,call,2.000000,True,True,True,True,resolved
SYNTHETIC,J00418,C00418,report_problem,COMPLAINTS,complaint,app,2024-07-03T04:11:51Z,2.179950,1,1,app,False,False,,,False,False,True,False,chose_abandon
SYNTHETIC,J00419,C00419,schedule_payments,PAYMENT,assisted,web,2024-07-05T17:17:16Z,7.016521,3,2,web > call > call,True,False,call,3.000000,True,True,True,True,resolved
SYNTHETIC,J00420,C00420,invoices,BILLING,self_service_candidate,ussd,2024-06-09T10:44:08Z,1.314347,1,1,ussd,True,True,ussd,1.000000,False,False,True,False,resolved
SYNTHETIC,J00421,C00421,check_mobile_payments,PAYMENT,self_service_candidate,app,2024-08-13T09:52:59Z,4.242910,1,1,app,True,True,app,1.000000,False,False,True,False,resolved
SYNTHETIC,J00422,C00422,dispute_invoice,BILLING,complaint,app,2024-06-03T09:16:42Z,2.482937,2,2,app > call,True,False,call,2.000000,True,True,True,True,resolved
SYNTHETIC,J00423,C00423,check_signal_coverage,SERVICES,self_service_candidate,social,2024-06-16T05:47:04Z,10.951994,2,2,social > call,True,False,call,2.000000,True,True,True,True,resolved
SYNTHETIC,J00424,C00424,invoices,BILLING,self_service_candidate,ussd,2024-06-30T22:37:37Z,1.753649,1,1,ussd,True,True,ussd,1.000000,False,False,True,False,resolved
SYNTHETIC,J00425,C00425,check_excess_data_charges,CONSUMPTION,self_service_candidate,ussd,2024-08-03T23:49:37Z,1.040008,1,1,ussd,True,True,ussd,1.000000,False,False,True,False,resolved
SYNTHETIC,J00426,C00426,check_excess_data_charges,CONSUMPTION,self_service_candidate,web,2024-08-03T10:49:22Z,21.015015,1,1,web,True,True,web,1.000000,False,False,True,False,resolved
SYNTHETIC,J00427,C00427,payment_methods,PAYMENT,self_service_candidate,app,2024-06-04T11:38:13Z,4.702328,1,1,app,True,True,app,1.000000,False,False,True,False,resolved
SYNTHETIC,J00428,C00428,check_usage,CONSUMPTION,self_service_candidate,app,2024-09-01T04:02:58Z,1.553805,1,1,app,True,True,app,1.000000,False,False,True,False,resolved
SYNTHETIC,J00429,C00429,get_compensation,COMPLAINTS,complaint,ussd,2024-06-19T00:23:16Z,1.994828,2,2,ussd > call,False,False,,,True,True,True,True,chose_abandon
SYNTHETIC,J00430,C00430,check_usage,CONSUMPTION,self_service_candidate,ussd,2024-07-12T08:04:47Z,0.653218,4,4,ussd > social > call > app,True,False,app,4.000000,True,True,True,True,resolved
SYNTHETIC,J00431,C00431,customer_service,CONTACT,assisted,social,2024-07-20T09:41:15Z,123.860939,2,1,social > social,True,False,social,2.000000,True,False,True,False,resolved
SYNTHETIC,J00432,C00432,dispute_invoice,BILLING,complaint,app,2024-08-05T07:36:32Z,4.535262,3,2,app > app > web,False,False,,,True,True,True,False,chose_abandon
SYNTHETIC,J00433,C00433,check_mobile_payments,PAYMENT,self_service_candidate,social,2024-08-27T07:36:56Z,54.268455,1,1,social,True,True,social,1.000000,False,False,True,False,resolved
SYNTHETIC,J00434,C00434,schedule_payments,PAYMENT,assisted,call,2024-08-12T04:20:53Z,5.163279,1,1,call,False,False,,,False,False,False,False,chose_abandon
SYNTHETIC,J00435,C00435,schedule_payments,PAYMENT,assisted,call,2024-07-14T19:11:15Z,4.968220,2,1,call > call,True,False,call,2.000000,True,False,False,False,resolved
SYNTHETIC,J00436,C00436,check_mobile_payments,PAYMENT,self_service_candidate,ussd,2024-07-30T18:40:20Z,2.930437,2,2,ussd > app,True,False,app,2.000000,True,True,True,False,resolved
SYNTHETIC,J00437,C00437,get_compensation,COMPLAINTS,complaint,social,2024-07-10T12:26:24Z,31.929845,2,2,social > call,True,False,call,2.000000,True,True,True,True,resolved
SYNTHETIC,J00438,C00438,check_mobile_payments,PAYMENT,self_service_candidate,call,2024-06-27T00:54:43Z,3.447575,1,1,call,True,True,call,1.000000,False,False,False,False,resolved
SYNTHETIC,J00439,C00439,customer_service,CONTACT,assisted,app,2024-06-11T17:37:56Z,1.757491,1,1,app,True,True,app,1.000000,False,False,True,False,resolved
SYNTHETIC,J00440,C00440,report_problem,COMPLAINTS,complaint,social,2024-06-22T01:18:07Z,95.921418,2,2,social > call,True,False,call,2.000000,True,True,True,True,resolved
SYNTHETIC,J00441,C00441,check_signal_coverage,SERVICES,self_service_candidate,app,2024-07-13T20:31:04Z,3.624082,1,1,app,True,True,app,1.000000,False,False,True,False,resolved
SYNTHETIC,J00442,C00442,activate_phone,SERVICES,assisted,social,2024-08-13T10:03:43Z,47.961268,1,1,social,True,True,social,1.000000,False,False,True,False,resolved
SYNTHETIC,J00443,C00443,change_provider,SUBSCRIPTION,assisted,app,2024-06-19T06:03:05Z,2.891870,1,1,app,True,True,app,1.000000,False,False,True,False,resolved
SYNTHETIC,J00444,C00444,report_poor_signal_coverage,COMPLAINTS,complaint,call,2024-06-20T21:05:26Z,6.883196,1,1,call,True,True,call,1.000000,False,False,False,False,resolved
SYNTHETIC,J00445,C00445,activate_roaming,SERVICES,assisted,app,2024-06-15T09:15:13Z,3.617272,1,1,app,True,True,app,1.000000,False,False,True,False,resolved
SYNTHETIC,J00446,C00446,check_excess_data_charges,CONSUMPTION,self_service_candidate,ussd,2024-08-19T20:41:30Z,1.332867,1,1,ussd,True,True,ussd,1.000000,False,False,True,False,resolved
SYNTHETIC,J00447,C00447,invoices,BILLING,self_service_candidate,web,2024-06-20T08:00:43Z,5.386096,1,1,web,False,False,,,False,False,True,False,chose_abandon
SYNTHETIC,J00448,C00448,activate_roaming,SERVICES,assisted,call,2024-08-07T13:00:39Z,7.061339,1,1,call,True,True,call,1.000000,False,False,False,False,resolved
SYNTHETIC,J00449,C00449,change_provider,SUBSCRIPTION,assisted,web,2024-06-16T18:56:38Z,3.185621,1,1,web,True,True,web,1.000000,False,False,True,False,resolved
SYNTHETIC,J00450,C00450,customer_service,CONTACT,assisted,app,2024-07-30T16:38:29Z,2.136312,1,1,app,True,True,app,1.000000,False,False,True,False,resolved
SYNTHETIC,J00451,C00451,set_usage_limits,CONSUMPTION,assisted,web,2024-08-20T23:43:46Z,6.153813,1,1,web,True,True,web,1.000000,False,False,True,False,resolved
SYNTHETIC,J00452,C00452,cancel_plan,SUBSCRIPTION,assisted,app,2024-08-09T13:42:57Z,2.120675,1,1,app,True,True,app,1.000000,False,False,True,False,resolved
SYNTHETIC,J00453,C00453,check_excess_data_charges,CONSUMPTION,self_service_candidate,ussd,2024-07-01T00:18:40Z,1.326919,1,1,ussd,True,True,ussd,1.000000,False,False,True,False,resolved
SYNTHETIC,J00454,C00454,change_plan,SUBSCRIPTION,assisted,ussd,2024-06-28T19:29:11Z,1.343220,2,2,ussd > call,True,False,call,2.000000,True,True,True,True,resolved
SYNTHETIC,J00455,C00455,schedule_payments,PAYMENT,assisted,ussd,2024-07-09T22:06:50Z,1.110712,1,1,ussd,True,True,ussd,1.000000,False,False,True,False,resolved
SYNTHETIC,J00456,C00456,invoices,BILLING,self_service_candidate,social,2024-07-28T07:56:51Z,18.422051,1,1,social,True,True,social,1.000000,False,False,True,False,resolved
SYNTHETIC,J00457,C00457,activate_roaming,SERVICES,assisted,call,2024-06-22T16:57:30Z,4.795482,1,1,call,True,True,call,1.000000,False,False,False,False,resolved
SYNTHETIC,J00458,C00458,check_mobile_payments,PAYMENT,self_service_candidate,call,2024-07-08T19:35:32Z,6.159761,1,1,call,True,True,call,1.000000,False,False,False,False,resolved
SYNTHETIC,J00459,C00459,check_excess_data_charges,CONSUMPTION,self_service_candidate,call,2024-08-30T04:37:35Z,3.342825,1,1,call,True,True,call,1.000000,False,False,False,False,resolved
SYNTHETIC,J00460,C00460,install_internet,SERVICES,assisted,call,2024-08-02T20:53:17Z,6.253603,1,1,call,True,True,call,1.000000,False,False,False,False,resolved
SYNTHETIC,J00461,C00461,pay,PAYMENT,assisted,app,2024-07-08T19:39:12Z,2.052339,3,2,app > ussd > app,False,False,,,True,True,True,False,chose_abandon
SYNTHETIC,J00462,C00462,dispute_invoice,BILLING,complaint,ussd,2024-07-23T03:39:25Z,1.518812,1,1,ussd,False,False,,,False,False,True,False,chose_abandon
SYNTHETIC,J00463,C00463,pay,PAYMENT,assisted,ussd,2024-06-18T23:14:28Z,1.099343,4,2,ussd > ussd > ussd > app,False,False,,,True,True,True,False,max_contacts
SYNTHETIC,J00464,C00464,report_poor_signal_coverage,COMPLAINTS,complaint,ussd,2024-08-27T14:10:00Z,1.613854,4,3,ussd > web > ussd > call,False,False,,,True,True,True,True,max_contacts
SYNTHETIC,J00465,C00465,report_poor_signal_coverage,COMPLAINTS,complaint,ussd,2024-06-24T18:21:01Z,0.808312,2,2,ussd > call,True,False,call,2.000000,True,True,True,True,resolved
SYNTHETIC,J00466,C00466,check_mobile_payments,PAYMENT,self_service_candidate,web,2024-06-06T02:18:06Z,4.469049,1,1,web,True,True,web,1.000000,False,False,True,False,resolved
SYNTHETIC,J00467,C00467,install_internet,SERVICES,assisted,app,2024-08-05T12:19:40Z,5.656783,1,1,app,False,False,,,False,False,True,False,chose_abandon
SYNTHETIC,J00468,C00468,report_poor_signal_coverage,COMPLAINTS,complaint,call,2024-07-09T11:14:59Z,6.680885,1,1,call,True,True,call,1.000000,False,False,False,False,resolved
SYNTHETIC,J00469,C00469,report_problem,COMPLAINTS,complaint,call,2024-07-14T09:37:14Z,12.789388,2,1,call > call,False,False,,,True,False,False,False,chose_abandon
SYNTHETIC,J00470,C00470,check_usage,CONSUMPTION,self_service_candidate,call,2024-06-04T06:53:41Z,5.640285,1,1,call,True,True,call,1.000000,False,False,False,False,resolved
SYNTHETIC,J00471,C00471,schedule_payments,PAYMENT,assisted,ussd,2024-06-16T14:02:03Z,0.885040,1,1,ussd,True,True,ussd,1.000000,False,False,True,False,resolved
SYNTHETIC,J00472,C00472,report_poor_signal_coverage,COMPLAINTS,complaint,ussd,2024-07-03T20:59:36Z,0.908588,2,2,ussd > call,False,False,,,True,True,True,True,chose_abandon
SYNTHETIC,J00473,C00473,activate_call_management_services,SERVICES,assisted,social,2024-07-23T19:01:01Z,37.177809,2,2,social > call,True,False,call,2.000000,True,True,True,True,resolved
SYNTHETIC,J00474,C00474,pay,PAYMENT,assisted,social,2024-08-25T00:52:25Z,52.352559,2,2,social > call,False,False,,,True,True,True,True,chose_abandon
SYNTHETIC,J00475,C00475,invoices,BILLING,self_service_candidate,social,2024-08-31T07:34:28Z,25.301434,1,1,social,False,False,,,False,False,True,False,chose_abandon
SYNTHETIC,J00476,C00476,set_usage_limits,CONSUMPTION,assisted,web,2024-08-17T14:24:18Z,3.402135,1,1,web,True,True,web,1.000000,False,False,True,False,resolved
SYNTHETIC,J00477,C00477,human_agent,CONTACT,complaint,web,2024-07-29T06:12:55Z,3.341832,2,2,web > call,True,False,call,2.000000,True,True,True,True,resolved
SYNTHETIC,J00478,C00478,report_poor_signal_coverage,COMPLAINTS,complaint,ussd,2024-06-04T12:35:11Z,0.870665,1,1,ussd,False,False,,,False,False,True,False,chose_abandon
SYNTHETIC,J00479,C00479,activate_call_management_services,SERVICES,assisted,social,2024-08-25T04:26:29Z,30.738296,2,2,social > call,True,False,call,2.000000,True,True,True,True,resolved
SYNTHETIC,J00480,C00480,check_usage,CONSUMPTION,self_service_candidate,call,2024-08-13T21:45:22Z,4.117332,1,1,call,True,True,call,1.000000,False,False,False,False,resolved
SYNTHETIC,J00481,C00481,report_poor_signal_coverage,COMPLAINTS,complaint,call,2024-07-22T20:47:55Z,4.980585,1,1,call,True,True,call,1.000000,False,False,False,False,resolved
SYNTHETIC,J00482,C00482,cancel_plan,SUBSCRIPTION,assisted,call,2024-07-08T21:17:04Z,8.304143,1,1,call,True,True,call,1.000000,False,False,False,False,resolved
SYNTHETIC,J00483,C00483,check_mobile_payments,PAYMENT,self_service_candidate,app,2024-08-29T08:51:32Z,4.275878,1,1,app,True,True,app,1.000000,False,False,True,False,resolved
SYNTHETIC,J00484,C00484,invoices,BILLING,self_service_candidate,ussd,2024-06-16T08:30:29Z,0.951351,1,1,ussd,True,True,ussd,1.000000,False,False,True,False,resolved
SYNTHETIC,J00485,C00485,report_problem,COMPLAINTS,complaint,ussd,2024-07-03T01:02:11Z,0.744873,3,2,ussd > ussd > call,True,False,call,3.000000,True,True,True,True,resolved
SYNTHETIC,J00486,C00486,schedule_payments,PAYMENT,assisted,call,2024-07-26T08:50:44Z,8.989539,1,1,call,True,True,call,1.000000,False,False,False,False,resolved
SYNTHETIC,J00487,C00487,payment_methods,PAYMENT,self_service_candidate,social,2024-08-12T03:03:30Z,25.917291,1,1,social,True,True,social,1.000000,False,False,True,False,resolved
SYNTHETIC,J00488,C00488,payment_methods,PAYMENT,self_service_candidate,call,2024-08-14T08:09:08Z,2.471578,1,1,call,True,True,call,1.000000,False,False,False,False,resolved
SYNTHETIC,J00489,C00489,human_agent,CONTACT,complaint,web,2024-08-27T08:01:51Z,16.185138,3,2,web > call > call,True,False,call,3.000000,True,True,True,True,resolved
SYNTHETIC,J00490,C00490,schedule_payments,PAYMENT,assisted,web,2024-06-28T10:09:29Z,1.307853,3,2,web > call > web,False,False,,,True,True,True,True,chose_abandon
SYNTHETIC,J00491,C00491,customer_service,CONTACT,assisted,social,2024-08-29T09:06:23Z,125.305388,2,2,social > web,True,False,web,2.000000,True,True,True,False,resolved
SYNTHETIC,J00492,C00492,pay,PAYMENT,assisted,ussd,2024-07-16T20:01:27Z,0.922949,2,2,ussd > call,True,False,call,2.000000,True,True,True,True,resolved
SYNTHETIC,J00493,C00493,change_plan,SUBSCRIPTION,assisted,call,2024-07-28T20:27:43Z,5.047571,1,1,call,True,True,call,1.000000,False,False,False,False,resolved
SYNTHETIC,J00494,C00494,change_provider,SUBSCRIPTION,assisted,app,2024-06-10T13:26:44Z,3.501369,1,1,app,True,True,app,1.000000,False,False,True,False,resolved
SYNTHETIC,J00495,C00495,activate_roaming,SERVICES,assisted,ussd,2024-07-05T03:26:03Z,2.059075,1,1,ussd,True,True,ussd,1.000000,False,False,True,False,resolved
SYNTHETIC,J00496,C00496,deactivate_call_management_services,SERVICES,assisted,call,2024-07-19T09:51:18Z,17.659949,1,1,call,True,True,call,1.000000,False,False,False,False,resolved
SYNTHETIC,J00497,C00497,check_mobile_payments,PAYMENT,self_service_candidate,ussd,2024-07-21T06:18:31Z,0.609899,1,1,ussd,True,True,ussd,1.000000,False,False,True,False,resolved
SYNTHETIC,J00498,C00498,payment_methods,PAYMENT,self_service_candidate,app,2024-07-16T04:35:50Z,1.577221,1,1,app,True,True,app,1.000000,False,False,True,False,resolved
SYNTHETIC,J00499,C00499,check_usage,CONSUMPTION,self_service_candidate,web,2024-08-26T10:32:41Z,7.989027,1,1,web,True,True,web,1.000000,False,False,True,False,resolved
SYNTHETIC,J00500,C00500,check_usage,CONSUMPTION,self_service_candidate,web,2024-06-07T02:23:45Z,8.474802,1,1,web,True,True,web,1.000000,False,False,True,False,resolved
SYNTHETIC,J00501,C00501,invoices,BILLING,self_service_candidate,social,2024-07-28T04:39:09Z,79.677441,1,1,social,False,False,,,False,False,True,False,chose_abandon
SYNTHETIC,J00502,C00502,check_excess_data_charges,CONSUMPTION,self_service_candidate,app,2024-07-19T20:38:57Z,1.436539,1,1,app,True,True,app,1.000000,False,False,True,False,resolved
SYNTHETIC,J00503,C00503,check_mobile_payments,PAYMENT,self_service_candidate,ussd,2024-08-14T01:00:13Z,2.046365,1,1,ussd,True,True,ussd,1.000000,False,False,True,False,resolved
SYNTHETIC,J00504,C00504,change_plan,SUBSCRIPTION,assisted,ussd,2024-08-22T01:42:28Z,1.467662,1,1,ussd,True,True,ussd,1.000000,False,False,True,False,resolved
SYNTHETIC,J00505,C00505,customer_service,CONTACT,assisted,app,2024-07-02T02:38:35Z,1.238610,1,1,app,False,False,,,False,False,True,False,chose_abandon
SYNTHETIC,J00506,C00506,invoices,BILLING,self_service_candidate,ussd,2024-06-08T07:23:56Z,1.014360,2,2,ussd > call,True,False,call,2.000000,True,True,True,True,resolved
SYNTHETIC,J00507,C00507,invoices,BILLING,self_service_candidate,app,2024-07-27T15:48:12Z,2.999010,1,1,app,True,True,app,1.000000,False,False,True,False,resolved
SYNTHETIC,J00508,C00508,check_usage,CONSUMPTION,self_service_candidate,ussd,2024-08-15T10:08:02Z,1.011900,1,1,ussd,True,True,ussd,1.000000,False,False,True,False,resolved
SYNTHETIC,J00509,C00509,dispute_invoice,BILLING,complaint,web,2024-08-28T01:09:20Z,3.006589,4,3,web > app > app > call,True,False,call,4.000000,True,True,True,True,resolved
SYNTHETIC,J00510,C00510,activate_roaming,SERVICES,assisted,app,2024-06-29T20:12:30Z,2.188115,1,1,app,True,True,app,1.000000,False,False,True,False,resolved
SYNTHETIC,J00511,C00511,pay,PAYMENT,assisted,ussd,2024-06-13T20:27:16Z,1.398603,1,1,ussd,True,True,ussd,1.000000,False,False,True,False,resolved
SYNTHETIC,J00512,C00512,activate_roaming,SERVICES,assisted,app,2024-06-08T02:37:18Z,1.689914,2,2,app > call,True,False,call,2.000000,True,True,True,True,resolved
SYNTHETIC,J00513,C00513,customer_service,CONTACT,assisted,web,2024-08-23T06:55:52Z,5.649304,2,2,web > call,True,False,call,2.000000,True,True,True,True,resolved
SYNTHETIC,J00514,C00514,report_poor_signal_coverage,COMPLAINTS,complaint,app,2024-08-28T01:46:02Z,1.709821,1,1,app,False,False,,,False,False,True,False,chose_abandon
SYNTHETIC,J00515,C00515,get_compensation,COMPLAINTS,complaint,web,2024-07-26T16:44:47Z,5.433230,3,3,web > ussd > call,True,False,call,3.000000,True,True,True,True,resolved
SYNTHETIC,J00516,C00516,check_excess_data_charges,CONSUMPTION,self_service_candidate,ussd,2024-07-16T16:10:31Z,2.295657,1,1,ussd,True,True,ussd,1.000000,False,False,True,False,resolved
SYNTHETIC,J00517,C00517,report_problem,COMPLAINTS,complaint,call,2024-08-24T07:43:14Z,3.750388,1,1,call,True,True,call,1.000000,False,False,False,False,resolved
SYNTHETIC,J00518,C00518,change_plan,SUBSCRIPTION,assisted,web,2024-08-05T02:34:03Z,4.979197,2,2,web > call,True,False,call,2.000000,True,True,True,True,resolved
SYNTHETIC,J00519,C00519,invoices,BILLING,self_service_candidate,call,2024-07-09T21:46:31Z,10.539151,1,1,call,True,True,call,1.000000,False,False,False,False,resolved
SYNTHETIC,J00520,C00520,schedule_payments,PAYMENT,assisted,app,2024-07-03T06:21:32Z,2.050607,3,2,app > app > call,True,False,call,3.000000,True,True,True,True,resolved
SYNTHETIC,J00521,C00521,activate_call_management_services,SERVICES,assisted,web,2024-07-26T14:05:04Z,2.796743,1,1,web,True,True,web,1.000000,False,False,True,False,resolved
SYNTHETIC,J00522,C00522,pay,PAYMENT,assisted,ussd,2024-06-29T03:14:21Z,1.446471,1,1,ussd,True,True,ussd,1.000000,False,False,True,False,resolved
SYNTHETIC,J00523,C00523,dispute_invoice,BILLING,complaint,ussd,2024-08-01T12:08:11Z,1.851265,2,2,ussd > call,True,False,call,2.000000,True,True,True,True,resolved
SYNTHETIC,J00524,C00524,human_agent,CONTACT,complaint,ussd,2024-06-18T13:59:54Z,0.560819,2,2,ussd > call,True,False,call,2.000000,True,True,True,True,resolved
SYNTHETIC,J00525,C00525,activate_phone,SERVICES,assisted,app,2024-07-24T07:31:01Z,1.691879,1,1,app,True,True,app,1.000000,False,False,True,False,resolved
SYNTHETIC,J00526,C00526,activate_phone,SERVICES,assisted,call,2024-06-11T06:52:13Z,10.783523,1,1,call,True,True,call,1.000000,False,False,False,False,resolved
SYNTHETIC,J00527,C00527,check_usage,CONSUMPTION,self_service_candidate,ussd,2024-08-23T09:12:15Z,1.115713,1,1,ussd,True,True,ussd,1.000000,False,False,True,False,resolved
SYNTHETIC,J00528,C00528,report_problem,COMPLAINTS,complaint,ussd,2024-06-08T06:27:02Z,0.648423,2,2,ussd > app,False,False,,,True,True,True,False,chose_abandon
SYNTHETIC,J00529,C00529,install_internet,SERVICES,assisted,call,2024-08-05T08:31:58Z,5.284138,1,1,call,True,True,call,1.000000,False,False,False,False,resolved
SYNTHETIC,J00530,C00530,invoices,BILLING,self_service_candidate,call,2024-08-28T16:57:10Z,12.744875,1,1,call,True,True,call,1.000000,False,False,False,False,resolved
SYNTHETIC,J00531,C00531,activate_roaming,SERVICES,assisted,call,2024-08-05T00:31:01Z,3.862301,1,1,call,True,True,call,1.000000,False,False,False,False,resolved
SYNTHETIC,J00532,C00532,report_problem,COMPLAINTS,complaint,social,2024-08-17T11:32:40Z,11.185254,2,2,social > call,False,False,,,True,True,True,True,chose_abandon
SYNTHETIC,J00533,C00533,check_mobile_payments,PAYMENT,self_service_candidate,call,2024-08-21T17:33:30Z,6.417767,1,1,call,True,True,call,1.000000,False,False,False,False,resolved
SYNTHETIC,J00534,C00534,check_cancellation_fee,SUBSCRIPTION,self_service_candidate,app,2024-06-19T07:41:58Z,1.481357,1,1,app,True,True,app,1.000000,False,False,True,False,resolved
SYNTHETIC,J00535,C00535,invoices,BILLING,self_service_candidate,app,2024-08-28T11:53:44Z,1.887480,1,1,app,True,True,app,1.000000,False,False,True,False,resolved
SYNTHETIC,J00536,C00536,get_compensation,COMPLAINTS,complaint,call,2024-07-03T07:36:49Z,9.027623,4,1,call > call > call > call,False,False,,,True,False,False,False,max_contacts
SYNTHETIC,J00537,C00537,invoices,BILLING,self_service_candidate,call,2024-07-09T23:43:51Z,5.922858,1,1,call,True,True,call,1.000000,False,False,False,False,resolved
SYNTHETIC,J00538,C00538,dispute_invoice,BILLING,complaint,call,2024-07-07T07:27:34Z,10.644912,1,1,call,True,True,call,1.000000,False,False,False,False,resolved
SYNTHETIC,J00539,C00539,check_usage,CONSUMPTION,self_service_candidate,ussd,2024-07-08T08:00:24Z,0.557611,1,1,ussd,True,True,ussd,1.000000,False,False,True,False,resolved
SYNTHETIC,J00540,C00540,get_compensation,COMPLAINTS,complaint,ussd,2024-08-03T23:39:36Z,0.834457,2,2,ussd > social,True,False,social,2.000000,True,True,True,False,resolved
SYNTHETIC,J00541,C00541,check_usage,CONSUMPTION,self_service_candidate,web,2024-08-07T17:11:08Z,5.808679,1,1,web,True,True,web,1.000000,False,False,True,False,resolved
SYNTHETIC,J00542,C00542,invoices,BILLING,self_service_candidate,social,2024-08-17T06:06:54Z,27.052434,1,1,social,True,True,social,1.000000,False,False,True,False,resolved
SYNTHETIC,J00543,C00543,pay,PAYMENT,assisted,web,2024-06-05T12:35:11Z,4.232142,1,1,web,False,False,,,False,False,True,False,chose_abandon
SYNTHETIC,J00544,C00544,check_mobile_payments,PAYMENT,self_service_candidate,call,2024-07-14T06:00:35Z,3.443502,1,1,call,True,True,call,1.000000,False,False,False,False,resolved
SYNTHETIC,J00545,C00545,invoices,BILLING,self_service_candidate,ussd,2024-07-23T00:03:01Z,1.054223,1,1,ussd,True,True,ussd,1.000000,False,False,True,False,resolved
SYNTHETIC,J00546,C00546,invoices,BILLING,self_service_candidate,web,2024-08-01T13:38:44Z,13.064483,1,1,web,True,True,web,1.000000,False,False,True,False,resolved
SYNTHETIC,J00547,C00547,change_plan,SUBSCRIPTION,assisted,app,2024-07-07T18:42:43Z,4.947904,1,1,app,True,True,app,1.000000,False,False,True,False,resolved
SYNTHETIC,J00548,C00548,check_mobile_payments,PAYMENT,self_service_candidate,app,2024-06-14T12:03:50Z,3.002523,1,1,app,True,True,app,1.000000,False,False,True,False,resolved
SYNTHETIC,J00549,C00549,report_poor_signal_coverage,COMPLAINTS,complaint,social,2024-08-03T19:41:48Z,19.445130,1,1,social,False,False,,,False,False,True,False,chose_abandon
SYNTHETIC,J00550,C00550,report_poor_signal_coverage,COMPLAINTS,complaint,web,2024-06-11T22:05:34Z,8.230556,1,1,web,False,False,,,False,False,True,False,chose_abandon
SYNTHETIC,J00551,C00551,install_internet,SERVICES,assisted,ussd,2024-06-28T08:34:02Z,1.155977,2,2,ussd > call,True,False,call,2.000000,True,True,True,True,resolved
SYNTHETIC,J00552,C00552,check_signal_coverage,SERVICES,self_service_candidate,social,2024-08-23T14:07:14Z,18.489071,2,2,social > call,True,False,call,2.000000,True,True,True,True,resolved
SYNTHETIC,J00553,C00553,cancel_plan,SUBSCRIPTION,assisted,app,2024-08-01T04:34:53Z,6.488825,2,2,app > call,True,False,call,2.000000,True,True,True,True,resolved
SYNTHETIC,J00554,C00554,dispute_invoice,BILLING,complaint,social,2024-06-21T15:04:52Z,14.188590,2,2,social > call,False,False,,,True,True,True,True,chose_abandon
SYNTHETIC,J00555,C00555,report_problem,COMPLAINTS,complaint,call,2024-07-27T06:43:52Z,8.270033,2,1,call > call,True,False,call,2.000000,True,False,False,False,resolved
SYNTHETIC,J00556,C00556,dispute_invoice,BILLING,complaint,ussd,2024-06-19T06:45:31Z,1.539413,2,2,ussd > call,True,False,call,2.000000,True,True,True,True,resolved
SYNTHETIC,J00557,C00557,check_usage,CONSUMPTION,self_service_candidate,app,2024-08-18T16:23:05Z,4.636977,1,1,app,True,True,app,1.000000,False,False,True,False,resolved
SYNTHETIC,J00558,C00558,get_compensation,COMPLAINTS,complaint,app,2024-06-18T13:11:58Z,1.086678,2,1,app > app,False,False,,,True,False,True,False,chose_abandon
SYNTHETIC,J00559,C00559,invoices,BILLING,self_service_candidate,app,2024-07-11T08:19:43Z,1.756588,1,1,app,True,True,app,1.000000,False,False,True,False,resolved
SYNTHETIC,J00560,C00560,pay,PAYMENT,assisted,app,2024-07-15T15:55:16Z,2.937655,1,1,app,False,False,,,False,False,True,False,chose_abandon
SYNTHETIC,J00561,C00561,activate_phone,SERVICES,assisted,web,2024-06-16T17:54:04Z,2.640665,3,2,web > web > social,False,False,,,True,True,True,False,chose_abandon
SYNTHETIC,J00562,C00562,customer_service,CONTACT,assisted,ussd,2024-08-22T03:57:21Z,1.936727,1,1,ussd,True,True,ussd,1.000000,False,False,True,False,resolved
SYNTHETIC,J00563,C00563,report_poor_signal_coverage,COMPLAINTS,complaint,call,2024-08-07T09:24:35Z,4.159190,4,3,call > web > app > call,True,False,call,4.000000,True,True,False,False,resolved
SYNTHETIC,J00564,C00564,check_usage,CONSUMPTION,self_service_candidate,ussd,2024-08-05T03:14:04Z,1.959893,1,1,ussd,True,True,ussd,1.000000,False,False,True,False,resolved
SYNTHETIC,J00565,C00565,check_signal_coverage,SERVICES,self_service_candidate,ussd,2024-06-23T01:53:21Z,1.292419,1,1,ussd,True,True,ussd,1.000000,False,False,True,False,resolved
SYNTHETIC,J00566,C00566,check_usage,CONSUMPTION,self_service_candidate,ussd,2024-06-11T06:44:07Z,1.629728,3,2,ussd > ussd > call,True,False,call,3.000000,True,True,True,True,resolved
SYNTHETIC,J00567,C00567,activate_phone,SERVICES,assisted,app,2024-07-27T21:50:29Z,4.755220,4,4,app > call > social > ussd,True,False,ussd,4.000000,True,True,True,True,resolved
SYNTHETIC,J00568,C00568,check_excess_data_charges,CONSUMPTION,self_service_candidate,call,2024-07-27T16:57:25Z,8.412409,1,1,call,True,True,call,1.000000,False,False,False,False,resolved
SYNTHETIC,J00569,C00569,deactivate_phone,SERVICES,assisted,app,2024-06-26T11:12:45Z,0.726552,1,1,app,True,True,app,1.000000,False,False,True,False,resolved
SYNTHETIC,J00570,C00570,activate_roaming,SERVICES,assisted,ussd,2024-07-27T10:32:55Z,1.440289,1,1,ussd,True,True,ussd,1.000000,False,False,True,False,resolved
SYNTHETIC,J00571,C00571,check_mobile_payments,PAYMENT,self_service_candidate,app,2024-08-21T02:13:11Z,2.113278,1,1,app,True,True,app,1.000000,False,False,True,False,resolved
SYNTHETIC,J00572,C00572,set_usage_limits,CONSUMPTION,assisted,app,2024-06-15T22:57:17Z,2.598072,1,1,app,True,True,app,1.000000,False,False,True,False,resolved
SYNTHETIC,J00573,C00573,report_problem,COMPLAINTS,complaint,ussd,2024-08-22T13:36:38Z,1.134496,2,1,ussd > ussd,True,False,ussd,2.000000,True,False,True,False,resolved
SYNTHETIC,J00574,C00574,check_usage,CONSUMPTION,self_service_candidate,social,2024-06-30T01:01:48Z,29.626166,1,1,social,True,True,social,1.000000,False,False,True,False,resolved
SYNTHETIC,J00575,C00575,payment_methods,PAYMENT,self_service_candidate,call,2024-06-23T21:41:56Z,2.935800,1,1,call,True,True,call,1.000000,False,False,False,False,resolved
SYNTHETIC,J00576,C00576,cancel_plan,SUBSCRIPTION,assisted,social,2024-06-04T21:55:55Z,30.815359,4,3,social > app > call > call,True,False,call,4.000000,True,True,True,True,resolved
SYNTHETIC,J00577,C00577,report_poor_signal_coverage,COMPLAINTS,complaint,app,2024-08-14T12:50:28Z,5.468564,2,2,app > call,True,False,call,2.000000,True,True,True,True,resolved
SYNTHETIC,J00578,C00578,dispute_invoice,BILLING,complaint,app,2024-06-14T01:10:03Z,1.209844,4,2,app > app > call > app,False,False,,,True,True,True,True,max_contacts
SYNTHETIC,J00579,C00579,report_problem,COMPLAINTS,complaint,app,2024-08-15T09:01:09Z,2.039454,1,1,app,False,False,,,False,False,True,False,chose_abandon
SYNTHETIC,J00580,C00580,schedule_payments,PAYMENT,assisted,social,2024-08-31T20:48:03Z,30.479916,2,2,social > call,True,False,call,2.000000,True,True,True,True,resolved
SYNTHETIC,J00581,C00581,get_compensation,COMPLAINTS,complaint,ussd,2024-08-25T17:07:03Z,0.932166,3,3,ussd > web > call,False,False,,,True,True,True,True,chose_abandon
SYNTHETIC,J00582,C00582,check_usage,CONSUMPTION,self_service_candidate,ussd,2024-06-09T06:25:25Z,1.394572,1,1,ussd,True,True,ussd,1.000000,False,False,True,False,resolved
SYNTHETIC,J00583,C00583,set_usage_limits,CONSUMPTION,assisted,web,2024-08-05T15:23:06Z,5.155040,2,2,web > call,True,False,call,2.000000,True,True,True,True,resolved
SYNTHETIC,J00584,C00584,deactivate_phone,SERVICES,assisted,ussd,2024-06-17T05:47:02Z,0.831012,1,1,ussd,False,False,,,False,False,True,False,chose_abandon
SYNTHETIC,J00585,C00585,check_excess_data_charges,CONSUMPTION,self_service_candidate,web,2024-08-24T01:05:16Z,2.911737,2,2,web > call,True,False,call,2.000000,True,True,True,True,resolved
SYNTHETIC,J00586,C00586,payment_methods,PAYMENT,self_service_candidate,ussd,2024-07-06T00:09:44Z,0.723025,1,1,ussd,True,True,ussd,1.000000,False,False,True,False,resolved
SYNTHETIC,J00587,C00587,payment_methods,PAYMENT,self_service_candidate,ussd,2024-07-16T08:53:55Z,0.859339,2,1,ussd > ussd,True,False,ussd,2.000000,True,False,True,False,resolved
SYNTHETIC,J00588,C00588,install_internet,SERVICES,assisted,call,2024-07-28T01:02:39Z,15.309545,2,2,call > app,False,False,,,True,True,False,False,chose_abandon
SYNTHETIC,J00589,C00589,change_plan,SUBSCRIPTION,assisted,ussd,2024-07-21T14:17:58Z,0.724073,1,1,ussd,False,False,,,False,False,True,False,chose_abandon
SYNTHETIC,J00590,C00590,invoices,BILLING,self_service_candidate,call,2024-06-12T02:07:27Z,5.375572,1,1,call,True,True,call,1.000000,False,False,False,False,resolved
SYNTHETIC,J00591,C00591,report_problem,COMPLAINTS,complaint,call,2024-08-03T09:42:32Z,6.994028,1,1,call,True,True,call,1.000000,False,False,False,False,resolved
SYNTHETIC,J00592,C00592,check_usage,CONSUMPTION,self_service_candidate,app,2024-08-12T17:37:11Z,1.116477,1,1,app,True,True,app,1.000000,False,False,True,False,resolved
SYNTHETIC,J00593,C00593,report_problem,COMPLAINTS,complaint,social,2024-08-27T10:27:52Z,43.302334,2,2,social > app,False,False,,,True,True,True,False,chose_abandon
SYNTHETIC,J00594,C00594,check_mobile_payments,PAYMENT,self_service_candidate,ussd,2024-08-08T10:35:35Z,1.484424,1,1,ussd,True,True,ussd,1.000000,False,False,True,False,resolved
SYNTHETIC,J00595,C00595,report_problem,COMPLAINTS,complaint,ussd,2024-07-17T11:12:09Z,1.431306,2,1,ussd > ussd,False,False,,,True,False,True,False,chose_abandon
SYNTHETIC,J00596,C00596,invoices,BILLING,self_service_candidate,call,2024-07-08T21:03:17Z,4.378986,1,1,call,True,True,call,1.000000,False,False,False,False,resolved
SYNTHETIC,J00597,C00597,check_mobile_payments,PAYMENT,self_service_candidate,app,2024-06-24T05:41:17Z,0.857579,1,1,app,True,True,app,1.000000,False,False,True,False,resolved
SYNTHETIC,J00598,C00598,check_mobile_payments,PAYMENT,self_service_candidate,social,2024-09-01T05:56:03Z,19.950490,1,1,social,False,False,,,False,False,True,False,chose_abandon
SYNTHETIC,J00599,C00599,check_signal_coverage,SERVICES,self_service_candidate,call,2024-07-17T16:36:07Z,3.181460,1,1,call,True,True,call,1.000000,False,False,False,False,resolved
SYNTHETIC,J00600,C00600,invoices,BILLING,self_service_candidate,social,2024-06-14T23:55:53Z,56.856416,2,2,social > call,True,False,call,2.000000,True,True,True,True,resolved
SYNTHETIC,J00601,C00601,dispute_invoice,BILLING,complaint,app,2024-07-08T20:38:54Z,2.338941,1,1,app,False,False,,,False,False,True,False,chose_abandon
SYNTHETIC,J00602,C00602,schedule_payments,PAYMENT,assisted,social,2024-07-02T06:54:52Z,27.247757,4,2,social > call > call > call,True,False,call,4.000000,True,True,True,True,resolved
SYNTHETIC,J00603,C00603,invoices,BILLING,self_service_candidate,call,2024-08-24T14:28:52Z,12.311814,1,1,call,True,True,call,1.000000,False,False,False,False,resolved
SYNTHETIC,J00604,C00604,check_signal_coverage,SERVICES,self_service_candidate,call,2024-08-18T03:11:44Z,8.041924,1,1,call,True,True,call,1.000000,False,False,False,False,resolved
SYNTHETIC,J00605,C00605,pay,PAYMENT,assisted,ussd,2024-07-13T18:05:08Z,0.864620,3,2,ussd > ussd > web,True,False,web,3.000000,True,True,True,False,resolved
SYNTHETIC,J00606,C00606,get_compensation,COMPLAINTS,complaint,app,2024-07-13T22:55:07Z,2.222801,2,1,app > app,False,False,,,True,False,True,False,chose_abandon
SYNTHETIC,J00607,C00607,check_signal_coverage,SERVICES,self_service_candidate,app,2024-08-22T22:52:35Z,2.041161,1,1,app,True,True,app,1.000000,False,False,True,False,resolved
SYNTHETIC,J00608,C00608,sign_up_for_plan,SUBSCRIPTION,assisted,ussd,2024-08-20T20:47:04Z,1.643885,4,3,ussd > web > call > call,True,False,call,4.000000,True,True,True,True,resolved
SYNTHETIC,J00609,C00609,invoices,BILLING,self_service_candidate,call,2024-06-26T01:17:34Z,5.323424,1,1,call,True,True,call,1.000000,False,False,False,False,resolved
SYNTHETIC,J00610,C00610,get_compensation,COMPLAINTS,complaint,ussd,2024-08-01T20:48:00Z,0.825744,2,2,ussd > call,True,False,call,2.000000,True,True,True,True,resolved
SYNTHETIC,J00611,C00611,install_internet,SERVICES,assisted,app,2024-06-20T16:27:22Z,2.308670,1,1,app,True,True,app,1.000000,False,False,True,False,resolved
SYNTHETIC,J00612,C00612,sign_up_for_plan,SUBSCRIPTION,assisted,app,2024-06-24T23:50:30Z,1.145007,1,1,app,True,True,app,1.000000,False,False,True,False,resolved
SYNTHETIC,J00613,C00613,check_usage,CONSUMPTION,self_service_candidate,call,2024-08-20T10:01:41Z,9.887794,1,1,call,True,True,call,1.000000,False,False,False,False,resolved
SYNTHETIC,J00614,C00614,change_plan,SUBSCRIPTION,assisted,ussd,2024-06-12T05:16:34Z,0.562789,1,1,ussd,True,True,ussd,1.000000,False,False,True,False,resolved
SYNTHETIC,J00615,C00615,report_poor_signal_coverage,COMPLAINTS,complaint,call,2024-08-15T00:38:45Z,1.889662,2,1,call > call,False,False,,,True,False,False,False,chose_abandon
SYNTHETIC,J00616,C00616,activate_phone,SERVICES,assisted,ussd,2024-08-03T14:46:11Z,1.343902,4,3,ussd > app > call > call,False,False,,,True,True,True,True,max_contacts
SYNTHETIC,J00617,C00617,dispute_invoice,BILLING,complaint,web,2024-07-13T14:49:47Z,4.877145,2,2,web > app,False,False,,,True,True,True,False,chose_abandon
SYNTHETIC,J00618,C00618,pay,PAYMENT,assisted,ussd,2024-08-06T02:02:17Z,1.564895,3,3,ussd > call > web,True,False,web,3.000000,True,True,True,True,resolved
SYNTHETIC,J00619,C00619,check_mobile_payments,PAYMENT,self_service_candidate,app,2024-07-31T17:07:27Z,1.702603,1,1,app,True,True,app,1.000000,False,False,True,False,resolved
SYNTHETIC,J00620,C00620,change_plan,SUBSCRIPTION,assisted,app,2024-08-11T18:13:09Z,1.396162,1,1,app,True,True,app,1.000000,False,False,True,False,resolved
SYNTHETIC,J00621,C00621,get_compensation,COMPLAINTS,complaint,app,2024-08-03T01:44:56Z,0.953944,4,4,app > web > ussd > call,True,False,call,4.000000,True,True,True,True,resolved
SYNTHETIC,J00622,C00622,dispute_invoice,BILLING,complaint,call,2024-08-29T02:08:37Z,4.964086,1,1,call,True,True,call,1.000000,False,False,False,False,resolved
SYNTHETIC,J00623,C00623,activate_call_management_services,SERVICES,assisted,ussd,2024-06-27T19:59:44Z,0.372097,2,1,ussd > ussd,False,False,,,True,False,True,False,chose_abandon
SYNTHETIC,J00624,C00624,report_poor_signal_coverage,COMPLAINTS,complaint,ussd,2024-08-19T12:33:40Z,0.760069,2,2,ussd > call,False,False,,,True,True,True,True,chose_abandon
SYNTHETIC,J00625,C00625,human_agent,CONTACT,complaint,ussd,2024-07-05T19:08:17Z,0.791006,4,3,ussd > app > call > call,False,False,,,True,True,True,True,max_contacts
SYNTHETIC,J00626,C00626,check_usage,CONSUMPTION,self_service_candidate,social,2024-07-27T19:52:52Z,49.956385,1,1,social,True,True,social,1.000000,False,False,True,False,resolved
SYNTHETIC,J00627,C00627,report_problem,COMPLAINTS,complaint,ussd,2024-06-21T19:47:14Z,1.275742,2,2,ussd > call,True,False,call,2.000000,True,True,True,True,resolved
SYNTHETIC,J00628,C00628,schedule_payments,PAYMENT,assisted,app,2024-06-30T07:29:10Z,4.990223,4,3,app > web > call > call,True,False,call,4.000000,True,True,True,True,resolved
SYNTHETIC,J00629,C00629,check_usage,CONSUMPTION,self_service_candidate,app,2024-08-08T05:42:13Z,6.380901,1,1,app,True,True,app,1.000000,False,False,True,False,resolved
SYNTHETIC,J00630,C00630,install_internet,SERVICES,assisted,ussd,2024-06-15T10:18:16Z,1.209409,2,2,ussd > call,True,False,call,2.000000,True,True,True,True,resolved
SYNTHETIC,J00631,C00631,human_agent,CONTACT,complaint,app,2024-08-14T00:40:50Z,1.542105,2,2,app > ussd,False,False,,,True,True,True,False,chose_abandon
SYNTHETIC,J00632,C00632,check_usage,CONSUMPTION,self_service_candidate,call,2024-08-29T14:58:23Z,3.256807,1,1,call,True,True,call,1.000000,False,False,False,False,resolved
SYNTHETIC,J00633,C00633,activate_call_management_services,SERVICES,assisted,web,2024-08-15T13:52:51Z,3.319699,1,1,web,True,True,web,1.000000,False,False,True,False,resolved
SYNTHETIC,J00634,C00634,invoices,BILLING,self_service_candidate,call,2024-08-26T20:23:58Z,7.177485,1,1,call,True,True,call,1.000000,False,False,False,False,resolved
SYNTHETIC,J00635,C00635,report_poor_signal_coverage,COMPLAINTS,complaint,call,2024-06-08T00:27:46Z,7.036923,4,1,call > call > call > call,False,False,,,True,False,False,False,max_contacts
SYNTHETIC,J00636,C00636,invoices,BILLING,self_service_candidate,app,2024-07-17T23:42:44Z,3.474524,2,2,app > call,True,False,call,2.000000,True,True,True,True,resolved
SYNTHETIC,J00637,C00637,pay,PAYMENT,assisted,ussd,2024-07-10T12:00:04Z,1.355958,2,2,ussd > call,True,False,call,2.000000,True,True,True,True,resolved
SYNTHETIC,J00638,C00638,activate_phone,SERVICES,assisted,web,2024-07-15T19:31:58Z,6.998308,1,1,web,True,True,web,1.000000,False,False,True,False,resolved
SYNTHETIC,J00639,C00639,report_problem,COMPLAINTS,complaint,ussd,2024-08-11T22:00:06Z,1.327268,2,2,ussd > app,False,False,,,True,True,True,False,chose_abandon
SYNTHETIC,J00640,C00640,activate_roaming,SERVICES,assisted,ussd,2024-08-01T00:51:40Z,1.346962,2,2,ussd > call,True,False,call,2.000000,True,True,True,True,resolved
SYNTHETIC,J00641,C00641,pay,PAYMENT,assisted,ussd,2024-06-19T15:39:04Z,0.726298,2,2,ussd > call,True,False,call,2.000000,True,True,True,True,resolved
SYNTHETIC,J00642,C00642,check_mobile_payments,PAYMENT,self_service_candidate,app,2024-08-08T02:50:59Z,1.503036,1,1,app,True,True,app,1.000000,False,False,True,False,resolved
SYNTHETIC,J00643,C00643,payment_methods,PAYMENT,self_service_candidate,call,2024-08-28T09:31:50Z,5.489264,1,1,call,True,True,call,1.000000,False,False,False,False,resolved
SYNTHETIC,J00644,C00644,check_usage,CONSUMPTION,self_service_candidate,ussd,2024-07-19T03:43:33Z,0.990083,1,1,ussd,True,True,ussd,1.000000,False,False,True,False,resolved
SYNTHETIC,J00645,C00645,invoices,BILLING,self_service_candidate,ussd,2024-07-29T00:28:58Z,0.720474,1,1,ussd,True,True,ussd,1.000000,False,False,True,False,resolved
SYNTHETIC,J00646,C00646,check_excess_data_charges,CONSUMPTION,self_service_candidate,call,2024-08-07T02:58:45Z,8.202005,1,1,call,True,True,call,1.000000,False,False,False,False,resolved
SYNTHETIC,J00647,C00647,install_internet,SERVICES,assisted,call,2024-06-10T13:54:01Z,24.386121,2,2,call > ussd,False,False,,,True,True,False,False,chose_abandon
SYNTHETIC,J00648,C00648,check_mobile_payments,PAYMENT,self_service_candidate,ussd,2024-07-18T16:34:01Z,0.936320,1,1,ussd,True,True,ussd,1.000000,False,False,True,False,resolved
SYNTHETIC,J00649,C00649,report_problem,COMPLAINTS,complaint,call,2024-06-15T12:48:09Z,10.426843,1,1,call,True,True,call,1.000000,False,False,False,False,resolved
SYNTHETIC,J00650,C00650,change_provider,SUBSCRIPTION,assisted,call,2024-08-11T09:55:55Z,9.738672,1,1,call,True,True,call,1.000000,False,False,False,False,resolved
SYNTHETIC,J00651,C00651,customer_service,CONTACT,assisted,ussd,2024-08-12T22:13:31Z,0.947629,3,2,ussd > social > ussd,False,False,,,True,True,True,False,chose_abandon
SYNTHETIC,J00652,C00652,invoices,BILLING,self_service_candidate,app,2024-07-31T08:37:14Z,2.898248,1,1,app,True,True,app,1.000000,False,False,True,False,resolved
SYNTHETIC,J00653,C00653,check_excess_data_charges,CONSUMPTION,self_service_candidate,app,2024-07-22T04:57:06Z,2.005772,1,1,app,True,True,app,1.000000,False,False,True,False,resolved
SYNTHETIC,J00654,C00654,change_plan,SUBSCRIPTION,assisted,ussd,2024-07-27T10:28:16Z,1.125975,2,2,ussd > call,True,False,call,2.000000,True,True,True,True,resolved
SYNTHETIC,J00655,C00655,check_excess_data_charges,CONSUMPTION,self_service_candidate,app,2024-08-04T11:39:01Z,1.599054,1,1,app,True,True,app,1.000000,False,False,True,False,resolved
SYNTHETIC,J00656,C00656,check_signal_coverage,SERVICES,self_service_candidate,app,2024-07-05T17:17:47Z,4.006119,1,1,app,True,True,app,1.000000,False,False,True,False,resolved
SYNTHETIC,J00657,C00657,check_excess_data_charges,CONSUMPTION,self_service_candidate,ussd,2024-06-21T13:20:26Z,0.597964,1,1,ussd,True,True,ussd,1.000000,False,False,True,False,resolved
SYNTHETIC,J00658,C00658,check_signal_coverage,SERVICES,self_service_candidate,ussd,2024-06-14T11:12:39Z,0.313153,1,1,ussd,True,True,ussd,1.000000,False,False,True,False,resolved
SYNTHETIC,J00659,C00659,activate_call_management_services,SERVICES,assisted,ussd,2024-08-06T21:41:36Z,1.556573,2,2,ussd > app,True,False,app,2.000000,True,True,True,False,resolved
SYNTHETIC,J00660,C00660,check_signal_coverage,SERVICES,self_service_candidate,call,2024-07-22T02:54:46Z,6.951737,1,1,call,True,True,call,1.000000,False,False,False,False,resolved
SYNTHETIC,J00661,C00661,invoices,BILLING,self_service_candidate,app,2024-07-11T16:00:32Z,1.463370,1,1,app,True,True,app,1.000000,False,False,True,False,resolved
SYNTHETIC,J00662,C00662,activate_roaming,SERVICES,assisted,web,2024-07-12T01:51:19Z,4.198287,3,3,web > app > call,True,False,call,3.000000,True,True,True,True,resolved
SYNTHETIC,J00663,C00663,report_poor_signal_coverage,COMPLAINTS,complaint,ussd,2024-06-18T16:13:14Z,1.115630,4,4,ussd > call > web > app,False,False,,,True,True,True,True,max_contacts
SYNTHETIC,J00664,C00664,set_usage_limits,CONSUMPTION,assisted,ussd,2024-06-19T05:10:08Z,1.133593,4,4,ussd > web > app > call,True,False,call,4.000000,True,True,True,True,resolved
SYNTHETIC,J00665,C00665,check_mobile_payments,PAYMENT,self_service_candidate,social,2024-06-18T11:08:46Z,6.985123,1,1,social,True,True,social,1.000000,False,False,True,False,resolved
SYNTHETIC,J00666,C00666,report_problem,COMPLAINTS,complaint,call,2024-08-30T19:19:20Z,2.243862,1,1,call,True,True,call,1.000000,False,False,False,False,resolved
SYNTHETIC,J00667,C00667,get_compensation,COMPLAINTS,complaint,ussd,2024-06-21T17:20:36Z,0.793255,2,2,ussd > call,True,False,call,2.000000,True,True,True,True,resolved
SYNTHETIC,J00668,C00668,report_problem,COMPLAINTS,complaint,ussd,2024-08-10T08:09:29Z,0.745186,1,1,ussd,True,True,ussd,1.000000,False,False,True,False,resolved
SYNTHETIC,J00669,C00669,pay,PAYMENT,assisted,web,2024-07-03T13:40:23Z,11.272856,1,1,web,True,True,web,1.000000,False,False,True,False,resolved
SYNTHETIC,J00670,C00670,check_signal_coverage,SERVICES,self_service_candidate,app,2024-08-23T09:25:34Z,1.579717,1,1,app,True,True,app,1.000000,False,False,True,False,resolved
SYNTHETIC,J00671,C00671,invoices,BILLING,self_service_candidate,social,2024-07-06T12:32:54Z,14.333768,2,2,social > call,True,False,call,2.000000,True,True,True,True,resolved
SYNTHETIC,J00672,C00672,dispute_invoice,BILLING,complaint,web,2024-08-16T10:51:10Z,5.208915,3,1,web > web > web,False,False,,,True,False,True,False,chose_abandon
SYNTHETIC,J00673,C00673,check_usage,CONSUMPTION,self_service_candidate,app,2024-07-14T03:04:42Z,2.376182,1,1,app,False,False,,,False,False,True,False,chose_abandon
SYNTHETIC,J00674,C00674,invoices,BILLING,self_service_candidate,web,2024-06-17T14:59:41Z,7.781152,1,1,web,True,True,web,1.000000,False,False,True,False,resolved
SYNTHETIC,J00675,C00675,cancel_plan,SUBSCRIPTION,assisted,ussd,2024-07-28T05:45:59Z,1.156633,2,2,ussd > call,True,False,call,2.000000,True,True,True,True,resolved
SYNTHETIC,J00676,C00676,install_internet,SERVICES,assisted,ussd,2024-08-08T23:55:56Z,1.490491,2,1,ussd > ussd,True,False,ussd,2.000000,True,False,True,False,resolved
SYNTHETIC,J00677,C00677,report_poor_signal_coverage,COMPLAINTS,complaint,app,2024-07-07T22:00:03Z,1.102093,2,2,app > call,True,False,call,2.000000,True,True,True,True,resolved
SYNTHETIC,J00678,C00678,check_usage,CONSUMPTION,self_service_candidate,ussd,2024-08-03T02:39:18Z,0.943806,1,1,ussd,True,True,ussd,1.000000,False,False,True,False,resolved
SYNTHETIC,J00679,C00679,pay,PAYMENT,assisted,call,2024-08-16T15:52:42Z,4.798732,1,1,call,True,True,call,1.000000,False,False,False,False,resolved
SYNTHETIC,J00680,C00680,check_signal_coverage,SERVICES,self_service_candidate,call,2024-08-08T04:01:35Z,7.114217,1,1,call,True,True,call,1.000000,False,False,False,False,resolved
SYNTHETIC,J00681,C00681,invoices,BILLING,self_service_candidate,social,2024-06-27T16:29:24Z,9.621432,1,1,social,True,True,social,1.000000,False,False,True,False,resolved
SYNTHETIC,J00682,C00682,schedule_payments,PAYMENT,assisted,ussd,2024-08-21T19:07:17Z,1.251476,1,1,ussd,True,True,ussd,1.000000,False,False,True,False,resolved
SYNTHETIC,J00683,C00683,customer_service,CONTACT,assisted,call,2024-06-22T09:36:47Z,6.320193,2,1,call > call,False,False,,,True,False,False,False,chose_abandon
SYNTHETIC,J00684,C00684,deactivate_call_management_services,SERVICES,assisted,ussd,2024-06-11T16:40:16Z,0.630080,2,2,ussd > call,True,False,call,2.000000,True,True,True,True,resolved
SYNTHETIC,J00685,C00685,dispute_invoice,BILLING,complaint,web,2024-07-19T01:21:35Z,3.990733,4,2,web > call > call > call,False,False,,,True,True,True,True,max_contacts
SYNTHETIC,J00686,C00686,check_usage,CONSUMPTION,self_service_candidate,call,2024-06-13T14:20:34Z,3.863677,1,1,call,True,True,call,1.000000,False,False,False,False,resolved
SYNTHETIC,J00687,C00687,report_poor_signal_coverage,COMPLAINTS,complaint,app,2024-06-07T06:34:07Z,1.333706,2,2,app > call,True,False,call,2.000000,True,True,True,True,resolved
SYNTHETIC,J00688,C00688,deactivate_phone,SERVICES,assisted,ussd,2024-06-30T11:15:27Z,0.786343,1,1,ussd,False,False,,,False,False,True,False,chose_abandon
SYNTHETIC,J00689,C00689,sign_up_for_plan,SUBSCRIPTION,assisted,web,2024-07-07T09:59:15Z,3.118798,3,2,web > web > call,True,False,call,3.000000,True,True,True,True,resolved
SYNTHETIC,J00690,C00690,dispute_invoice,BILLING,complaint,app,2024-06-17T06:25:11Z,1.006480,2,1,app > app,True,False,app,2.000000,True,False,True,False,resolved
SYNTHETIC,J00691,C00691,dispute_invoice,BILLING,complaint,call,2024-07-21T05:37:30Z,5.174345,1,1,call,True,True,call,1.000000,False,False,False,False,resolved
SYNTHETIC,J00692,C00692,pay,PAYMENT,assisted,call,2024-08-23T05:31:09Z,6.122739,1,1,call,True,True,call,1.000000,False,False,False,False,resolved
SYNTHETIC,J00693,C00693,human_agent,CONTACT,complaint,call,2024-07-13T03:12:42Z,6.486951,1,1,call,False,False,,,False,False,False,False,chose_abandon
SYNTHETIC,J00694,C00694,set_usage_limits,CONSUMPTION,assisted,web,2024-07-21T17:02:42Z,3.630515,1,1,web,True,True,web,1.000000,False,False,True,False,resolved
SYNTHETIC,J00695,C00695,report_poor_signal_coverage,COMPLAINTS,complaint,ussd,2024-06-19T06:36:57Z,0.896857,3,3,ussd > call > web,False,False,,,True,True,True,True,chose_abandon
SYNTHETIC,J00696,C00696,check_mobile_payments,PAYMENT,self_service_candidate,web,2024-06-20T07:14:13Z,2.123044,1,1,web,True,True,web,1.000000,False,False,True,False,resolved
SYNTHETIC,J00697,C00697,schedule_payments,PAYMENT,assisted,ussd,2024-08-07T19:15:22Z,0.600747,2,2,ussd > call,True,False,call,2.000000,True,True,True,True,resolved
SYNTHETIC,J00698,C00698,get_compensation,COMPLAINTS,complaint,call,2024-08-27T13:49:53Z,6.425629,2,1,call > call,False,False,,,True,False,False,False,chose_abandon
SYNTHETIC,J00699,C00699,set_usage_limits,CONSUMPTION,assisted,web,2024-06-22T01:43:56Z,5.179743,2,2,web > call,False,False,,,True,True,True,True,chose_abandon
SYNTHETIC,J00700,C00700,invoices,BILLING,self_service_candidate,ussd,2024-07-06T08:04:35Z,1.051431,1,1,ussd,True,True,ussd,1.000000,False,False,True,False,resolved
SYNTHETIC,J00701,C00701,report_poor_signal_coverage,COMPLAINTS,complaint,social,2024-07-06T11:30:57Z,40.720953,4,3,social > web > app > social,False,False,,,True,True,True,False,max_contacts
SYNTHETIC,J00702,C00702,check_excess_data_charges,CONSUMPTION,self_service_candidate,social,2024-06-26T02:39:37Z,12.481503,1,1,social,False,False,,,False,False,True,False,chose_abandon
SYNTHETIC,J00703,C00703,get_compensation,COMPLAINTS,complaint,app,2024-08-29T05:31:58Z,1.375852,2,2,app > call,True,False,call,2.000000,True,True,True,True,resolved
SYNTHETIC,J00704,C00704,report_problem,COMPLAINTS,complaint,call,2024-06-29T12:42:57Z,2.850637,2,1,call > call,True,False,call,2.000000,True,False,False,False,resolved
SYNTHETIC,J00705,C00705,check_signal_coverage,SERVICES,self_service_candidate,call,2024-08-24T22:49:54Z,2.113829,1,1,call,True,True,call,1.000000,False,False,False,False,resolved
SYNTHETIC,J00706,C00706,invoices,BILLING,self_service_candidate,call,2024-06-26T06:15:33Z,4.894870,1,1,call,True,True,call,1.000000,False,False,False,False,resolved
SYNTHETIC,J00707,C00707,check_mobile_payments,PAYMENT,self_service_candidate,social,2024-07-11T21:33:05Z,28.611262,1,1,social,True,True,social,1.000000,False,False,True,False,resolved
SYNTHETIC,J00708,C00708,set_usage_limits,CONSUMPTION,assisted,ussd,2024-08-22T22:38:24Z,1.147583,2,2,ussd > app,True,False,app,2.000000,True,True,True,False,resolved
SYNTHETIC,J00709,C00709,check_usage,CONSUMPTION,self_service_candidate,call,2024-08-29T23:44:51Z,4.849278,1,1,call,True,True,call,1.000000,False,False,False,False,resolved
SYNTHETIC,J00710,C00710,activate_phone,SERVICES,assisted,app,2024-07-24T23:56:32Z,2.240160,4,3,app > social > call > call,False,False,,,True,True,True,True,max_contacts
SYNTHETIC,J00711,C00711,change_plan,SUBSCRIPTION,assisted,app,2024-08-12T01:44:27Z,1.524296,4,2,app > app > call > call,False,False,,,True,True,True,True,max_contacts
SYNTHETIC,J00712,C00712,invoices,BILLING,self_service_candidate,web,2024-08-21T11:47:18Z,6.085267,1,1,web,True,True,web,1.000000,False,False,True,False,resolved
SYNTHETIC,J00713,C00713,check_usage,CONSUMPTION,self_service_candidate,call,2024-07-26T02:22:56Z,8.732291,1,1,call,True,True,call,1.000000,False,False,False,False,resolved
SYNTHETIC,J00714,C00714,check_mobile_payments,PAYMENT,self_service_candidate,call,2024-08-06T16:35:15Z,7.027359,1,1,call,True,True,call,1.000000,False,False,False,False,resolved
SYNTHETIC,J00715,C00715,pay,PAYMENT,assisted,app,2024-08-01T08:43:09Z,1.877615,1,1,app,False,False,,,False,False,True,False,chose_abandon
SYNTHETIC,J00716,C00716,check_usage,CONSUMPTION,self_service_candidate,ussd,2024-07-31T22:34:49Z,0.608823,1,1,ussd,True,True,ussd,1.000000,False,False,True,False,resolved
SYNTHETIC,J00717,C00717,change_plan,SUBSCRIPTION,assisted,ussd,2024-08-02T03:35:12Z,0.298956,1,1,ussd,False,False,,,False,False,True,False,chose_abandon
SYNTHETIC,J00718,C00718,check_excess_data_charges,CONSUMPTION,self_service_candidate,web,2024-07-07T19:32:37Z,4.614987,1,1,web,True,True,web,1.000000,False,False,True,False,resolved
SYNTHETIC,J00719,C00719,report_problem,COMPLAINTS,complaint,app,2024-06-24T08:56:07Z,3.808802,1,1,app,False,False,,,False,False,True,False,chose_abandon
SYNTHETIC,J00720,C00720,check_usage,CONSUMPTION,self_service_candidate,ussd,2024-06-24T22:56:48Z,0.646793,1,1,ussd,True,True,ussd,1.000000,False,False,True,False,resolved
SYNTHETIC,J00721,C00721,check_mobile_payments,PAYMENT,self_service_candidate,ussd,2024-07-21T04:49:30Z,1.108346,1,1,ussd,True,True,ussd,1.000000,False,False,True,False,resolved
SYNTHETIC,J00722,C00722,deactivate_call_management_services,SERVICES,assisted,call,2024-08-02T16:36:31Z,3.433117,1,1,call,True,True,call,1.000000,False,False,False,False,resolved
SYNTHETIC,J00723,C00723,report_poor_signal_coverage,COMPLAINTS,complaint,ussd,2024-08-06T15:44:04Z,0.562725,4,2,ussd > call > call > call,False,False,,,True,True,True,True,max_contacts
SYNTHETIC,J00724,C00724,check_usage,CONSUMPTION,self_service_candidate,ussd,2024-07-24T01:28:36Z,0.734001,1,1,ussd,True,True,ussd,1.000000,False,False,True,False,resolved
SYNTHETIC,J00725,C00725,human_agent,CONTACT,complaint,app,2024-08-05T11:44:13Z,3.671936,4,4,app > call > social > web,False,False,,,True,True,True,True,max_contacts
SYNTHETIC,J00726,C00726,report_problem,COMPLAINTS,complaint,ussd,2024-06-26T23:02:05Z,0.885745,1,1,ussd,False,False,,,False,False,True,False,chose_abandon
SYNTHETIC,J00727,C00727,check_mobile_payments,PAYMENT,self_service_candidate,call,2024-08-22T12:21:22Z,13.328007,1,1,call,True,True,call,1.000000,False,False,False,False,resolved
SYNTHETIC,J00728,C00728,report_problem,COMPLAINTS,complaint,ussd,2024-08-29T02:35:14Z,0.674777,3,3,ussd > app > call,False,False,,,True,True,True,True,chose_abandon
SYNTHETIC,J00729,C00729,activate_call_management_services,SERVICES,assisted,call,2024-07-29T07:48:59Z,3.526710,1,1,call,True,True,call,1.000000,False,False,False,False,resolved
SYNTHETIC,J00730,C00730,sign_up_for_plan,SUBSCRIPTION,assisted,call,2024-06-05T13:01:16Z,4.729507,1,1,call,True,True,call,1.000000,False,False,False,False,resolved
SYNTHETIC,J00731,C00731,check_usage,CONSUMPTION,self_service_candidate,call,2024-07-02T10:28:03Z,7.127341,1,1,call,True,True,call,1.000000,False,False,False,False,resolved
SYNTHETIC,J00732,C00732,schedule_payments,PAYMENT,assisted,web,2024-08-18T08:27:56Z,4.134682,1,1,web,True,True,web,1.000000,False,False,True,False,resolved
SYNTHETIC,J00733,C00733,check_usage,CONSUMPTION,self_service_candidate,ussd,2024-07-03T16:39:20Z,1.282305,2,2,ussd > web,True,False,web,2.000000,True,True,True,False,resolved
SYNTHETIC,J00734,C00734,activate_phone,SERVICES,assisted,ussd,2024-06-12T14:24:50Z,1.335630,1,1,ussd,True,True,ussd,1.000000,False,False,True,False,resolved
SYNTHETIC,J00735,C00735,deactivate_phone,SERVICES,assisted,ussd,2024-07-07T04:39:09Z,1.154037,3,2,ussd > ussd > call,True,False,call,3.000000,True,True,True,True,resolved
SYNTHETIC,J00736,C00736,cancel_plan,SUBSCRIPTION,assisted,call,2024-06-08T20:44:56Z,6.232593,1,1,call,True,True,call,1.000000,False,False,False,False,resolved
SYNTHETIC,J00737,C00737,check_signal_coverage,SERVICES,self_service_candidate,app,2024-08-01T22:56:57Z,2.799504,1,1,app,True,True,app,1.000000,False,False,True,False,resolved
SYNTHETIC,J00738,C00738,cancel_plan,SUBSCRIPTION,assisted,ussd,2024-08-16T13:19:29Z,1.010360,1,1,ussd,True,True,ussd,1.000000,False,False,True,False,resolved
SYNTHETIC,J00739,C00739,get_compensation,COMPLAINTS,complaint,ussd,2024-06-08T14:06:07Z,1.105189,2,2,ussd > call,False,False,,,True,True,True,True,chose_abandon
SYNTHETIC,J00740,C00740,customer_service,CONTACT,assisted,web,2024-07-25T00:20:41Z,12.297268,1,1,web,True,True,web,1.000000,False,False,True,False,resolved
SYNTHETIC,J00741,C00741,dispute_invoice,BILLING,complaint,app,2024-08-02T07:48:23Z,1.570072,1,1,app,True,True,app,1.000000,False,False,True,False,resolved
SYNTHETIC,J00742,C00742,customer_service,CONTACT,assisted,web,2024-07-20T05:56:00Z,4.845614,1,1,web,True,True,web,1.000000,False,False,True,False,resolved
SYNTHETIC,J00743,C00743,check_excess_data_charges,CONSUMPTION,self_service_candidate,call,2024-07-25T07:39:11Z,6.128750,1,1,call,True,True,call,1.000000,False,False,False,False,resolved
SYNTHETIC,J00744,C00744,schedule_payments,PAYMENT,assisted,app,2024-08-28T05:24:29Z,3.236058,1,1,app,True,True,app,1.000000,False,False,True,False,resolved
SYNTHETIC,J00745,C00745,check_usage,CONSUMPTION,self_service_candidate,ussd,2024-08-29T02:30:16Z,1.940527,2,2,ussd > call,True,False,call,2.000000,True,True,True,True,resolved
SYNTHETIC,J00746,C00746,check_usage,CONSUMPTION,self_service_candidate,web,2024-06-23T01:53:51Z,3.526590,2,2,web > call,True,False,call,2.000000,True,True,True,True,resolved
SYNTHETIC,J00747,C00747,report_problem,COMPLAINTS,complaint,ussd,2024-07-03T20:17:18Z,0.837520,3,3,ussd > call > app,True,False,app,3.000000,True,True,True,True,resolved
SYNTHETIC,J00748,C00748,dispute_invoice,BILLING,complaint,ussd,2024-07-30T15:49:34Z,1.097117,1,1,ussd,True,True,ussd,1.000000,False,False,True,False,resolved
SYNTHETIC,J00749,C00749,report_poor_signal_coverage,COMPLAINTS,complaint,app,2024-07-21T22:41:43Z,2.523751,2,2,app > call,True,False,call,2.000000,True,True,True,True,resolved
SYNTHETIC,J00750,C00750,get_compensation,COMPLAINTS,complaint,app,2024-08-15T14:56:26Z,2.791103,1,1,app,False,False,,,False,False,True,False,chose_abandon
SYNTHETIC,J00751,C00751,report_poor_signal_coverage,COMPLAINTS,complaint,ussd,2024-06-09T10:11:15Z,0.898430,4,2,ussd > call > call > call,True,False,call,4.000000,True,True,True,True,resolved
SYNTHETIC,J00752,C00752,change_plan,SUBSCRIPTION,assisted,ussd,2024-07-24T10:37:10Z,0.552285,2,2,ussd > call,True,False,call,2.000000,True,True,True,True,resolved
SYNTHETIC,J00753,C00753,check_mobile_payments,PAYMENT,self_service_candidate,ussd,2024-08-05T18:41:35Z,1.280480,1,1,ussd,True,True,ussd,1.000000,False,False,True,False,resolved
SYNTHETIC,J00754,C00754,dispute_invoice,BILLING,complaint,ussd,2024-07-02T15:40:52Z,1.815027,3,2,ussd > ussd > call,True,False,call,3.000000,True,True,True,True,resolved
SYNTHETIC,J00755,C00755,check_signal_coverage,SERVICES,self_service_candidate,app,2024-06-09T14:18:56Z,5.118529,1,1,app,True,True,app,1.000000,False,False,True,False,resolved
SYNTHETIC,J00756,C00756,schedule_payments,PAYMENT,assisted,ussd,2024-07-08T06:46:27Z,1.933789,2,2,ussd > call,True,False,call,2.000000,True,True,True,True,resolved
SYNTHETIC,J00757,C00757,payment_methods,PAYMENT,self_service_candidate,app,2024-07-10T19:09:33Z,1.715441,1,1,app,True,True,app,1.000000,False,False,True,False,resolved
SYNTHETIC,J00758,C00758,activate_roaming,SERVICES,assisted,app,2024-08-25T20:55:32Z,2.205816,2,2,app > call,True,False,call,2.000000,True,True,True,True,resolved
SYNTHETIC,J00759,C00759,pay,PAYMENT,assisted,call,2024-06-26T20:12:34Z,6.294259,1,1,call,True,True,call,1.000000,False,False,False,False,resolved
SYNTHETIC,J00760,C00760,invoices,BILLING,self_service_candidate,call,2024-06-09T03:59:32Z,10.082616,1,1,call,True,True,call,1.000000,False,False,False,False,resolved
SYNTHETIC,J00761,C00761,payment_methods,PAYMENT,self_service_candidate,ussd,2024-07-18T12:12:57Z,0.799372,1,1,ussd,True,True,ussd,1.000000,False,False,True,False,resolved
SYNTHETIC,J00762,C00762,report_poor_signal_coverage,COMPLAINTS,complaint,app,2024-07-05T02:49:19Z,1.352235,3,3,app > ussd > call,True,False,call,3.000000,True,True,True,True,resolved
SYNTHETIC,J00763,C00763,dispute_invoice,BILLING,complaint,app,2024-06-18T08:57:24Z,1.413350,4,3,app > social > app > call,True,False,call,4.000000,True,True,True,True,resolved
SYNTHETIC,J00764,C00764,report_problem,COMPLAINTS,complaint,call,2024-08-14T22:41:11Z,6.690398,4,3,call > app > call > ussd,False,False,,,True,True,False,False,max_contacts
SYNTHETIC,J00765,C00765,check_excess_data_charges,CONSUMPTION,self_service_candidate,app,2024-08-14T17:11:59Z,3.051053,1,1,app,True,True,app,1.000000,False,False,True,False,resolved
SYNTHETIC,J00766,C00766,check_usage,CONSUMPTION,self_service_candidate,app,2024-08-06T18:51:41Z,2.324595,1,1,app,True,True,app,1.000000,False,False,True,False,resolved
SYNTHETIC,J00767,C00767,activate_roaming,SERVICES,assisted,call,2024-08-16T01:39:19Z,4.877122,1,1,call,True,True,call,1.000000,False,False,False,False,resolved
SYNTHETIC,J00768,C00768,check_signal_coverage,SERVICES,self_service_candidate,web,2024-07-22T06:04:48Z,2.540821,1,1,web,True,True,web,1.000000,False,False,True,False,resolved
SYNTHETIC,J00769,C00769,invoices,BILLING,self_service_candidate,social,2024-06-20T10:05:43Z,22.875576,1,1,social,True,True,social,1.000000,False,False,True,False,resolved
SYNTHETIC,J00770,C00770,check_excess_data_charges,CONSUMPTION,self_service_candidate,ussd,2024-07-20T01:49:19Z,0.696528,2,2,ussd > call,True,False,call,2.000000,True,True,True,True,resolved
SYNTHETIC,J00771,C00771,schedule_payments,PAYMENT,assisted,app,2024-07-10T16:23:11Z,2.809966,2,1,app > app,True,False,app,2.000000,True,False,True,False,resolved
SYNTHETIC,J00772,C00772,pay,PAYMENT,assisted,app,2024-06-17T13:38:26Z,4.059950,1,1,app,True,True,app,1.000000,False,False,True,False,resolved
SYNTHETIC,J00773,C00773,deactivate_phone,SERVICES,assisted,ussd,2024-08-18T10:30:17Z,0.727155,1,1,ussd,True,True,ussd,1.000000,False,False,True,False,resolved
SYNTHETIC,J00774,C00774,check_usage,CONSUMPTION,self_service_candidate,call,2024-06-13T19:28:02Z,4.652267,1,1,call,True,True,call,1.000000,False,False,False,False,resolved
SYNTHETIC,J00775,C00775,schedule_payments,PAYMENT,assisted,ussd,2024-08-03T13:52:09Z,1.190826,1,1,ussd,True,True,ussd,1.000000,False,False,True,False,resolved
SYNTHETIC,J00776,C00776,report_poor_signal_coverage,COMPLAINTS,complaint,call,2024-07-29T09:51:18Z,8.305208,1,1,call,True,True,call,1.000000,False,False,False,False,resolved
SYNTHETIC,J00777,C00777,set_usage_limits,CONSUMPTION,assisted,call,2024-07-03T11:35:56Z,3.123000,1,1,call,True,True,call,1.000000,False,False,False,False,resolved
SYNTHETIC,J00778,C00778,change_plan,SUBSCRIPTION,assisted,app,2024-07-19T19:29:25Z,1.478004,2,1,app > app,True,False,app,2.000000,True,False,True,False,resolved
SYNTHETIC,J00779,C00779,change_plan,SUBSCRIPTION,assisted,web,2024-06-06T03:41:24Z,2.782241,1,1,web,True,True,web,1.000000,False,False,True,False,resolved
SYNTHETIC,J00780,C00780,activate_call_management_services,SERVICES,assisted,social,2024-08-14T04:33:34Z,26.570637,3,2,social > call > call,True,False,call,3.000000,True,True,True,True,resolved
SYNTHETIC,J00781,C00781,payment_methods,PAYMENT,self_service_candidate,ussd,2024-07-31T07:31:15Z,0.938532,1,1,ussd,True,True,ussd,1.000000,False,False,True,False,resolved
SYNTHETIC,J00782,C00782,pay,PAYMENT,assisted,social,2024-07-20T13:37:53Z,8.303348,1,1,social,True,True,social,1.000000,False,False,True,False,resolved
SYNTHETIC,J00783,C00783,pay,PAYMENT,assisted,call,2024-07-28T17:32:42Z,17.394527,1,1,call,True,True,call,1.000000,False,False,False,False,resolved
SYNTHETIC,J00784,C00784,pay,PAYMENT,assisted,call,2024-07-14T17:35:45Z,9.129357,1,1,call,True,True,call,1.000000,False,False,False,False,resolved
SYNTHETIC,J00785,C00785,check_usage,CONSUMPTION,self_service_candidate,call,2024-08-18T01:26:15Z,4.497076,1,1,call,True,True,call,1.000000,False,False,False,False,resolved
SYNTHETIC,J00786,C00786,sign_up_for_plan,SUBSCRIPTION,assisted,call,2024-07-14T09:57:07Z,15.381630,3,1,call > call > call,True,False,call,3.000000,True,False,False,False,resolved
SYNTHETIC,J00787,C00787,invoices,BILLING,self_service_candidate,ussd,2024-07-08T04:34:00Z,2.373080,1,1,ussd,True,True,ussd,1.000000,False,False,True,False,resolved
SYNTHETIC,J00788,C00788,dispute_invoice,BILLING,complaint,ussd,2024-07-19T18:49:04Z,2.048676,1,1,ussd,False,False,,,False,False,True,False,chose_abandon
SYNTHETIC,J00789,C00789,report_problem,COMPLAINTS,complaint,ussd,2024-07-09T07:12:01Z,1.670610,3,2,ussd > ussd > call,False,False,,,True,True,True,True,chose_abandon
SYNTHETIC,J00790,C00790,report_problem,COMPLAINTS,complaint,app,2024-06-17T23:28:48Z,1.214762,3,2,app > app > call,True,False,call,3.000000,True,True,True,True,resolved
SYNTHETIC,J00791,C00791,change_provider,SUBSCRIPTION,assisted,app,2024-08-25T22:43:52Z,2.469831,2,2,app > social,False,False,,,True,True,True,False,chose_abandon
SYNTHETIC,J00792,C00792,activate_call_management_services,SERVICES,assisted,ussd,2024-06-08T03:15:49Z,0.836462,3,2,ussd > social > ussd,True,False,ussd,3.000000,True,True,True,False,resolved
SYNTHETIC,J00793,C00793,check_signal_coverage,SERVICES,self_service_candidate,call,2024-08-01T20:08:54Z,4.162998,1,1,call,True,True,call,1.000000,False,False,False,False,resolved
SYNTHETIC,J00794,C00794,get_compensation,COMPLAINTS,complaint,ussd,2024-08-21T19:12:30Z,0.723751,4,3,ussd > call > social > call,False,False,,,True,True,True,True,max_contacts
SYNTHETIC,J00795,C00795,invoices,BILLING,self_service_candidate,app,2024-06-14T04:38:07Z,1.443629,1,1,app,True,True,app,1.000000,False,False,True,False,resolved
SYNTHETIC,J00796,C00796,customer_service,CONTACT,assisted,app,2024-07-10T23:46:49Z,0.824075,4,2,app > ussd > ussd > app,False,False,,,True,True,True,False,max_contacts
SYNTHETIC,J00797,C00797,change_plan,SUBSCRIPTION,assisted,ussd,2024-06-04T12:47:27Z,1.268884,1,1,ussd,True,True,ussd,1.000000,False,False,True,False,resolved
SYNTHETIC,J00798,C00798,dispute_invoice,BILLING,complaint,social,2024-07-02T12:56:25Z,17.264231,1,1,social,True,True,social,1.000000,False,False,True,False,resolved
SYNTHETIC,J00799,C00799,report_poor_signal_coverage,COMPLAINTS,complaint,call,2024-08-20T02:21:35Z,5.405376,1,1,call,True,True,call,1.000000,False,False,False,False,resolved
SYNTHETIC,J00800,C00800,check_mobile_payments,PAYMENT,self_service_candidate,app,2024-06-24T21:10:59Z,1.421163,1,1,app,True,True,app,1.000000,False,False,True,False,resolved
SYNTHETIC,J00801,C00801,set_usage_limits,CONSUMPTION,assisted,app,2024-07-31T14:34:14Z,1.019519,3,2,app > call > call,True,False,call,3.000000,True,True,True,True,resolved
SYNTHETIC,J00802,C00802,payment_methods,PAYMENT,self_service_candidate,ussd,2024-06-18T00:48:31Z,1.348103,1,1,ussd,True,True,ussd,1.000000,False,False,True,False,resolved
SYNTHETIC,J00803,C00803,set_usage_limits,CONSUMPTION,assisted,ussd,2024-07-25T13:20:37Z,1.160095,1,1,ussd,True,True,ussd,1.000000,False,False,True,False,resolved
SYNTHETIC,J00804,C00804,invoices,BILLING,self_service_candidate,call,2024-08-01T21:50:56Z,2.465071,1,1,call,True,True,call,1.000000,False,False,False,False,resolved
SYNTHETIC,J00805,C00805,install_internet,SERVICES,assisted,call,2024-08-29T11:26:16Z,7.694029,1,1,call,True,True,call,1.000000,False,False,False,False,resolved
SYNTHETIC,J00806,C00806,schedule_payments,PAYMENT,assisted,call,2024-08-03T05:06:56Z,3.214452,1,1,call,True,True,call,1.000000,False,False,False,False,resolved
SYNTHETIC,J00807,C00807,set_usage_limits,CONSUMPTION,assisted,social,2024-07-04T08:50:33Z,67.382206,2,2,social > call,True,False,call,2.000000,True,True,True,True,resolved
SYNTHETIC,J00808,C00808,invoices,BILLING,self_service_candidate,social,2024-08-09T11:52:12Z,37.845039,2,2,social > app,True,False,app,2.000000,True,True,True,False,resolved
SYNTHETIC,J00809,C00809,invoices,BILLING,self_service_candidate,social,2024-06-10T23:02:17Z,11.274990,1,1,social,True,True,social,1.000000,False,False,True,False,resolved
SYNTHETIC,J00810,C00810,check_usage,CONSUMPTION,self_service_candidate,app,2024-06-16T03:13:40Z,1.635435,1,1,app,True,True,app,1.000000,False,False,True,False,resolved
SYNTHETIC,J00811,C00811,dispute_invoice,BILLING,complaint,ussd,2024-07-06T06:07:26Z,0.724731,4,3,ussd > call > ussd > social,False,False,,,True,True,True,True,max_contacts
SYNTHETIC,J00812,C00812,sign_up_for_plan,SUBSCRIPTION,assisted,app,2024-07-09T05:39:29Z,1.907562,3,3,app > social > call,True,False,call,3.000000,True,True,True,True,resolved
SYNTHETIC,J00813,C00813,get_compensation,COMPLAINTS,complaint,call,2024-07-10T20:03:37Z,10.324501,1,1,call,True,True,call,1.000000,False,False,False,False,resolved
SYNTHETIC,J00814,C00814,customer_service,CONTACT,assisted,call,2024-06-06T14:33:48Z,7.868240,1,1,call,True,True,call,1.000000,False,False,False,False,resolved
SYNTHETIC,J00815,C00815,check_mobile_payments,PAYMENT,self_service_candidate,app,2024-07-26T14:55:34Z,1.433902,1,1,app,True,True,app,1.000000,False,False,True,False,resolved
SYNTHETIC,J00816,C00816,pay,PAYMENT,assisted,call,2024-07-26T19:22:58Z,8.811441,1,1,call,True,True,call,1.000000,False,False,False,False,resolved
SYNTHETIC,J00817,C00817,invoices,BILLING,self_service_candidate,web,2024-08-28T05:44:43Z,4.109851,1,1,web,True,True,web,1.000000,False,False,True,False,resolved
SYNTHETIC,J00818,C00818,check_excess_data_charges,CONSUMPTION,self_service_candidate,call,2024-06-15T16:40:52Z,5.059932,1,1,call,True,True,call,1.000000,False,False,False,False,resolved
SYNTHETIC,J00819,C00819,activate_phone,SERVICES,assisted,call,2024-08-13T20:56:31Z,4.284295,2,1,call > call,True,False,call,2.000000,True,False,False,False,resolved
SYNTHETIC,J00820,C00820,report_problem,COMPLAINTS,complaint,app,2024-08-13T15:00:59Z,0.920296,2,2,app > call,True,False,call,2.000000,True,True,True,True,resolved
SYNTHETIC,J00821,C00821,human_agent,CONTACT,complaint,call,2024-07-03T13:45:53Z,14.542361,1,1,call,False,False,,,False,False,False,False,chose_abandon
SYNTHETIC,J00822,C00822,activate_call_management_services,SERVICES,assisted,app,2024-08-03T23:12:27Z,1.435901,1,1,app,True,True,app,1.000000,False,False,True,False,resolved
SYNTHETIC,J00823,C00823,invoices,BILLING,self_service_candidate,ussd,2024-07-02T07:24:37Z,0.997668,1,1,ussd,True,True,ussd,1.000000,False,False,True,False,resolved
SYNTHETIC,J00824,C00824,report_poor_signal_coverage,COMPLAINTS,complaint,app,2024-08-02T05:15:03Z,1.264391,2,2,app > social,False,False,,,True,True,True,False,chose_abandon
SYNTHETIC,J00825,C00825,check_signal_coverage,SERVICES,self_service_candidate,app,2024-07-20T13:40:23Z,1.480108,3,3,app > call > social,True,False,social,3.000000,True,True,True,True,resolved
SYNTHETIC,J00826,C00826,activate_phone,SERVICES,assisted,app,2024-07-16T18:42:01Z,2.490524,4,3,app > social > social > call,True,False,call,4.000000,True,True,True,True,resolved
SYNTHETIC,J00827,C00827,activate_roaming,SERVICES,assisted,social,2024-07-26T02:22:51Z,5.691209,1,1,social,True,True,social,1.000000,False,False,True,False,resolved
SYNTHETIC,J00828,C00828,check_usage,CONSUMPTION,self_service_candidate,call,2024-08-19T21:41:35Z,5.720125,1,1,call,True,True,call,1.000000,False,False,False,False,resolved
SYNTHETIC,J00829,C00829,check_usage,CONSUMPTION,self_service_candidate,app,2024-07-16T09:56:31Z,1.682667,1,1,app,True,True,app,1.000000,False,False,True,False,resolved
SYNTHETIC,J00830,C00830,invoices,BILLING,self_service_candidate,app,2024-06-21T17:38:05Z,5.194861,1,1,app,True,True,app,1.000000,False,False,True,False,resolved
SYNTHETIC,J00831,C00831,set_usage_limits,CONSUMPTION,assisted,web,2024-06-03T17:55:22Z,29.901176,1,1,web,True,True,web,1.000000,False,False,True,False,resolved
SYNTHETIC,J00832,C00832,change_plan,SUBSCRIPTION,assisted,web,2024-08-02T21:17:27Z,3.620586,1,1,web,False,False,,,False,False,True,False,chose_abandon
SYNTHETIC,J00833,C00833,invoices,BILLING,self_service_candidate,call,2024-06-07T20:29:26Z,5.554687,1,1,call,False,False,,,False,False,False,False,chose_abandon
SYNTHETIC,J00834,C00834,customer_service,CONTACT,assisted,app,2024-08-03T05:04:06Z,1.200902,1,1,app,True,True,app,1.000000,False,False,True,False,resolved
SYNTHETIC,J00835,C00835,check_usage,CONSUMPTION,self_service_candidate,ussd,2024-08-29T07:21:52Z,1.131632,1,1,ussd,True,True,ussd,1.000000,False,False,True,False,resolved
SYNTHETIC,J00836,C00836,activate_roaming,SERVICES,assisted,app,2024-08-22T15:00:58Z,1.261748,1,1,app,True,True,app,1.000000,False,False,True,False,resolved
SYNTHETIC,J00837,C00837,dispute_invoice,BILLING,complaint,ussd,2024-07-07T00:55:27Z,0.883515,4,1,ussd > ussd > ussd > ussd,False,False,,,True,False,True,False,max_contacts
SYNTHETIC,J00838,C00838,activate_call_management_services,SERVICES,assisted,web,2024-07-07T17:41:32Z,3.974022,1,1,web,True,True,web,1.000000,False,False,True,False,resolved
SYNTHETIC,J00839,C00839,check_mobile_payments,PAYMENT,self_service_candidate,social,2024-08-21T14:04:48Z,171.991194,1,1,social,False,False,,,False,False,True,False,chose_abandon
SYNTHETIC,J00840,C00840,report_problem,COMPLAINTS,complaint,call,2024-08-12T22:30:58Z,3.446481,1,1,call,False,False,,,False,False,False,False,chose_abandon
SYNTHETIC,J00841,C00841,check_excess_data_charges,CONSUMPTION,self_service_candidate,call,2024-06-12T01:29:17Z,12.710092,1,1,call,True,True,call,1.000000,False,False,False,False,resolved
SYNTHETIC,J00842,C00842,report_problem,COMPLAINTS,complaint,app,2024-06-13T20:55:10Z,3.211371,4,3,app > ussd > app > call,False,False,,,True,True,True,True,max_contacts
SYNTHETIC,J00843,C00843,check_cancellation_fee,SUBSCRIPTION,self_service_candidate,ussd,2024-06-11T23:48:06Z,0.433802,1,1,ussd,True,True,ussd,1.000000,False,False,True,False,resolved
SYNTHETIC,J00844,C00844,activate_phone,SERVICES,assisted,ussd,2024-07-02T19:57:02Z,1.083315,1,1,ussd,True,True,ussd,1.000000,False,False,True,False,resolved
SYNTHETIC,J00845,C00845,dispute_invoice,BILLING,complaint,app,2024-08-04T03:32:32Z,2.114023,1,1,app,True,True,app,1.000000,False,False,True,False,resolved
SYNTHETIC,J00846,C00846,report_poor_signal_coverage,COMPLAINTS,complaint,call,2024-08-10T09:37:10Z,6.341899,1,1,call,True,True,call,1.000000,False,False,False,False,resolved
SYNTHETIC,J00847,C00847,activate_phone,SERVICES,assisted,call,2024-06-28T15:45:02Z,7.145920,1,1,call,False,False,,,False,False,False,False,chose_abandon
SYNTHETIC,J00848,C00848,invoices,BILLING,self_service_candidate,app,2024-07-17T19:57:14Z,2.357593,1,1,app,True,True,app,1.000000,False,False,True,False,resolved
SYNTHETIC,J00849,C00849,check_usage,CONSUMPTION,self_service_candidate,call,2024-07-16T07:28:02Z,5.580672,1,1,call,True,True,call,1.000000,False,False,False,False,resolved
SYNTHETIC,J00850,C00850,check_usage,CONSUMPTION,self_service_candidate,social,2024-08-12T12:46:37Z,31.471873,3,2,social > social > call,True,False,call,3.000000,True,True,True,True,resolved
SYNTHETIC,J00851,C00851,report_problem,COMPLAINTS,complaint,call,2024-08-01T04:35:23Z,9.113667,1,1,call,True,True,call,1.000000,False,False,False,False,resolved
SYNTHETIC,J00852,C00852,check_signal_coverage,SERVICES,self_service_candidate,ussd,2024-08-06T01:59:42Z,1.431769,1,1,ussd,True,True,ussd,1.000000,False,False,True,False,resolved
SYNTHETIC,J00853,C00853,deactivate_phone,SERVICES,assisted,call,2024-06-08T09:44:02Z,8.094054,1,1,call,True,True,call,1.000000,False,False,False,False,resolved
SYNTHETIC,J00854,C00854,report_problem,COMPLAINTS,complaint,app,2024-08-05T21:33:20Z,0.882818,4,2,app > web > app > app,False,False,,,True,True,True,False,max_contacts
SYNTHETIC,J00855,C00855,activate_phone,SERVICES,assisted,app,2024-06-14T06:04:56Z,1.379678,2,2,app > call,True,False,call,2.000000,True,True,True,True,resolved
SYNTHETIC,J00856,C00856,install_internet,SERVICES,assisted,ussd,2024-07-29T22:32:51Z,0.824027,1,1,ussd,True,True,ussd,1.000000,False,False,True,False,resolved
SYNTHETIC,J00857,C00857,report_problem,COMPLAINTS,complaint,web,2024-08-18T22:47:06Z,4.648809,1,1,web,False,False,,,False,False,True,False,chose_abandon
SYNTHETIC,J00858,C00858,payment_methods,PAYMENT,self_service_candidate,call,2024-07-08T19:23:09Z,4.617608,1,1,call,True,True,call,1.000000,False,False,False,False,resolved
SYNTHETIC,J00859,C00859,invoices,BILLING,self_service_candidate,app,2024-06-08T06:06:51Z,3.257348,1,1,app,True,True,app,1.000000,False,False,True,False,resolved
SYNTHETIC,J00860,C00860,dispute_invoice,BILLING,complaint,call,2024-06-04T11:54:50Z,10.466706,2,2,call > web,False,False,,,True,True,False,False,chose_abandon
SYNTHETIC,J00861,C00861,invoices,BILLING,self_service_candidate,call,2024-07-30T00:53:35Z,1.179999,1,1,call,True,True,call,1.000000,False,False,False,False,resolved
SYNTHETIC,J00862,C00862,report_problem,COMPLAINTS,complaint,call,2024-07-28T09:32:43Z,7.310576,4,3,call > call > social > ussd,False,False,,,True,True,False,False,max_contacts
SYNTHETIC,J00863,C00863,check_usage,CONSUMPTION,self_service_candidate,app,2024-06-08T17:12:25Z,1.022709,1,1,app,True,True,app,1.000000,False,False,True,False,resolved
SYNTHETIC,J00864,C00864,activate_phone,SERVICES,assisted,ussd,2024-08-15T10:03:02Z,0.588452,2,1,ussd > ussd,True,False,ussd,2.000000,True,False,True,False,resolved
SYNTHETIC,J00865,C00865,activate_phone,SERVICES,assisted,social,2024-07-31T09:01:02Z,20.952350,2,2,social > call,False,False,,,True,True,True,True,chose_abandon
SYNTHETIC,J00866,C00866,get_compensation,COMPLAINTS,complaint,ussd,2024-08-16T04:51:14Z,0.601477,1,1,ussd,False,False,,,False,False,True,False,chose_abandon
SYNTHETIC,J00867,C00867,pay,PAYMENT,assisted,app,2024-06-21T19:12:58Z,2.196369,4,4,app > social > web > call,True,False,call,4.000000,True,True,True,True,resolved
SYNTHETIC,J00868,C00868,activate_phone,SERVICES,assisted,ussd,2024-08-12T14:47:46Z,1.495333,2,2,ussd > call,True,False,call,2.000000,True,True,True,True,resolved
SYNTHETIC,J00869,C00869,report_poor_signal_coverage,COMPLAINTS,complaint,call,2024-06-13T18:56:43Z,9.982807,1,1,call,True,True,call,1.000000,False,False,False,False,resolved
SYNTHETIC,J00870,C00870,dispute_invoice,BILLING,complaint,ussd,2024-07-06T04:30:47Z,0.800583,3,2,ussd > call > call,True,False,call,3.000000,True,True,True,True,resolved
SYNTHETIC,J00871,C00871,set_usage_limits,CONSUMPTION,assisted,call,2024-07-04T17:05:52Z,3.616972,1,1,call,False,False,,,False,False,False,False,chose_abandon
SYNTHETIC,J00872,C00872,report_problem,COMPLAINTS,complaint,ussd,2024-08-07T17:58:09Z,1.208862,2,2,ussd > call,False,False,,,True,True,True,True,chose_abandon
SYNTHETIC,J00873,C00873,invoices,BILLING,self_service_candidate,web,2024-08-30T13:09:19Z,4.733561,1,1,web,True,True,web,1.000000,False,False,True,False,resolved
SYNTHETIC,J00874,C00874,schedule_payments,PAYMENT,assisted,ussd,2024-06-29T21:15:24Z,0.709372,3,2,ussd > ussd > web,True,False,web,3.000000,True,True,True,False,resolved
SYNTHETIC,J00875,C00875,payment_methods,PAYMENT,self_service_candidate,app,2024-08-22T20:33:26Z,1.959224,1,1,app,True,True,app,1.000000,False,False,True,False,resolved
SYNTHETIC,J00876,C00876,check_signal_coverage,SERVICES,self_service_candidate,web,2024-08-22T13:51:31Z,4.570973,1,1,web,True,True,web,1.000000,False,False,True,False,resolved
SYNTHETIC,J00877,C00877,sign_up_for_plan,SUBSCRIPTION,assisted,call,2024-06-21T20:51:27Z,4.472993,1,1,call,True,True,call,1.000000,False,False,False,False,resolved
SYNTHETIC,J00878,C00878,set_usage_limits,CONSUMPTION,assisted,ussd,2024-07-15T04:15:36Z,0.499010,1,1,ussd,True,True,ussd,1.000000,False,False,True,False,resolved
SYNTHETIC,J00879,C00879,check_signal_coverage,SERVICES,self_service_candidate,web,2024-08-23T07:53:45Z,9.868433,1,1,web,False,False,,,False,False,True,False,chose_abandon
SYNTHETIC,J00880,C00880,check_mobile_payments,PAYMENT,self_service_candidate,call,2024-06-30T12:50:49Z,5.529993,1,1,call,True,True,call,1.000000,False,False,False,False,resolved
SYNTHETIC,J00881,C00881,change_plan,SUBSCRIPTION,assisted,ussd,2024-07-16T23:10:35Z,0.685086,1,1,ussd,False,False,,,False,False,True,False,chose_abandon
SYNTHETIC,J00882,C00882,check_usage,CONSUMPTION,self_service_candidate,ussd,2024-08-01T14:47:00Z,1.381067,1,1,ussd,True,True,ussd,1.000000,False,False,True,False,resolved
SYNTHETIC,J00883,C00883,check_usage,CONSUMPTION,self_service_candidate,call,2024-08-19T23:59:18Z,8.089087,1,1,call,True,True,call,1.000000,False,False,False,False,resolved
SYNTHETIC,J00884,C00884,pay,PAYMENT,assisted,app,2024-07-12T01:08:50Z,4.215872,4,3,app > social > call > call,False,False,,,True,True,True,True,max_contacts
SYNTHETIC,J00885,C00885,dispute_invoice,BILLING,complaint,call,2024-06-15T08:53:26Z,14.834327,1,1,call,True,True,call,1.000000,False,False,False,False,resolved
SYNTHETIC,J00886,C00886,check_excess_data_charges,CONSUMPTION,self_service_candidate,call,2024-06-19T18:13:10Z,7.550314,1,1,call,True,True,call,1.000000,False,False,False,False,resolved
SYNTHETIC,J00887,C00887,pay,PAYMENT,assisted,call,2024-07-11T13:50:59Z,1.988595,1,1,call,True,True,call,1.000000,False,False,False,False,resolved
SYNTHETIC,J00888,C00888,report_poor_signal_coverage,COMPLAINTS,complaint,web,2024-08-05T21:14:45Z,7.607452,1,1,web,True,True,web,1.000000,False,False,True,False,resolved
SYNTHETIC,J00889,C00889,pay,PAYMENT,assisted,ussd,2024-08-09T13:20:19Z,0.752830,3,3,ussd > social > call,True,False,call,3.000000,True,True,True,True,resolved
SYNTHETIC,J00890,C00890,payment_methods,PAYMENT,self_service_candidate,app,2024-07-25T14:04:51Z,4.209539,1,1,app,True,True,app,1.000000,False,False,True,False,resolved
SYNTHETIC,J00891,C00891,check_usage,CONSUMPTION,self_service_candidate,web,2024-06-15T19:56:19Z,3.886827,2,2,web > call,True,False,call,2.000000,True,True,True,True,resolved
SYNTHETIC,J00892,C00892,report_problem,COMPLAINTS,complaint,ussd,2024-08-11T04:44:28Z,0.930425,1,1,ussd,True,True,ussd,1.000000,False,False,True,False,resolved
SYNTHETIC,J00893,C00893,check_cancellation_fee,SUBSCRIPTION,self_service_candidate,social,2024-08-05T00:34:48Z,60.051971,1,1,social,False,False,,,False,False,True,False,chose_abandon
SYNTHETIC,J00894,C00894,check_usage,CONSUMPTION,self_service_candidate,call,2024-06-07T16:30:59Z,8.135473,1,1,call,True,True,call,1.000000,False,False,False,False,resolved
SYNTHETIC,J00895,C00895,change_plan,SUBSCRIPTION,assisted,app,2024-08-24T06:01:58Z,4.374999,2,2,app > call,True,False,call,2.000000,True,True,True,True,resolved
SYNTHETIC,J00896,C00896,activate_call_management_services,SERVICES,assisted,ussd,2024-06-27T07:18:16Z,1.233196,2,1,ussd > ussd,True,False,ussd,2.000000,True,False,True,False,resolved
SYNTHETIC,J00897,C00897,invoices,BILLING,self_service_candidate,ussd,2024-07-12T02:01:04Z,0.725003,1,1,ussd,True,True,ussd,1.000000,False,False,True,False,resolved
SYNTHETIC,J00898,C00898,report_problem,COMPLAINTS,complaint,call,2024-06-09T10:18:29Z,9.928287,1,1,call,True,True,call,1.000000,False,False,False,False,resolved
SYNTHETIC,J00899,C00899,dispute_invoice,BILLING,complaint,web,2024-08-06T16:56:39Z,7.450930,3,2,web > app > web,False,False,,,True,True,True,False,chose_abandon
SYNTHETIC,J00900,C00900,check_excess_data_charges,CONSUMPTION,self_service_candidate,ussd,2024-07-11T19:33:38Z,0.999366,2,2,ussd > call,True,False,call,2.000000,True,True,True,True,resolved
SYNTHETIC,J00901,C00901,activate_roaming,SERVICES,assisted,web,2024-07-30T10:40:30Z,3.199314,1,1,web,True,True,web,1.000000,False,False,True,False,resolved
SYNTHETIC,J00902,C00902,customer_service,CONTACT,assisted,ussd,2024-07-21T07:34:07Z,1.163538,1,1,ussd,False,False,,,False,False,True,False,chose_abandon
SYNTHETIC,J00903,C00903,report_poor_signal_coverage,COMPLAINTS,complaint,ussd,2024-06-22T19:28:03Z,1.558518,4,2,ussd > ussd > ussd > call,True,False,call,4.000000,True,True,True,True,resolved
SYNTHETIC,J00904,C00904,activate_phone,SERVICES,assisted,web,2024-06-17T01:09:03Z,4.255433,1,1,web,True,True,web,1.000000,False,False,True,False,resolved
SYNTHETIC,J00905,C00905,deactivate_phone,SERVICES,assisted,web,2024-08-04T03:35:30Z,4.385282,1,1,web,True,True,web,1.000000,False,False,True,False,resolved
SYNTHETIC,J00906,C00906,change_plan,SUBSCRIPTION,assisted,ussd,2024-07-13T23:40:16Z,0.631842,4,2,ussd > call > call > call,True,False,call,4.000000,True,True,True,True,resolved
SYNTHETIC,J00907,C00907,check_usage,CONSUMPTION,self_service_candidate,web,2024-08-31T04:47:48Z,8.128521,1,1,web,True,True,web,1.000000,False,False,True,False,resolved
SYNTHETIC,J00908,C00908,cancel_plan,SUBSCRIPTION,assisted,call,2024-07-27T17:16:03Z,2.875108,1,1,call,True,True,call,1.000000,False,False,False,False,resolved
SYNTHETIC,J00909,C00909,report_poor_signal_coverage,COMPLAINTS,complaint,social,2024-06-29T14:33:13Z,44.930279,2,2,social > call,True,False,call,2.000000,True,True,True,True,resolved
SYNTHETIC,J00910,C00910,report_poor_signal_coverage,COMPLAINTS,complaint,call,2024-06-06T20:05:16Z,8.763438,2,1,call > call,False,False,,,True,False,False,False,chose_abandon
SYNTHETIC,J00911,C00911,customer_service,CONTACT,assisted,ussd,2024-08-10T18:34:25Z,0.865947,2,2,ussd > call,True,False,call,2.000000,True,True,True,True,resolved
SYNTHETIC,J00912,C00912,get_compensation,COMPLAINTS,complaint,call,2024-06-28T17:54:05Z,2.866205,1,1,call,True,True,call,1.000000,False,False,False,False,resolved
SYNTHETIC,J00913,C00913,set_usage_limits,CONSUMPTION,assisted,ussd,2024-06-12T05:47:47Z,1.139262,1,1,ussd,True,True,ussd,1.000000,False,False,True,False,resolved
SYNTHETIC,J00914,C00914,customer_service,CONTACT,assisted,ussd,2024-08-18T13:41:27Z,0.921136,2,2,ussd > app,True,False,app,2.000000,True,True,True,False,resolved
SYNTHETIC,J00915,C00915,schedule_payments,PAYMENT,assisted,ussd,2024-07-20T17:47:18Z,0.762256,1,1,ussd,True,True,ussd,1.000000,False,False,True,False,resolved
SYNTHETIC,J00916,C00916,get_compensation,COMPLAINTS,complaint,ussd,2024-08-30T16:05:09Z,1.167277,2,2,ussd > web,True,False,web,2.000000,True,True,True,False,resolved
SYNTHETIC,J00917,C00917,set_usage_limits,CONSUMPTION,assisted,app,2024-07-05T13:58:16Z,2.824604,1,1,app,True,True,app,1.000000,False,False,True,False,resolved
SYNTHETIC,J00918,C00918,deactivate_phone,SERVICES,assisted,call,2024-08-14T07:27:12Z,3.566773,1,1,call,True,True,call,1.000000,False,False,False,False,resolved
SYNTHETIC,J00919,C00919,check_usage,CONSUMPTION,self_service_candidate,web,2024-06-13T07:01:28Z,1.241852,1,1,web,True,True,web,1.000000,False,False,True,False,resolved
SYNTHETIC,J00920,C00920,check_cancellation_fee,SUBSCRIPTION,self_service_candidate,app,2024-06-12T04:01:28Z,1.878020,2,2,app > ussd,True,False,ussd,2.000000,True,True,True,False,resolved
SYNTHETIC,J00921,C00921,invoices,BILLING,self_service_candidate,app,2024-08-08T10:41:39Z,10.532167,1,1,app,True,True,app,1.000000,False,False,True,False,resolved
SYNTHETIC,J00922,C00922,change_provider,SUBSCRIPTION,assisted,ussd,2024-06-10T13:00:51Z,0.733685,2,1,ussd > ussd,True,False,ussd,2.000000,True,False,True,False,resolved
SYNTHETIC,J00923,C00923,check_signal_coverage,SERVICES,self_service_candidate,web,2024-07-26T18:03:20Z,9.293453,1,1,web,True,True,web,1.000000,False,False,True,False,resolved
SYNTHETIC,J00924,C00924,report_poor_signal_coverage,COMPLAINTS,complaint,web,2024-07-25T04:53:08Z,3.533830,2,2,web > call,True,False,call,2.000000,True,True,True,True,resolved
SYNTHETIC,J00925,C00925,schedule_payments,PAYMENT,assisted,ussd,2024-07-16T03:08:04Z,1.142458,1,1,ussd,True,True,ussd,1.000000,False,False,True,False,resolved
SYNTHETIC,J00926,C00926,human_agent,CONTACT,complaint,ussd,2024-07-04T05:27:31Z,0.720539,2,2,ussd > call,True,False,call,2.000000,True,True,True,True,resolved
SYNTHETIC,J00927,C00927,activate_roaming,SERVICES,assisted,app,2024-07-07T08:32:47Z,2.077210,4,2,app > call > call > call,False,False,,,True,True,True,True,max_contacts
SYNTHETIC,J00928,C00928,get_compensation,COMPLAINTS,complaint,ussd,2024-07-25T23:55:21Z,0.843634,2,1,ussd > ussd,False,False,,,True,False,True,False,chose_abandon
SYNTHETIC,J00929,C00929,pay,PAYMENT,assisted,ussd,2024-08-26T05:48:53Z,0.847281,1,1,ussd,True,True,ussd,1.000000,False,False,True,False,resolved
SYNTHETIC,J00930,C00930,pay,PAYMENT,assisted,call,2024-07-28T15:42:02Z,3.624981,2,1,call > call,True,False,call,2.000000,True,False,False,False,resolved
SYNTHETIC,J00931,C00931,check_mobile_payments,PAYMENT,self_service_candidate,ussd,2024-06-26T12:49:25Z,1.398716,1,1,ussd,True,True,ussd,1.000000,False,False,True,False,resolved
SYNTHETIC,J00932,C00932,check_excess_data_charges,CONSUMPTION,self_service_candidate,ussd,2024-07-04T16:20:33Z,0.786970,3,2,ussd > web > ussd,True,False,ussd,3.000000,True,True,True,False,resolved
SYNTHETIC,J00933,C00933,check_usage,CONSUMPTION,self_service_candidate,ussd,2024-08-16T23:19:31Z,1.258528,1,1,ussd,True,True,ussd,1.000000,False,False,True,False,resolved
SYNTHETIC,J00934,C00934,pay,PAYMENT,assisted,ussd,2024-08-02T02:42:27Z,1.581179,1,1,ussd,True,True,ussd,1.000000,False,False,True,False,resolved
SYNTHETIC,J00935,C00935,invoices,BILLING,self_service_candidate,app,2024-08-22T21:40:13Z,2.763262,3,3,app > social > call,True,False,call,3.000000,True,True,True,True,resolved
SYNTHETIC,J00936,C00936,cancel_plan,SUBSCRIPTION,assisted,ussd,2024-07-10T16:18:00Z,0.994769,2,2,ussd > call,True,False,call,2.000000,True,True,True,True,resolved
SYNTHETIC,J00937,C00937,cancel_plan,SUBSCRIPTION,assisted,call,2024-06-25T01:33:31Z,1.721010,3,2,call > social > call,True,False,call,3.000000,True,True,False,False,resolved
SYNTHETIC,J00938,C00938,human_agent,CONTACT,complaint,web,2024-08-07T19:32:11Z,2.329961,3,2,web > call > call,True,False,call,3.000000,True,True,True,True,resolved
SYNTHETIC,J00939,C00939,report_problem,COMPLAINTS,complaint,ussd,2024-08-17T16:02:57Z,1.082266,2,2,ussd > call,True,False,call,2.000000,True,True,True,True,resolved
SYNTHETIC,J00940,C00940,check_usage,CONSUMPTION,self_service_candidate,ussd,2024-08-11T07:15:43Z,1.810602,1,1,ussd,True,True,ussd,1.000000,False,False,True,False,resolved
SYNTHETIC,J00941,C00941,check_cancellation_fee,SUBSCRIPTION,self_service_candidate,social,2024-08-15T00:45:53Z,27.165900,1,1,social,True,True,social,1.000000,False,False,True,False,resolved
SYNTHETIC,J00942,C00942,check_signal_coverage,SERVICES,self_service_candidate,web,2024-07-24T15:54:21Z,4.065468,1,1,web,True,True,web,1.000000,False,False,True,False,resolved
SYNTHETIC,J00943,C00943,check_excess_data_charges,CONSUMPTION,self_service_candidate,ussd,2024-08-18T09:16:36Z,1.167864,1,1,ussd,True,True,ussd,1.000000,False,False,True,False,resolved
SYNTHETIC,J00944,C00944,activate_roaming,SERVICES,assisted,ussd,2024-08-25T16:15:23Z,0.706150,2,2,ussd > call,True,False,call,2.000000,True,True,True,True,resolved
SYNTHETIC,J00945,C00945,check_cancellation_fee,SUBSCRIPTION,self_service_candidate,call,2024-08-31T15:48:17Z,10.622132,1,1,call,True,True,call,1.000000,False,False,False,False,resolved
SYNTHETIC,J00946,C00946,report_poor_signal_coverage,COMPLAINTS,complaint,app,2024-07-23T11:22:00Z,4.282631,2,2,app > call,True,False,call,2.000000,True,True,True,True,resolved
SYNTHETIC,J00947,C00947,activate_phone,SERVICES,assisted,ussd,2024-07-14T00:01:01Z,1.660582,1,1,ussd,False,False,,,False,False,True,False,chose_abandon
SYNTHETIC,J00948,C00948,activate_phone,SERVICES,assisted,social,2024-07-30T11:51:11Z,36.730218,2,2,social > call,True,False,call,2.000000,True,True,True,True,resolved
SYNTHETIC,J00949,C00949,check_excess_data_charges,CONSUMPTION,self_service_candidate,ussd,2024-07-15T02:43:43Z,2.569820,1,1,ussd,True,True,ussd,1.000000,False,False,True,False,resolved
SYNTHETIC,J00950,C00950,check_excess_data_charges,CONSUMPTION,self_service_candidate,app,2024-08-01T03:14:03Z,1.650719,1,1,app,True,True,app,1.000000,False,False,True,False,resolved
SYNTHETIC,J00951,C00951,get_compensation,COMPLAINTS,complaint,ussd,2024-07-21T15:15:55Z,1.462910,3,2,ussd > ussd > call,True,False,call,3.000000,True,True,True,True,resolved
SYNTHETIC,J00952,C00952,report_poor_signal_coverage,COMPLAINTS,complaint,call,2024-06-14T10:15:37Z,6.330298,1,1,call,True,True,call,1.000000,False,False,False,False,resolved
SYNTHETIC,J00953,C00953,human_agent,CONTACT,complaint,web,2024-08-01T16:42:40Z,9.559632,4,2,web > call > call > call,True,False,call,4.000000,True,True,True,True,resolved
SYNTHETIC,J00954,C00954,report_problem,COMPLAINTS,complaint,call,2024-06-23T11:56:00Z,3.934947,3,2,call > ussd > call,True,False,call,3.000000,True,True,False,False,resolved
SYNTHETIC,J00955,C00955,set_usage_limits,CONSUMPTION,assisted,web,2024-08-05T18:00:12Z,3.664677,4,3,web > app > social > social,False,False,,,True,True,True,False,max_contacts
SYNTHETIC,J00956,C00956,report_poor_signal_coverage,COMPLAINTS,complaint,app,2024-06-03T16:19:35Z,3.971087,2,2,app > call,True,False,call,2.000000,True,True,True,True,resolved
SYNTHETIC,J00957,C00957,check_usage,CONSUMPTION,self_service_candidate,web,2024-07-08T21:03:35Z,13.374451,1,1,web,True,True,web,1.000000,False,False,True,False,resolved
SYNTHETIC,J00958,C00958,customer_service,CONTACT,assisted,app,2024-06-29T22:15:18Z,1.360364,1,1,app,True,True,app,1.000000,False,False,True,False,resolved
SYNTHETIC,J00959,C00959,get_compensation,COMPLAINTS,complaint,ussd,2024-07-17T13:06:50Z,0.973210,1,1,ussd,False,False,,,False,False,True,False,chose_abandon
SYNTHETIC,J00960,C00960,schedule_payments,PAYMENT,assisted,web,2024-07-11T11:58:09Z,5.843428,1,1,web,True,True,web,1.000000,False,False,True,False,resolved
SYNTHETIC,J00961,C00961,customer_service,CONTACT,assisted,ussd,2024-08-28T01:30:57Z,0.755308,4,3,ussd > social > call > call,False,False,,,True,True,True,True,max_contacts
SYNTHETIC,J00962,C00962,cancel_plan,SUBSCRIPTION,assisted,web,2024-06-08T07:10:36Z,3.950724,2,2,web > app,True,False,app,2.000000,True,True,True,False,resolved
SYNTHETIC,J00963,C00963,get_compensation,COMPLAINTS,complaint,call,2024-06-28T19:21:59Z,8.889930,1,1,call,True,True,call,1.000000,False,False,False,False,resolved
SYNTHETIC,J00964,C00964,report_problem,COMPLAINTS,complaint,app,2024-06-17T02:28:28Z,3.454596,3,2,app > app > call,True,False,call,3.000000,True,True,True,True,resolved
SYNTHETIC,J00965,C00965,activate_call_management_services,SERVICES,assisted,ussd,2024-06-25T05:14:43Z,1.265348,1,1,ussd,False,False,,,False,False,True,False,chose_abandon
SYNTHETIC,J00966,C00966,report_problem,COMPLAINTS,complaint,social,2024-08-16T23:08:18Z,27.322583,1,1,social,False,False,,,False,False,True,False,chose_abandon
SYNTHETIC,J00967,C00967,pay,PAYMENT,assisted,ussd,2024-06-28T21:50:46Z,0.850743,1,1,ussd,False,False,,,False,False,True,False,chose_abandon
SYNTHETIC,J00968,C00968,activate_phone,SERVICES,assisted,app,2024-06-18T15:31:15Z,1.758372,2,2,app > call,True,False,call,2.000000,True,True,True,True,resolved
SYNTHETIC,J00969,C00969,change_plan,SUBSCRIPTION,assisted,app,2024-06-05T13:30:24Z,3.365582,2,2,app > web,False,False,,,True,True,True,False,chose_abandon
SYNTHETIC,J00970,C00970,report_poor_signal_coverage,COMPLAINTS,complaint,call,2024-07-14T06:38:14Z,4.993636,3,1,call > call > call,False,False,,,True,False,False,False,chose_abandon
SYNTHETIC,J00971,C00971,dispute_invoice,BILLING,complaint,web,2024-06-06T10:12:28Z,4.714030,2,2,web > call,True,False,call,2.000000,True,True,True,True,resolved
SYNTHETIC,J00972,C00972,check_usage,CONSUMPTION,self_service_candidate,ussd,2024-07-03T19:52:25Z,1.290419,1,1,ussd,True,True,ussd,1.000000,False,False,True,False,resolved
SYNTHETIC,J00973,C00973,check_mobile_payments,PAYMENT,self_service_candidate,call,2024-08-13T12:56:33Z,8.211830,1,1,call,True,True,call,1.000000,False,False,False,False,resolved
SYNTHETIC,J00974,C00974,activate_roaming,SERVICES,assisted,web,2024-06-10T00:06:06Z,3.373528,2,2,web > call,True,False,call,2.000000,True,True,True,True,resolved
SYNTHETIC,J00975,C00975,check_signal_coverage,SERVICES,self_service_candidate,app,2024-08-16T00:40:17Z,2.712500,1,1,app,True,True,app,1.000000,False,False,True,False,resolved
SYNTHETIC,J00976,C00976,cancel_plan,SUBSCRIPTION,assisted,ussd,2024-08-08T20:39:58Z,0.878538,1,1,ussd,True,True,ussd,1.000000,False,False,True,False,resolved
SYNTHETIC,J00977,C00977,check_cancellation_fee,SUBSCRIPTION,self_service_candidate,ussd,2024-07-07T04:23:32Z,0.783563,1,1,ussd,True,True,ussd,1.000000,False,False,True,False,resolved
SYNTHETIC,J00978,C00978,check_usage,CONSUMPTION,self_service_candidate,call,2024-06-22T03:06:20Z,7.984941,1,1,call,True,True,call,1.000000,False,False,False,False,resolved
SYNTHETIC,J00979,C00979,change_plan,SUBSCRIPTION,assisted,app,2024-08-31T06:11:05Z,1.219069,1,1,app,True,True,app,1.000000,False,False,True,False,resolved
SYNTHETIC,J00980,C00980,change_plan,SUBSCRIPTION,assisted,ussd,2024-06-29T07:45:52Z,1.223185,1,1,ussd,True,True,ussd,1.000000,False,False,True,False,resolved
SYNTHETIC,J00981,C00981,report_problem,COMPLAINTS,complaint,app,2024-06-03T13:46:09Z,2.588879,1,1,app,True,True,app,1.000000,False,False,True,False,resolved
SYNTHETIC,J00982,C00982,pay,PAYMENT,assisted,ussd,2024-07-06T15:54:43Z,1.156255,2,2,ussd > call,True,False,call,2.000000,True,True,True,True,resolved
SYNTHETIC,J00983,C00983,check_usage,CONSUMPTION,self_service_candidate,call,2024-08-12T22:00:44Z,7.040850,1,1,call,True,True,call,1.000000,False,False,False,False,resolved
SYNTHETIC,J00984,C00984,check_excess_data_charges,CONSUMPTION,self_service_candidate,web,2024-08-14T17:35:11Z,14.019386,2,2,web > app,True,False,app,2.000000,True,True,True,False,resolved
SYNTHETIC,J00985,C00985,customer_service,CONTACT,assisted,ussd,2024-08-29T13:34:52Z,0.692101,1,1,ussd,True,True,ussd,1.000000,False,False,True,False,resolved
SYNTHETIC,J00986,C00986,invoices,BILLING,self_service_candidate,web,2024-06-28T15:52:58Z,1.773909,1,1,web,True,True,web,1.000000,False,False,True,False,resolved
SYNTHETIC,J00987,C00987,activate_roaming,SERVICES,assisted,app,2024-06-19T05:06:59Z,1.812343,1,1,app,True,True,app,1.000000,False,False,True,False,resolved
SYNTHETIC,J00988,C00988,human_agent,CONTACT,complaint,call,2024-07-26T01:47:31Z,8.367334,1,1,call,True,True,call,1.000000,False,False,False,False,resolved
SYNTHETIC,J00989,C00989,report_problem,COMPLAINTS,complaint,call,2024-07-10T13:20:41Z,10.230845,1,1,call,True,True,call,1.000000,False,False,False,False,resolved
SYNTHETIC,J00990,C00990,check_usage,CONSUMPTION,self_service_candidate,call,2024-08-06T15:17:00Z,3.860841,1,1,call,True,True,call,1.000000,False,False,False,False,resolved
SYNTHETIC,J00991,C00991,invoices,BILLING,self_service_candidate,app,2024-06-13T07:33:11Z,1.869897,2,2,app > call,True,False,call,2.000000,True,True,True,True,resolved
SYNTHETIC,J00992,C00992,cancel_plan,SUBSCRIPTION,assisted,call,2024-06-13T15:15:51Z,12.320968,1,1,call,True,True,call,1.000000,False,False,False,False,resolved
SYNTHETIC,J00993,C00993,invoices,BILLING,self_service_candidate,call,2024-06-25T02:31:04Z,1.764674,1,1,call,True,True,call,1.000000,False,False,False,False,resolved
SYNTHETIC,J00994,C00994,check_signal_coverage,SERVICES,self_service_candidate,call,2024-07-03T04:37:45Z,6.718581,1,1,call,True,True,call,1.000000,False,False,False,False,resolved
SYNTHETIC,J00995,C00995,activate_call_management_services,SERVICES,assisted,call,2024-08-03T17:03:43Z,7.649897,1,1,call,True,True,call,1.000000,False,False,False,False,resolved
SYNTHETIC,J00996,C00996,check_usage,CONSUMPTION,self_service_candidate,app,2024-08-08T12:22:37Z,0.792151,1,1,app,True,True,app,1.000000,False,False,True,False,resolved
SYNTHETIC,J00997,C00997,check_usage,CONSUMPTION,self_service_candidate,ussd,2024-07-03T21:19:36Z,0.645496,1,1,ussd,True,True,ussd,1.000000,False,False,True,False,resolved
SYNTHETIC,J00998,C00998,customer_service,CONTACT,assisted,call,2024-08-18T05:30:23Z,7.822494,1,1,call,True,True,call,1.000000,False,False,False,False,resolved
SYNTHETIC,J00999,C00999,human_agent,CONTACT,complaint,web,2024-08-16T05:20:39Z,2.425872,1,1,web,True,True,web,1.000000,False,False,True,False,resolved
SYNTHETIC,J01000,C01000,pay,PAYMENT,assisted,call,2024-06-08T03:15:00Z,4.266079,1,1,call,True,True,call,1.000000,False,False,False,False,resolved
SYNTHETIC,J01001,C01001,get_compensation,COMPLAINTS,complaint,call,2024-07-02T22:51:47Z,3.364154,1,1,call,True,True,call,1.000000,False,False,False,False,resolved
SYNTHETIC,J01002,C01002,deactivate_phone,SERVICES,assisted,app,2024-07-13T08:05:32Z,1.758089,2,1,app > app,True,False,app,2.000000,True,False,True,False,resolved
SYNTHETIC,J01003,C01003,install_internet,SERVICES,assisted,web,2024-06-03T07:06:25Z,3.488696,1,1,web,True,True,web,1.000000,False,False,True,False,resolved
SYNTHETIC,J01004,C01004,customer_service,CONTACT,assisted,app,2024-08-14T12:27:08Z,3.216671,4,3,app > web > web > call,False,False,,,True,True,True,True,max_contacts
SYNTHETIC,J01005,C01005,check_mobile_payments,PAYMENT,self_service_candidate,call,2024-07-03T04:45:50Z,3.771678,2,1,call > call,True,False,call,2.000000,True,False,False,False,resolved
SYNTHETIC,J01006,C01006,invoices,BILLING,self_service_candidate,ussd,2024-06-05T08:24:40Z,1.217964,1,1,ussd,True,True,ussd,1.000000,False,False,True,False,resolved
SYNTHETIC,J01007,C01007,activate_roaming,SERVICES,assisted,ussd,2024-06-04T16:22:36Z,0.529922,1,1,ussd,True,True,ussd,1.000000,False,False,True,False,resolved
SYNTHETIC,J01008,C01008,sign_up_for_plan,SUBSCRIPTION,assisted,call,2024-06-30T23:56:30Z,10.898683,1,1,call,True,True,call,1.000000,False,False,False,False,resolved
SYNTHETIC,J01009,C01009,check_usage,CONSUMPTION,self_service_candidate,ussd,2024-06-13T08:20:54Z,0.872199,2,2,ussd > call,True,False,call,2.000000,True,True,True,True,resolved
SYNTHETIC,J01010,C01010,activate_roaming,SERVICES,assisted,app,2024-06-16T07:53:33Z,3.738399,1,1,app,True,True,app,1.000000,False,False,True,False,resolved
SYNTHETIC,J01011,C01011,check_mobile_payments,PAYMENT,self_service_candidate,app,2024-08-16T09:50:35Z,2.446887,1,1,app,True,True,app,1.000000,False,False,True,False,resolved
SYNTHETIC,J01012,C01012,dispute_invoice,BILLING,complaint,app,2024-06-21T08:02:48Z,1.290779,2,2,app > call,True,False,call,2.000000,True,True,True,True,resolved
SYNTHETIC,J01013,C01013,pay,PAYMENT,assisted,social,2024-08-14T06:38:32Z,6.531629,4,3,social > web > web > call,False,False,,,True,True,True,True,max_contacts
SYNTHETIC,J01014,C01014,cancel_plan,SUBSCRIPTION,assisted,call,2024-07-03T04:36:07Z,3.095623,3,1,call > call > call,True,False,call,3.000000,True,False,False,False,resolved
SYNTHETIC,J01015,C01015,check_mobile_payments,PAYMENT,self_service_candidate,ussd,2024-06-06T06:23:13Z,0.778559,1,1,ussd,True,True,ussd,1.000000,False,False,True,False,resolved
SYNTHETIC,J01016,C01016,human_agent,CONTACT,complaint,ussd,2024-07-12T18:28:01Z,1.313194,3,1,ussd > ussd > ussd,True,False,ussd,3.000000,True,False,True,False,resolved
SYNTHETIC,J01017,C01017,install_internet,SERVICES,assisted,web,2024-06-10T05:03:34Z,4.807849,2,1,web > web,True,False,web,2.000000,True,False,True,False,resolved
SYNTHETIC,J01018,C01018,get_compensation,COMPLAINTS,complaint,app,2024-07-03T06:04:47Z,3.677445,4,4,app > social > call > web,False,False,,,True,True,True,True,max_contacts
SYNTHETIC,J01019,C01019,human_agent,CONTACT,complaint,ussd,2024-07-15T23:21:09Z,1.995553,4,2,ussd > app > ussd > ussd,False,False,,,True,True,True,False,max_contacts
SYNTHETIC,J01020,C01020,set_usage_limits,CONSUMPTION,assisted,app,2024-08-12T10:56:55Z,1.034362,1,1,app,True,True,app,1.000000,False,False,True,False,resolved
SYNTHETIC,J01021,C01021,activate_roaming,SERVICES,assisted,app,2024-07-18T18:10:34Z,1.707551,1,1,app,True,True,app,1.000000,False,False,True,False,resolved
SYNTHETIC,J01022,C01022,check_mobile_payments,PAYMENT,self_service_candidate,app,2024-08-24T22:09:01Z,5.872943,1,1,app,True,True,app,1.000000,False,False,True,False,resolved
SYNTHETIC,J01023,C01023,check_usage,CONSUMPTION,self_service_candidate,app,2024-07-10T04:48:13Z,1.238105,2,2,app > call,True,False,call,2.000000,True,True,True,True,resolved
SYNTHETIC,J01024,C01024,activate_call_management_services,SERVICES,assisted,social,2024-08-04T00:25:05Z,47.824978,2,2,social > call,True,False,call,2.000000,True,True,True,True,resolved
SYNTHETIC,J01025,C01025,report_problem,COMPLAINTS,complaint,call,2024-06-20T22:42:00Z,3.594856,1,1,call,True,True,call,1.000000,False,False,False,False,resolved
SYNTHETIC,J01026,C01026,report_poor_signal_coverage,COMPLAINTS,complaint,ussd,2024-07-28T08:11:14Z,2.258820,2,2,ussd > call,True,False,call,2.000000,True,True,True,True,resolved
SYNTHETIC,J01027,C01027,check_cancellation_fee,SUBSCRIPTION,self_service_candidate,app,2024-08-24T20:37:27Z,1.924585,1,1,app,True,True,app,1.000000,False,False,True,False,resolved
SYNTHETIC,J01028,C01028,report_poor_signal_coverage,COMPLAINTS,complaint,ussd,2024-06-17T13:04:56Z,1.443429,1,1,ussd,True,True,ussd,1.000000,False,False,True,False,resolved
SYNTHETIC,J01029,C01029,sign_up_for_plan,SUBSCRIPTION,assisted,app,2024-06-20T21:13:51Z,1.346195,3,2,app > web > web,True,False,web,3.000000,True,True,True,False,resolved
SYNTHETIC,J01030,C01030,set_usage_limits,CONSUMPTION,assisted,ussd,2024-08-28T01:12:04Z,0.852563,2,2,ussd > call,True,False,call,2.000000,True,True,True,True,resolved
SYNTHETIC,J01031,C01031,report_problem,COMPLAINTS,complaint,call,2024-07-24T10:44:02Z,8.149172,1,1,call,True,True,call,1.000000,False,False,False,False,resolved
SYNTHETIC,J01032,C01032,check_cancellation_fee,SUBSCRIPTION,self_service_candidate,ussd,2024-06-07T19:58:34Z,2.455077,1,1,ussd,True,True,ussd,1.000000,False,False,True,False,resolved
SYNTHETIC,J01033,C01033,payment_methods,PAYMENT,self_service_candidate,ussd,2024-07-30T11:43:24Z,0.739550,1,1,ussd,True,True,ussd,1.000000,False,False,True,False,resolved
SYNTHETIC,J01034,C01034,set_usage_limits,CONSUMPTION,assisted,web,2024-06-17T21:36:12Z,3.112449,2,2,web > call,True,False,call,2.000000,True,True,True,True,resolved
SYNTHETIC,J01035,C01035,activate_phone,SERVICES,assisted,call,2024-08-20T09:06:20Z,2.637791,1,1,call,True,True,call,1.000000,False,False,False,False,resolved
SYNTHETIC,J01036,C01036,schedule_payments,PAYMENT,assisted,app,2024-08-03T21:55:07Z,1.668656,1,1,app,True,True,app,1.000000,False,False,True,False,resolved
SYNTHETIC,J01037,C01037,customer_service,CONTACT,assisted,ussd,2024-06-07T01:33:16Z,1.191100,3,2,ussd > ussd > app,True,False,app,3.000000,True,True,True,False,resolved
SYNTHETIC,J01038,C01038,report_problem,COMPLAINTS,complaint,ussd,2024-06-13T08:47:46Z,2.005496,1,1,ussd,True,True,ussd,1.000000,False,False,True,False,resolved
SYNTHETIC,J01039,C01039,human_agent,CONTACT,complaint,social,2024-08-17T15:47:36Z,23.114548,3,3,social > call > web,False,False,,,True,True,True,True,chose_abandon
SYNTHETIC,J01040,C01040,report_problem,COMPLAINTS,complaint,web,2024-07-12T19:49:53Z,7.712721,1,1,web,True,True,web,1.000000,False,False,True,False,resolved
SYNTHETIC,J01041,C01041,check_usage,CONSUMPTION,self_service_candidate,app,2024-08-25T12:32:15Z,1.080545,1,1,app,True,True,app,1.000000,False,False,True,False,resolved
SYNTHETIC,J01042,C01042,sign_up_for_plan,SUBSCRIPTION,assisted,app,2024-08-22T14:06:50Z,1.872269,1,1,app,False,False,,,False,False,True,False,chose_abandon
SYNTHETIC,J01043,C01043,activate_roaming,SERVICES,assisted,ussd,2024-06-18T12:40:41Z,0.975060,4,4,ussd > social > web > call,True,False,call,4.000000,True,True,True,True,resolved
SYNTHETIC,J01044,C01044,dispute_invoice,BILLING,complaint,social,2024-07-29T07:42:43Z,17.264509,4,3,social > ussd > ussd > call,True,False,call,4.000000,True,True,True,True,resolved
SYNTHETIC,J01045,C01045,check_usage,CONSUMPTION,self_service_candidate,ussd,2024-08-12T16:00:45Z,1.194449,2,2,ussd > call,True,False,call,2.000000,True,True,True,True,resolved
SYNTHETIC,J01046,C01046,check_mobile_payments,PAYMENT,self_service_candidate,ussd,2024-08-31T03:32:31Z,0.561200,2,2,ussd > call,True,False,call,2.000000,True,True,True,True,resolved
SYNTHETIC,J01047,C01047,report_poor_signal_coverage,COMPLAINTS,complaint,ussd,2024-07-08T04:52:56Z,2.074901,2,2,ussd > call,True,False,call,2.000000,True,True,True,True,resolved
SYNTHETIC,J01048,C01048,schedule_payments,PAYMENT,assisted,ussd,2024-08-11T01:10:53Z,1.863687,1,1,ussd,True,True,ussd,1.000000,False,False,True,False,resolved
SYNTHETIC,J01049,C01049,report_problem,COMPLAINTS,complaint,call,2024-06-25T21:45:19Z,9.096641,1,1,call,True,True,call,1.000000,False,False,False,False,resolved
SYNTHETIC,J01050,C01050,check_usage,CONSUMPTION,self_service_candidate,ussd,2024-06-24T06:04:21Z,1.762114,1,1,ussd,True,True,ussd,1.000000,False,False,True,False,resolved
SYNTHETIC,J01051,C01051,check_usage,CONSUMPTION,self_service_candidate,ussd,2024-07-25T18:05:54Z,1.156548,1,1,ussd,True,True,ussd,1.000000,False,False,True,False,resolved
SYNTHETIC,J01052,C01052,activate_phone,SERVICES,assisted,ussd,2024-06-22T13:26:53Z,0.779115,1,1,ussd,False,False,,,False,False,True,False,chose_abandon
SYNTHETIC,J01053,C01053,check_usage,CONSUMPTION,self_service_candidate,ussd,2024-06-11T00:59:14Z,1.158267,1,1,ussd,True,True,ussd,1.000000,False,False,True,False,resolved
SYNTHETIC,J01054,C01054,check_excess_data_charges,CONSUMPTION,self_service_candidate,web,2024-07-21T09:44:21Z,2.821895,1,1,web,True,True,web,1.000000,False,False,True,False,resolved
SYNTHETIC,J01055,C01055,activate_phone,SERVICES,assisted,call,2024-08-10T03:55:18Z,7.765867,1,1,call,True,True,call,1.000000,False,False,False,False,resolved
SYNTHETIC,J01056,C01056,activate_roaming,SERVICES,assisted,app,2024-08-16T23:26:38Z,3.431694,2,2,app > call,True,False,call,2.000000,True,True,True,True,resolved
SYNTHETIC,J01057,C01057,set_usage_limits,CONSUMPTION,assisted,ussd,2024-08-09T02:11:08Z,1.187261,1,1,ussd,True,True,ussd,1.000000,False,False,True,False,resolved
SYNTHETIC,J01058,C01058,pay,PAYMENT,assisted,ussd,2024-08-16T17:00:39Z,0.819531,1,1,ussd,True,True,ussd,1.000000,False,False,True,False,resolved
SYNTHETIC,J01059,C01059,change_provider,SUBSCRIPTION,assisted,web,2024-06-03T16:00:17Z,11.666826,2,2,web > call,True,False,call,2.000000,True,True,True,True,resolved
SYNTHETIC,J01060,C01060,sign_up_for_plan,SUBSCRIPTION,assisted,app,2024-06-24T14:44:10Z,1.124573,3,2,app > app > ussd,True,False,ussd,3.000000,True,True,True,False,resolved
SYNTHETIC,J01061,C01061,pay,PAYMENT,assisted,ussd,2024-06-23T21:57:03Z,1.841180,2,2,ussd > call,True,False,call,2.000000,True,True,True,True,resolved
SYNTHETIC,J01062,C01062,report_poor_signal_coverage,COMPLAINTS,complaint,ussd,2024-06-15T11:01:23Z,0.796526,1,1,ussd,True,True,ussd,1.000000,False,False,True,False,resolved
SYNTHETIC,J01063,C01063,customer_service,CONTACT,assisted,social,2024-08-13T09:34:55Z,24.581505,1,1,social,True,True,social,1.000000,False,False,True,False,resolved
SYNTHETIC,J01064,C01064,check_usage,CONSUMPTION,self_service_candidate,call,2024-07-08T20:20:15Z,13.008977,1,1,call,True,True,call,1.000000,False,False,False,False,resolved
SYNTHETIC,J01065,C01065,check_excess_data_charges,CONSUMPTION,self_service_candidate,call,2024-08-23T04:48:26Z,4.904417,1,1,call,False,False,,,False,False,False,False,chose_abandon
SYNTHETIC,J01066,C01066,report_problem,COMPLAINTS,complaint,web,2024-08-27T15:18:34Z,4.850501,4,2,web > call > call > call,True,False,call,4.000000,True,True,True,True,resolved
SYNTHETIC,J01067,C01067,change_plan,SUBSCRIPTION,assisted,app,2024-06-09T22:31:17Z,1.271146,1,1,app,True,True,app,1.000000,False,False,True,False,resolved
SYNTHETIC,J01068,C01068,invoices,BILLING,self_service_candidate,call,2024-08-28T12:15:11Z,9.507720,1,1,call,True,True,call,1.000000,False,False,False,False,resolved
SYNTHETIC,J01069,C01069,activate_call_management_services,SERVICES,assisted,call,2024-07-28T22:32:52Z,5.021917,1,1,call,True,True,call,1.000000,False,False,False,False,resolved
SYNTHETIC,J01070,C01070,schedule_payments,PAYMENT,assisted,web,2024-08-08T03:18:20Z,4.530552,1,1,web,False,False,,,False,False,True,False,chose_abandon
SYNTHETIC,J01071,C01071,check_signal_coverage,SERVICES,self_service_candidate,call,2024-06-17T23:01:26Z,4.953457,1,1,call,True,True,call,1.000000,False,False,False,False,resolved
SYNTHETIC,J01072,C01072,dispute_invoice,BILLING,complaint,app,2024-06-17T12:18:50Z,1.627427,4,2,app > call > call > call,False,False,,,True,True,True,True,max_contacts
SYNTHETIC,J01073,C01073,check_usage,CONSUMPTION,self_service_candidate,call,2024-06-22T09:55:31Z,5.969864,1,1,call,True,True,call,1.000000,False,False,False,False,resolved
SYNTHETIC,J01074,C01074,schedule_payments,PAYMENT,assisted,ussd,2024-06-13T11:59:37Z,2.049016,1,1,ussd,True,True,ussd,1.000000,False,False,True,False,resolved
SYNTHETIC,J01075,C01075,check_mobile_payments,PAYMENT,self_service_candidate,app,2024-08-08T04:40:56Z,2.871036,1,1,app,True,True,app,1.000000,False,False,True,False,resolved
SYNTHETIC,J01076,C01076,cancel_plan,SUBSCRIPTION,assisted,social,2024-06-12T09:00:09Z,53.946299,2,1,social > social,False,False,,,True,False,True,False,chose_abandon
SYNTHETIC,J01077,C01077,check_usage,CONSUMPTION,self_service_candidate,call,2024-08-20T17:42:12Z,7.658856,1,1,call,True,True,call,1.000000,False,False,False,False,resolved
SYNTHETIC,J01078,C01078,dispute_invoice,BILLING,complaint,ussd,2024-08-27T22:26:27Z,0.621251,1,1,ussd,True,True,ussd,1.000000,False,False,True,False,resolved
SYNTHETIC,J01079,C01079,deactivate_call_management_services,SERVICES,assisted,web,2024-07-25T22:08:43Z,2.915761,2,1,web > web,True,False,web,2.000000,True,False,True,False,resolved
SYNTHETIC,J01080,C01080,pay,PAYMENT,assisted,ussd,2024-06-28T11:35:52Z,1.218272,1,1,ussd,False,False,,,False,False,True,False,chose_abandon
SYNTHETIC,J01081,C01081,change_provider,SUBSCRIPTION,assisted,ussd,2024-08-16T02:54:02Z,0.752264,1,1,ussd,True,True,ussd,1.000000,False,False,True,False,resolved
SYNTHETIC,J01082,C01082,check_usage,CONSUMPTION,self_service_candidate,app,2024-08-07T20:58:35Z,2.435097,1,1,app,True,True,app,1.000000,False,False,True,False,resolved
SYNTHETIC,J01083,C01083,set_usage_limits,CONSUMPTION,assisted,web,2024-08-17T13:24:08Z,3.382675,3,1,web > web > web,False,False,,,True,False,True,False,chose_abandon
SYNTHETIC,J01084,C01084,report_poor_signal_coverage,COMPLAINTS,complaint,web,2024-08-23T03:22:58Z,5.768643,4,4,web > social > app > ussd,False,False,,,True,True,True,False,max_contacts
SYNTHETIC,J01085,C01085,activate_phone,SERVICES,assisted,ussd,2024-08-03T16:47:57Z,0.936266,1,1,ussd,True,True,ussd,1.000000,False,False,True,False,resolved
SYNTHETIC,J01086,C01086,install_internet,SERVICES,assisted,app,2024-08-30T19:34:44Z,0.731457,4,2,app > call > call > call,True,False,call,4.000000,True,True,True,True,resolved
SYNTHETIC,J01087,C01087,get_compensation,COMPLAINTS,complaint,call,2024-07-22T23:17:50Z,5.944696,1,1,call,True,True,call,1.000000,False,False,False,False,resolved
SYNTHETIC,J01088,C01088,report_problem,COMPLAINTS,complaint,call,2024-06-19T21:24:59Z,11.975752,1,1,call,True,True,call,1.000000,False,False,False,False,resolved
SYNTHETIC,J01089,C01089,get_compensation,COMPLAINTS,complaint,web,2024-06-30T15:45:25Z,4.698415,1,1,web,False,False,,,False,False,True,False,chose_abandon
SYNTHETIC,J01090,C01090,check_mobile_payments,PAYMENT,self_service_candidate,social,2024-07-03T17:07:44Z,38.313404,1,1,social,False,False,,,False,False,True,False,chose_abandon
SYNTHETIC,J01091,C01091,report_poor_signal_coverage,COMPLAINTS,complaint,app,2024-08-06T20:59:35Z,1.448143,1,1,app,True,True,app,1.000000,False,False,True,False,resolved
SYNTHETIC,J01092,C01092,report_problem,COMPLAINTS,complaint,ussd,2024-08-19T23:15:21Z,1.642398,2,2,ussd > call,True,False,call,2.000000,True,True,True,True,resolved
SYNTHETIC,J01093,C01093,invoices,BILLING,self_service_candidate,app,2024-06-07T13:17:50Z,3.091248,1,1,app,True,True,app,1.000000,False,False,True,False,resolved
SYNTHETIC,J01094,C01094,check_excess_data_charges,CONSUMPTION,self_service_candidate,app,2024-08-02T01:21:15Z,1.592290,1,1,app,False,False,,,False,False,True,False,chose_abandon
SYNTHETIC,J01095,C01095,check_usage,CONSUMPTION,self_service_candidate,ussd,2024-08-07T14:54:18Z,1.922334,1,1,ussd,True,True,ussd,1.000000,False,False,True,False,resolved
SYNTHETIC,J01096,C01096,human_agent,CONTACT,complaint,web,2024-07-09T06:13:42Z,1.238770,3,2,web > call > call,False,False,,,True,True,True,True,chose_abandon
SYNTHETIC,J01097,C01097,pay,PAYMENT,assisted,ussd,2024-07-15T17:02:29Z,0.927092,1,1,ussd,True,True,ussd,1.000000,False,False,True,False,resolved
SYNTHETIC,J01098,C01098,schedule_payments,PAYMENT,assisted,web,2024-08-30T11:48:42Z,4.995754,3,2,web > call > call,True,False,call,3.000000,True,True,True,True,resolved
SYNTHETIC,J01099,C01099,invoices,BILLING,self_service_candidate,ussd,2024-08-24T16:30:20Z,0.686126,1,1,ussd,True,True,ussd,1.000000,False,False,True,False,resolved
SYNTHETIC,J01100,C01100,check_usage,CONSUMPTION,self_service_candidate,web,2024-06-10T05:55:26Z,4.566998,1,1,web,True,True,web,1.000000,False,False,True,False,resolved
SYNTHETIC,J01101,C01101,check_signal_coverage,SERVICES,self_service_candidate,call,2024-06-12T06:23:09Z,10.753093,1,1,call,True,True,call,1.000000,False,False,False,False,resolved
SYNTHETIC,J01102,C01102,deactivate_call_management_services,SERVICES,assisted,ussd,2024-08-11T05:22:51Z,0.866165,3,3,ussd > call > social,True,False,social,3.000000,True,True,True,True,resolved
SYNTHETIC,J01103,C01103,invoices,BILLING,self_service_candidate,ussd,2024-06-06T12:28:23Z,0.883021,1,1,ussd,True,True,ussd,1.000000,False,False,True,False,resolved
SYNTHETIC,J01104,C01104,invoices,BILLING,self_service_candidate,ussd,2024-06-09T00:54:44Z,1.316613,1,1,ussd,True,True,ussd,1.000000,False,False,True,False,resolved
SYNTHETIC,J01105,C01105,install_internet,SERVICES,assisted,call,2024-08-31T16:07:24Z,6.161329,1,1,call,True,True,call,1.000000,False,False,False,False,resolved
SYNTHETIC,J01106,C01106,human_agent,CONTACT,complaint,web,2024-07-24T11:11:12Z,5.018667,1,1,web,True,True,web,1.000000,False,False,True,False,resolved
SYNTHETIC,J01107,C01107,get_compensation,COMPLAINTS,complaint,call,2024-06-14T08:46:12Z,14.601243,1,1,call,True,True,call,1.000000,False,False,False,False,resolved
SYNTHETIC,J01108,C01108,schedule_payments,PAYMENT,assisted,call,2024-06-22T18:58:51Z,4.966318,1,1,call,True,True,call,1.000000,False,False,False,False,resolved
SYNTHETIC,J01109,C01109,pay,PAYMENT,assisted,ussd,2024-08-11T02:44:22Z,1.101205,4,3,ussd > app > call > call,True,False,call,4.000000,True,True,True,True,resolved
SYNTHETIC,J01110,C01110,activate_phone,SERVICES,assisted,ussd,2024-08-04T04:58:36Z,1.152507,4,2,ussd > ussd > ussd > web,False,False,,,True,True,True,False,max_contacts
SYNTHETIC,J01111,C01111,install_internet,SERVICES,assisted,web,2024-07-12T23:28:02Z,6.716463,3,3,web > app > call,False,False,,,True,True,True,True,chose_abandon
SYNTHETIC,J01112,C01112,report_problem,COMPLAINTS,complaint,call,2024-08-17T11:16:11Z,8.220883,3,2,call > call > ussd,False,False,,,True,True,False,False,chose_abandon
SYNTHETIC,J01113,C01113,check_usage,CONSUMPTION,self_service_candidate,call,2024-08-26T10:28:06Z,2.448515,1,1,call,True,True,call,1.000000,False,False,False,False,resolved
SYNTHETIC,J01114,C01114,report_problem,COMPLAINTS,complaint,call,2024-07-09T16:20:30Z,4.443212,1,1,call,True,True,call,1.000000,False,False,False,False,resolved
SYNTHETIC,J01115,C01115,pay,PAYMENT,assisted,ussd,2024-07-07T05:57:33Z,1.345228,3,2,ussd > social > social,False,False,,,True,True,True,False,chose_abandon
SYNTHETIC,J01116,C01116,report_problem,COMPLAINTS,complaint,social,2024-07-16T11:00:41Z,38.825383,4,2,social > social > social > call,False,False,,,True,True,True,True,max_contacts
SYNTHETIC,J01117,C01117,check_excess_data_charges,CONSUMPTION,self_service_candidate,ussd,2024-08-13T06:24:19Z,0.834712,1,1,ussd,True,True,ussd,1.000000,False,False,True,False,resolved
SYNTHETIC,J01118,C01118,check_usage,CONSUMPTION,self_service_candidate,ussd,2024-06-12T09:26:03Z,1.178935,1,1,ussd,False,False,,,False,False,True,False,chose_abandon
SYNTHETIC,J01119,C01119,activate_roaming,SERVICES,assisted,ussd,2024-06-10T23:14:35Z,0.662280,1,1,ussd,True,True,ussd,1.000000,False,False,True,False,resolved
SYNTHETIC,J01120,C01120,pay,PAYMENT,assisted,app,2024-07-25T15:31:03Z,0.957806,1,1,app,True,True,app,1.000000,False,False,True,False,resolved
SYNTHETIC,J01121,C01121,invoices,BILLING,self_service_candidate,call,2024-06-30T07:06:41Z,7.694679,2,1,call > call,True,False,call,2.000000,True,False,False,False,resolved
SYNTHETIC,J01122,C01122,human_agent,CONTACT,complaint,web,2024-06-30T10:48:34Z,3.702760,1,1,web,True,True,web,1.000000,False,False,True,False,resolved
SYNTHETIC,J01123,C01123,report_poor_signal_coverage,COMPLAINTS,complaint,ussd,2024-07-21T23:46:24Z,0.751154,3,2,ussd > call > call,True,False,call,3.000000,True,True,True,True,resolved
SYNTHETIC,J01124,C01124,change_plan,SUBSCRIPTION,assisted,web,2024-07-30T03:04:15Z,9.608066,1,1,web,False,False,,,False,False,True,False,chose_abandon
SYNTHETIC,J01125,C01125,set_usage_limits,CONSUMPTION,assisted,web,2024-07-29T20:39:24Z,3.904526,1,1,web,False,False,,,False,False,True,False,chose_abandon
SYNTHETIC,J01126,C01126,activate_call_management_services,SERVICES,assisted,app,2024-06-04T17:29:55Z,1.710697,1,1,app,True,True,app,1.000000,False,False,True,False,resolved
SYNTHETIC,J01127,C01127,pay,PAYMENT,assisted,ussd,2024-06-26T12:50:57Z,0.614302,3,2,ussd > call > call,True,False,call,3.000000,True,True,True,True,resolved
SYNTHETIC,J01128,C01128,change_plan,SUBSCRIPTION,assisted,call,2024-08-07T09:41:41Z,9.709624,1,1,call,False,False,,,False,False,False,False,chose_abandon
SYNTHETIC,J01129,C01129,check_usage,CONSUMPTION,self_service_candidate,call,2024-06-14T12:31:00Z,6.553109,1,1,call,True,True,call,1.000000,False,False,False,False,resolved
SYNTHETIC,J01130,C01130,set_usage_limits,CONSUMPTION,assisted,ussd,2024-07-27T01:59:40Z,0.635244,1,1,ussd,True,True,ussd,1.000000,False,False,True,False,resolved
SYNTHETIC,J01131,C01131,check_excess_data_charges,CONSUMPTION,self_service_candidate,web,2024-08-07T22:16:32Z,3.296623,1,1,web,True,True,web,1.000000,False,False,True,False,resolved
SYNTHETIC,J01132,C01132,check_usage,CONSUMPTION,self_service_candidate,app,2024-06-04T23:43:27Z,2.499894,1,1,app,True,True,app,1.000000,False,False,True,False,resolved
SYNTHETIC,J01133,C01133,check_excess_data_charges,CONSUMPTION,self_service_candidate,ussd,2024-08-16T01:21:15Z,0.755847,2,2,ussd > call,False,False,,,True,True,True,True,chose_abandon
SYNTHETIC,J01134,C01134,sign_up_for_plan,SUBSCRIPTION,assisted,call,2024-06-03T10:31:26Z,15.800717,1,1,call,True,True,call,1.000000,False,False,False,False,resolved
SYNTHETIC,J01135,C01135,change_plan,SUBSCRIPTION,assisted,app,2024-06-22T12:00:15Z,2.332791,1,1,app,False,False,,,False,False,True,False,chose_abandon
SYNTHETIC,J01136,C01136,activate_roaming,SERVICES,assisted,ussd,2024-07-23T04:48:35Z,1.488190,1,1,ussd,True,True,ussd,1.000000,False,False,True,False,resolved
SYNTHETIC,J01137,C01137,cancel_plan,SUBSCRIPTION,assisted,call,2024-08-07T14:56:18Z,4.677662,1,1,call,True,True,call,1.000000,False,False,False,False,resolved
SYNTHETIC,J01138,C01138,check_usage,CONSUMPTION,self_service_candidate,app,2024-08-25T16:48:29Z,1.544506,4,2,app > app > call > call,True,False,call,4.000000,True,True,True,True,resolved
SYNTHETIC,J01139,C01139,change_plan,SUBSCRIPTION,assisted,call,2024-07-27T17:06:12Z,7.646489,1,1,call,True,True,call,1.000000,False,False,False,False,resolved
SYNTHETIC,J01140,C01140,dispute_invoice,BILLING,complaint,web,2024-08-09T20:58:42Z,10.144089,1,1,web,True,True,web,1.000000,False,False,True,False,resolved
SYNTHETIC,J01141,C01141,schedule_payments,PAYMENT,assisted,call,2024-07-07T07:37:25Z,5.648861,1,1,call,True,True,call,1.000000,False,False,False,False,resolved
SYNTHETIC,J01142,C01142,check_usage,CONSUMPTION,self_service_candidate,ussd,2024-08-04T23:30:24Z,0.470305,1,1,ussd,True,True,ussd,1.000000,False,False,True,False,resolved
SYNTHETIC,J01143,C01143,activate_roaming,SERVICES,assisted,call,2024-06-18T22:15:18Z,5.444492,1,1,call,True,True,call,1.000000,False,False,False,False,resolved
SYNTHETIC,J01144,C01144,pay,PAYMENT,assisted,call,2024-07-10T02:48:28Z,2.742484,2,1,call > call,True,False,call,2.000000,True,False,False,False,resolved
SYNTHETIC,J01145,C01145,activate_phone,SERVICES,assisted,app,2024-08-27T19:59:14Z,2.816294,3,2,app > call > call,True,False,call,3.000000,True,True,True,True,resolved
SYNTHETIC,J01146,C01146,cancel_plan,SUBSCRIPTION,assisted,ussd,2024-07-07T22:51:05Z,0.993253,3,3,ussd > app > call,True,False,call,3.000000,True,True,True,True,resolved
SYNTHETIC,J01147,C01147,dispute_invoice,BILLING,complaint,app,2024-07-31T11:38:22Z,1.273913,2,2,app > call,True,False,call,2.000000,True,True,True,True,resolved
SYNTHETIC,J01148,C01148,activate_roaming,SERVICES,assisted,ussd,2024-08-30T23:38:10Z,0.588479,1,1,ussd,False,False,,,False,False,True,False,chose_abandon
SYNTHETIC,J01149,C01149,invoices,BILLING,self_service_candidate,call,2024-07-02T12:22:42Z,5.271317,1,1,call,True,True,call,1.000000,False,False,False,False,resolved
SYNTHETIC,J01150,C01150,invoices,BILLING,self_service_candidate,call,2024-08-18T22:05:40Z,3.836548,1,1,call,True,True,call,1.000000,False,False,False,False,resolved
SYNTHETIC,J01151,C01151,report_poor_signal_coverage,COMPLAINTS,complaint,social,2024-07-10T23:57:22Z,23.322416,2,2,social > call,True,False,call,2.000000,True,True,True,True,resolved
SYNTHETIC,J01152,C01152,invoices,BILLING,self_service_candidate,call,2024-08-31T13:34:05Z,7.901547,1,1,call,True,True,call,1.000000,False,False,False,False,resolved
SYNTHETIC,J01153,C01153,install_internet,SERVICES,assisted,ussd,2024-08-09T18:31:13Z,2.137630,1,1,ussd,True,True,ussd,1.000000,False,False,True,False,resolved
SYNTHETIC,J01154,C01154,payment_methods,PAYMENT,self_service_candidate,social,2024-08-05T00:08:21Z,38.010509,1,1,social,False,False,,,False,False,True,False,chose_abandon
SYNTHETIC,J01155,C01155,activate_call_management_services,SERVICES,assisted,call,2024-06-24T18:30:13Z,5.939313,1,1,call,True,True,call,1.000000,False,False,False,False,resolved
SYNTHETIC,J01156,C01156,check_usage,CONSUMPTION,self_service_candidate,ussd,2024-08-28T01:46:41Z,1.327297,1,1,ussd,True,True,ussd,1.000000,False,False,True,False,resolved
SYNTHETIC,J01157,C01157,get_compensation,COMPLAINTS,complaint,social,2024-08-25T08:26:05Z,134.622932,2,2,social > call,False,False,,,True,True,True,True,chose_abandon
SYNTHETIC,J01158,C01158,report_poor_signal_coverage,COMPLAINTS,complaint,app,2024-08-09T05:27:07Z,1.149310,3,2,app > app > call,True,False,call,3.000000,True,True,True,True,resolved
SYNTHETIC,J01159,C01159,check_signal_coverage,SERVICES,self_service_candidate,ussd,2024-08-04T01:28:10Z,0.921193,1,1,ussd,True,True,ussd,1.000000,False,False,True,False,resolved
SYNTHETIC,J01160,C01160,invoices,BILLING,self_service_candidate,ussd,2024-08-30T23:20:39Z,1.825292,3,2,ussd > ussd > call,True,False,call,3.000000,True,True,True,True,resolved
SYNTHETIC,J01161,C01161,change_plan,SUBSCRIPTION,assisted,app,2024-07-09T03:04:02Z,4.502516,3,3,app > social > call,True,False,call,3.000000,True,True,True,True,resolved
SYNTHETIC,J01162,C01162,human_agent,CONTACT,complaint,app,2024-07-02T18:01:35Z,1.109267,2,2,app > social,True,False,social,2.000000,True,True,True,False,resolved
SYNTHETIC,J01163,C01163,pay,PAYMENT,assisted,call,2024-06-11T04:18:12Z,4.744381,1,1,call,True,True,call,1.000000,False,False,False,False,resolved
SYNTHETIC,J01164,C01164,payment_methods,PAYMENT,self_service_candidate,ussd,2024-08-24T05:18:08Z,1.492015,1,1,ussd,True,True,ussd,1.000000,False,False,True,False,resolved
SYNTHETIC,J01165,C01165,human_agent,CONTACT,complaint,ussd,2024-06-10T20:49:15Z,0.410526,4,2,ussd > social > social > ussd,False,False,,,True,True,True,False,max_contacts
SYNTHETIC,J01166,C01166,payment_methods,PAYMENT,self_service_candidate,app,2024-08-26T12:51:19Z,4.424655,1,1,app,True,True,app,1.000000,False,False,True,False,resolved
SYNTHETIC,J01167,C01167,check_cancellation_fee,SUBSCRIPTION,self_service_candidate,app,2024-08-31T00:27:09Z,2.216938,1,1,app,True,True,app,1.000000,False,False,True,False,resolved
SYNTHETIC,J01168,C01168,pay,PAYMENT,assisted,app,2024-06-10T01:46:10Z,1.548457,1,1,app,True,True,app,1.000000,False,False,True,False,resolved
SYNTHETIC,J01169,C01169,check_usage,CONSUMPTION,self_service_candidate,ussd,2024-08-21T09:03:29Z,0.644955,1,1,ussd,True,True,ussd,1.000000,False,False,True,False,resolved
SYNTHETIC,J01170,C01170,cancel_plan,SUBSCRIPTION,assisted,web,2024-06-28T04:30:16Z,9.932585,1,1,web,True,True,web,1.000000,False,False,True,False,resolved
SYNTHETIC,J01171,C01171,human_agent,CONTACT,complaint,call,2024-07-10T04:38:14Z,5.452600,3,1,call > call > call,True,False,call,3.000000,True,False,False,False,resolved
SYNTHETIC,J01172,C01172,check_excess_data_charges,CONSUMPTION,self_service_candidate,ussd,2024-07-31T18:30:25Z,0.833483,1,1,ussd,True,True,ussd,1.000000,False,False,True,False,resolved
SYNTHETIC,J01173,C01173,invoices,BILLING,self_service_candidate,call,2024-06-19T05:33:14Z,5.210675,1,1,call,True,True,call,1.000000,False,False,False,False,resolved
SYNTHETIC,J01174,C01174,invoices,BILLING,self_service_candidate,call,2024-07-24T00:56:21Z,9.671474,1,1,call,True,True,call,1.000000,False,False,False,False,resolved
SYNTHETIC,J01175,C01175,schedule_payments,PAYMENT,assisted,ussd,2024-06-06T17:00:33Z,0.973956,1,1,ussd,True,True,ussd,1.000000,False,False,True,False,resolved
SYNTHETIC,J01176,C01176,dispute_invoice,BILLING,complaint,web,2024-06-29T09:34:08Z,9.600041,4,2,web > call > call > call,False,False,,,True,True,True,True,max_contacts
SYNTHETIC,J01177,C01177,check_excess_data_charges,CONSUMPTION,self_service_candidate,web,2024-06-14T03:24:14Z,4.086952,1,1,web,True,True,web,1.000000,False,False,True,False,resolved
SYNTHETIC,J01178,C01178,check_usage,CONSUMPTION,self_service_candidate,call,2024-07-31T11:51:09Z,6.750907,1,1,call,True,True,call,1.000000,False,False,False,False,resolved
SYNTHETIC,J01179,C01179,check_usage,CONSUMPTION,self_service_candidate,app,2024-08-19T11:53:13Z,1.492519,1,1,app,True,True,app,1.000000,False,False,True,False,resolved
SYNTHETIC,J01180,C01180,dispute_invoice,BILLING,complaint,call,2024-08-31T13:35:30Z,5.074498,1,1,call,True,True,call,1.000000,False,False,False,False,resolved
SYNTHETIC,J01181,C01181,deactivate_call_management_services,SERVICES,assisted,app,2024-08-14T06:17:03Z,1.134241,1,1,app,True,True,app,1.000000,False,False,True,False,resolved
SYNTHETIC,J01182,C01182,cancel_plan,SUBSCRIPTION,assisted,app,2024-08-29T01:54:26Z,3.332910,2,2,app > web,True,False,web,2.000000,True,True,True,False,resolved
SYNTHETIC,J01183,C01183,pay,PAYMENT,assisted,call,2024-06-07T13:02:55Z,11.911489,1,1,call,True,True,call,1.000000,False,False,False,False,resolved
SYNTHETIC,J01184,C01184,report_problem,COMPLAINTS,complaint,ussd,2024-07-02T23:15:36Z,0.382362,2,2,ussd > social,False,False,,,True,True,True,False,chose_abandon
SYNTHETIC,J01185,C01185,check_signal_coverage,SERVICES,self_service_candidate,web,2024-07-23T01:22:24Z,7.345845,1,1,web,True,True,web,1.000000,False,False,True,False,resolved
SYNTHETIC,J01186,C01186,check_usage,CONSUMPTION,self_service_candidate,ussd,2024-07-19T21:57:58Z,0.606641,2,2,ussd > call,True,False,call,2.000000,True,True,True,True,resolved
SYNTHETIC,J01187,C01187,customer_service,CONTACT,assisted,call,2024-08-12T01:12:38Z,2.906186,1,1,call,True,True,call,1.000000,False,False,False,False,resolved
SYNTHETIC,J01188,C01188,report_problem,COMPLAINTS,complaint,call,2024-06-14T08:11:54Z,2.115077,1,1,call,True,True,call,1.000000,False,False,False,False,resolved
SYNTHETIC,J01189,C01189,pay,PAYMENT,assisted,call,2024-06-05T03:32:00Z,7.823830,2,1,call > call,True,False,call,2.000000,True,False,False,False,resolved
SYNTHETIC,J01190,C01190,set_usage_limits,CONSUMPTION,assisted,ussd,2024-07-18T19:52:11Z,0.719429,3,2,ussd > call > call,False,False,,,True,True,True,True,chose_abandon
SYNTHETIC,J01191,C01191,check_signal_coverage,SERVICES,self_service_candidate,app,2024-08-16T02:54:16Z,4.392981,1,1,app,True,True,app,1.000000,False,False,True,False,resolved
SYNTHETIC,J01192,C01192,payment_methods,PAYMENT,self_service_candidate,ussd,2024-07-03T00:37:09Z,0.868591,1,1,ussd,True,True,ussd,1.000000,False,False,True,False,resolved
SYNTHETIC,J01193,C01193,cancel_plan,SUBSCRIPTION,assisted,call,2024-07-02T03:33:44Z,4.526295,1,1,call,False,False,,,False,False,False,False,chose_abandon
SYNTHETIC,J01194,C01194,change_plan,SUBSCRIPTION,assisted,ussd,2024-07-10T21:53:42Z,0.765383,2,2,ussd > call,True,False,call,2.000000,True,True,True,True,resolved
SYNTHETIC,J01195,C01195,report_poor_signal_coverage,COMPLAINTS,complaint,ussd,2024-07-19T04:33:13Z,0.971914,1,1,ussd,True,True,ussd,1.000000,False,False,True,False,resolved
SYNTHETIC,J01196,C01196,activate_roaming,SERVICES,assisted,ussd,2024-06-10T06:16:05Z,0.660658,2,2,ussd > call,True,False,call,2.000000,True,True,True,True,resolved
SYNTHETIC,J01197,C01197,install_internet,SERVICES,assisted,web,2024-08-12T10:29:45Z,8.988988,1,1,web,False,False,,,False,False,True,False,chose_abandon
SYNTHETIC,J01198,C01198,change_plan,SUBSCRIPTION,assisted,call,2024-08-21T12:59:45Z,5.281979,1,1,call,False,False,,,False,False,False,False,chose_abandon
SYNTHETIC,J01199,C01199,report_problem,COMPLAINTS,complaint,ussd,2024-08-18T23:42:50Z,0.841541,4,1,ussd > ussd > ussd > ussd,False,False,,,True,False,True,False,max_contacts
SYNTHETIC,J01200,C01200,report_problem,COMPLAINTS,complaint,web,2024-06-29T17:16:51Z,7.414382,1,1,web,True,True,web,1.000000,False,False,True,False,resolved
SYNTHETIC,J01201,C01201,invoices,BILLING,self_service_candidate,ussd,2024-08-03T05:56:47Z,0.800226,4,3,ussd > app > social > ussd,False,False,,,True,True,True,False,max_contacts
SYNTHETIC,J01202,C01202,change_plan,SUBSCRIPTION,assisted,ussd,2024-07-28T06:17:35Z,1.209686,1,1,ussd,True,True,ussd,1.000000,False,False,True,False,resolved
SYNTHETIC,J01203,C01203,activate_roaming,SERVICES,assisted,ussd,2024-06-23T21:31:37Z,0.704625,1,1,ussd,True,True,ussd,1.000000,False,False,True,False,resolved
SYNTHETIC,J01204,C01204,invoices,BILLING,self_service_candidate,call,2024-06-19T16:55:52Z,16.537043,1,1,call,True,True,call,1.000000,False,False,False,False,resolved
SYNTHETIC,J01205,C01205,report_problem,COMPLAINTS,complaint,app,2024-07-13T05:09:03Z,3.571518,4,2,app > call > call > call,False,False,,,True,True,True,True,max_contacts
SYNTHETIC,J01206,C01206,cancel_plan,SUBSCRIPTION,assisted,app,2024-07-02T16:03:10Z,2.569053,1,1,app,True,True,app,1.000000,False,False,True,False,resolved
SYNTHETIC,J01207,C01207,check_signal_coverage,SERVICES,self_service_candidate,call,2024-07-10T00:20:40Z,6.073705,1,1,call,True,True,call,1.000000,False,False,False,False,resolved
SYNTHETIC,J01208,C01208,check_signal_coverage,SERVICES,self_service_candidate,call,2024-06-23T06:12:57Z,9.648644,1,1,call,True,True,call,1.000000,False,False,False,False,resolved
SYNTHETIC,J01209,C01209,dispute_invoice,BILLING,complaint,ussd,2024-08-11T11:42:23Z,0.379358,1,1,ussd,True,True,ussd,1.000000,False,False,True,False,resolved
SYNTHETIC,J01210,C01210,sign_up_for_plan,SUBSCRIPTION,assisted,social,2024-06-04T00:43:44Z,65.490952,1,1,social,False,False,,,False,False,True,False,chose_abandon
SYNTHETIC,J01211,C01211,cancel_plan,SUBSCRIPTION,assisted,call,2024-08-02T16:03:31Z,5.683076,1,1,call,True,True,call,1.000000,False,False,False,False,resolved
SYNTHETIC,J01212,C01212,install_internet,SERVICES,assisted,social,2024-08-06T06:54:21Z,23.531657,2,2,social > call,True,False,call,2.000000,True,True,True,True,resolved
SYNTHETIC,J01213,C01213,change_plan,SUBSCRIPTION,assisted,call,2024-08-04T21:57:32Z,10.858289,2,1,call > call,True,False,call,2.000000,True,False,False,False,resolved
SYNTHETIC,J01214,C01214,deactivate_call_management_services,SERVICES,assisted,ussd,2024-07-15T13:19:15Z,0.723463,3,3,ussd > social > call,False,False,,,True,True,True,True,chose_abandon
SYNTHETIC,J01215,C01215,deactivate_call_management_services,SERVICES,assisted,app,2024-08-19T14:47:45Z,4.507946,3,2,app > call > call,True,False,call,3.000000,True,True,True,True,resolved
SYNTHETIC,J01216,C01216,get_compensation,COMPLAINTS,complaint,social,2024-06-08T19:22:25Z,20.894042,1,1,social,False,False,,,False,False,True,False,chose_abandon
SYNTHETIC,J01217,C01217,invoices,BILLING,self_service_candidate,ussd,2024-06-09T13:06:41Z,0.902978,1,1,ussd,True,True,ussd,1.000000,False,False,True,False,resolved
SYNTHETIC,J01218,C01218,invoices,BILLING,self_service_candidate,web,2024-08-21T20:46:22Z,4.337039,1,1,web,True,True,web,1.000000,False,False,True,False,resolved
SYNTHETIC,J01219,C01219,dispute_invoice,BILLING,complaint,ussd,2024-08-10T23:48:01Z,0.945416,2,2,ussd > web,True,False,web,2.000000,True,True,True,False,resolved
SYNTHETIC,J01220,C01220,set_usage_limits,CONSUMPTION,assisted,app,2024-06-15T17:36:28Z,2.566243,2,2,app > call,True,False,call,2.000000,True,True,True,True,resolved
SYNTHETIC,J01221,C01221,customer_service,CONTACT,assisted,call,2024-07-15T16:21:15Z,7.110522,1,1,call,True,True,call,1.000000,False,False,False,False,resolved
SYNTHETIC,J01222,C01222,check_mobile_payments,PAYMENT,self_service_candidate,call,2024-07-18T11:22:53Z,5.660565,1,1,call,True,True,call,1.000000,False,False,False,False,resolved
SYNTHETIC,J01223,C01223,report_problem,COMPLAINTS,complaint,app,2024-06-26T14:33:35Z,2.064807,1,1,app,False,False,,,False,False,True,False,chose_abandon
SYNTHETIC,J01224,C01224,check_usage,CONSUMPTION,self_service_candidate,app,2024-07-08T21:50:05Z,2.244636,1,1,app,True,True,app,1.000000,False,False,True,False,resolved
SYNTHETIC,J01225,C01225,report_problem,COMPLAINTS,complaint,ussd,2024-06-05T07:55:12Z,0.787537,3,2,ussd > call > call,True,False,call,3.000000,True,True,True,True,resolved
SYNTHETIC,J01226,C01226,invoices,BILLING,self_service_candidate,app,2024-06-07T10:50:12Z,2.072682,1,1,app,True,True,app,1.000000,False,False,True,False,resolved
SYNTHETIC,J01227,C01227,check_usage,CONSUMPTION,self_service_candidate,ussd,2024-07-11T08:19:42Z,1.687298,1,1,ussd,True,True,ussd,1.000000,False,False,True,False,resolved
SYNTHETIC,J01228,C01228,get_compensation,COMPLAINTS,complaint,app,2024-08-23T10:13:53Z,2.709851,4,4,app > social > call > ussd,False,False,,,True,True,True,True,max_contacts
SYNTHETIC,J01229,C01229,dispute_invoice,BILLING,complaint,call,2024-06-25T02:58:14Z,2.736307,1,1,call,False,False,,,False,False,False,False,chose_abandon
SYNTHETIC,J01230,C01230,invoices,BILLING,self_service_candidate,call,2024-06-17T14:55:56Z,4.023636,1,1,call,True,True,call,1.000000,False,False,False,False,resolved
SYNTHETIC,J01231,C01231,customer_service,CONTACT,assisted,call,2024-07-09T21:42:16Z,2.530902,1,1,call,True,True,call,1.000000,False,False,False,False,resolved
SYNTHETIC,J01232,C01232,check_signal_coverage,SERVICES,self_service_candidate,call,2024-06-07T03:32:54Z,4.287421,1,1,call,True,True,call,1.000000,False,False,False,False,resolved
SYNTHETIC,J01233,C01233,activate_phone,SERVICES,assisted,app,2024-06-08T08:38:22Z,2.683705,1,1,app,True,True,app,1.000000,False,False,True,False,resolved
SYNTHETIC,J01234,C01234,activate_roaming,SERVICES,assisted,web,2024-07-08T12:36:14Z,3.568588,2,2,web > call,True,False,call,2.000000,True,True,True,True,resolved
SYNTHETIC,J01235,C01235,check_usage,CONSUMPTION,self_service_candidate,ussd,2024-07-23T07:05:50Z,0.981447,3,2,ussd > ussd > call,True,False,call,3.000000,True,True,True,True,resolved
SYNTHETIC,J01236,C01236,change_provider,SUBSCRIPTION,assisted,call,2024-08-01T08:50:49Z,6.437384,1,1,call,False,False,,,False,False,False,False,chose_abandon
SYNTHETIC,J01237,C01237,check_usage,CONSUMPTION,self_service_candidate,app,2024-07-10T14:03:07Z,6.462070,1,1,app,True,True,app,1.000000,False,False,True,False,resolved
SYNTHETIC,J01238,C01238,change_plan,SUBSCRIPTION,assisted,social,2024-08-30T00:50:12Z,17.194168,1,1,social,True,True,social,1.000000,False,False,True,False,resolved
SYNTHETIC,J01239,C01239,activate_call_management_services,SERVICES,assisted,app,2024-06-13T03:47:19Z,2.798258,4,2,app > app > app > social,False,False,,,True,True,True,False,max_contacts
SYNTHETIC,J01240,C01240,check_signal_coverage,SERVICES,self_service_candidate,call,2024-06-03T13:39:40Z,4.045051,1,1,call,True,True,call,1.000000,False,False,False,False,resolved
SYNTHETIC,J01241,C01241,change_plan,SUBSCRIPTION,assisted,social,2024-06-06T13:00:35Z,31.233736,2,2,social > call,True,False,call,2.000000,True,True,True,True,resolved
SYNTHETIC,J01242,C01242,activate_call_management_services,SERVICES,assisted,app,2024-06-12T12:12:39Z,1.803717,1,1,app,True,True,app,1.000000,False,False,True,False,resolved
SYNTHETIC,J01243,C01243,set_usage_limits,CONSUMPTION,assisted,ussd,2024-06-23T11:37:51Z,0.519963,1,1,ussd,True,True,ussd,1.000000,False,False,True,False,resolved
SYNTHETIC,J01244,C01244,check_excess_data_charges,CONSUMPTION,self_service_candidate,app,2024-07-11T12:51:42Z,3.192218,1,1,app,True,True,app,1.000000,False,False,True,False,resolved
SYNTHETIC,J01245,C01245,invoices,BILLING,self_service_candidate,app,2024-08-26T09:18:18Z,1.195381,2,2,app > ussd,True,False,ussd,2.000000,True,True,True,False,resolved
SYNTHETIC,J01246,C01246,report_problem,COMPLAINTS,complaint,social,2024-07-31T22:47:37Z,17.373077,3,2,social > social > call,False,False,,,True,True,True,True,chose_abandon
SYNTHETIC,J01247,C01247,change_plan,SUBSCRIPTION,assisted,app,2024-06-21T08:16:17Z,2.388219,3,3,app > social > call,True,False,call,3.000000,True,True,True,True,resolved
SYNTHETIC,J01248,C01248,dispute_invoice,BILLING,complaint,call,2024-08-20T15:14:51Z,5.034169,1,1,call,True,True,call,1.000000,False,False,False,False,resolved
SYNTHETIC,J01249,C01249,set_usage_limits,CONSUMPTION,assisted,app,2024-08-09T21:06:42Z,2.738729,1,1,app,True,True,app,1.000000,False,False,True,False,resolved
SYNTHETIC,J01250,C01250,payment_methods,PAYMENT,self_service_candidate,ussd,2024-08-12T03:21:12Z,0.553830,1,1,ussd,True,True,ussd,1.000000,False,False,True,False,resolved
SYNTHETIC,J01251,C01251,check_usage,CONSUMPTION,self_service_candidate,ussd,2024-08-21T09:42:42Z,1.005890,1,1,ussd,True,True,ussd,1.000000,False,False,True,False,resolved
SYNTHETIC,J01252,C01252,deactivate_call_management_services,SERVICES,assisted,call,2024-07-24T15:41:51Z,3.479616,1,1,call,True,True,call,1.000000,False,False,False,False,resolved
SYNTHETIC,J01253,C01253,check_usage,CONSUMPTION,self_service_candidate,ussd,2024-08-26T05:53:31Z,0.893744,1,1,ussd,True,True,ussd,1.000000,False,False,True,False,resolved
SYNTHETIC,J01254,C01254,check_mobile_payments,PAYMENT,self_service_candidate,app,2024-08-29T22:23:36Z,4.527550,1,1,app,True,True,app,1.000000,False,False,True,False,resolved
SYNTHETIC,J01255,C01255,cancel_plan,SUBSCRIPTION,assisted,call,2024-06-29T20:54:29Z,7.149548,1,1,call,True,True,call,1.000000,False,False,False,False,resolved
SYNTHETIC,J01256,C01256,check_usage,CONSUMPTION,self_service_candidate,call,2024-06-26T09:20:44Z,3.053925,1,1,call,True,True,call,1.000000,False,False,False,False,resolved
SYNTHETIC,J01257,C01257,report_problem,COMPLAINTS,complaint,app,2024-07-02T14:47:03Z,1.689302,4,3,app > social > call > call,False,False,,,True,True,True,True,max_contacts
SYNTHETIC,J01258,C01258,customer_service,CONTACT,assisted,call,2024-07-16T14:31:56Z,7.444529,2,1,call > call,True,False,call,2.000000,True,False,False,False,resolved
SYNTHETIC,J01259,C01259,payment_methods,PAYMENT,self_service_candidate,app,2024-07-04T05:34:14Z,1.738490,1,1,app,True,True,app,1.000000,False,False,True,False,resolved
SYNTHETIC,J01260,C01260,schedule_payments,PAYMENT,assisted,app,2024-06-18T09:24:41Z,1.256503,1,1,app,True,True,app,1.000000,False,False,True,False,resolved
SYNTHETIC,J01261,C01261,set_usage_limits,CONSUMPTION,assisted,social,2024-07-30T18:08:56Z,10.900911,2,2,social > call,True,False,call,2.000000,True,True,True,True,resolved
SYNTHETIC,J01262,C01262,report_poor_signal_coverage,COMPLAINTS,complaint,app,2024-08-08T10:08:31Z,1.029560,1,1,app,True,True,app,1.000000,False,False,True,False,resolved
SYNTHETIC,J01263,C01263,deactivate_phone,SERVICES,assisted,app,2024-08-16T16:13:44Z,4.164780,1,1,app,True,True,app,1.000000,False,False,True,False,resolved
SYNTHETIC,J01264,C01264,cancel_plan,SUBSCRIPTION,assisted,ussd,2024-08-22T14:35:09Z,1.059834,3,2,ussd > ussd > call,True,False,call,3.000000,True,True,True,True,resolved
SYNTHETIC,J01265,C01265,pay,PAYMENT,assisted,ussd,2024-08-07T08:46:32Z,0.621231,2,2,ussd > call,True,False,call,2.000000,True,True,True,True,resolved
SYNTHETIC,J01266,C01266,activate_phone,SERVICES,assisted,app,2024-06-21T20:31:35Z,2.153391,3,1,app > app > app,True,False,app,3.000000,True,False,True,False,resolved
SYNTHETIC,J01267,C01267,activate_phone,SERVICES,assisted,ussd,2024-08-05T12:10:32Z,0.808435,3,2,ussd > call > call,False,False,,,True,True,True,True,chose_abandon
SYNTHETIC,J01268,C01268,check_excess_data_charges,CONSUMPTION,self_service_candidate,app,2024-08-20T15:51:19Z,0.993656,1,1,app,True,True,app,1.000000,False,False,True,False,resolved
SYNTHETIC,J01269,C01269,sign_up_for_plan,SUBSCRIPTION,assisted,call,2024-08-16T05:23:44Z,6.078705,1,1,call,True,True,call,1.000000,False,False,False,False,resolved
SYNTHETIC,J01270,C01270,human_agent,CONTACT,complaint,web,2024-06-15T18:40:54Z,3.441247,2,2,web > call,True,False,call,2.000000,True,True,True,True,resolved
SYNTHETIC,J01271,C01271,invoices,BILLING,self_service_candidate,call,2024-06-28T17:33:46Z,11.103373,1,1,call,True,True,call,1.000000,False,False,False,False,resolved
SYNTHETIC,J01272,C01272,check_excess_data_charges,CONSUMPTION,self_service_candidate,call,2024-07-14T05:16:58Z,6.291845,1,1,call,True,True,call,1.000000,False,False,False,False,resolved
SYNTHETIC,J01273,C01273,customer_service,CONTACT,assisted,web,2024-06-17T14:21:43Z,4.807757,4,3,web > call > ussd > call,True,False,call,4.000000,True,True,True,True,resolved
SYNTHETIC,J01274,C01274,human_agent,CONTACT,complaint,app,2024-08-23T06:07:39Z,4.946708,2,2,app > call,True,False,call,2.000000,True,True,True,True,resolved
SYNTHETIC,J01275,C01275,pay,PAYMENT,assisted,ussd,2024-08-29T09:15:58Z,1.222882,1,1,ussd,False,False,,,False,False,True,False,chose_abandon
SYNTHETIC,J01276,C01276,report_poor_signal_coverage,COMPLAINTS,complaint,call,2024-08-05T09:33:56Z,9.578670,1,1,call,True,True,call,1.000000,False,False,False,False,resolved
SYNTHETIC,J01277,C01277,customer_service,CONTACT,assisted,ussd,2024-07-20T18:09:41Z,1.163833,3,3,ussd > app > call,True,False,call,3.000000,True,True,True,True,resolved
SYNTHETIC,J01278,C01278,check_mobile_payments,PAYMENT,self_service_candidate,app,2024-08-26T18:51:24Z,1.210037,1,1,app,True,True,app,1.000000,False,False,True,False,resolved
SYNTHETIC,J01279,C01279,cancel_plan,SUBSCRIPTION,assisted,ussd,2024-06-05T09:06:02Z,0.940370,4,3,ussd > call > social > call,True,False,call,4.000000,True,True,True,True,resolved
SYNTHETIC,J01280,C01280,change_provider,SUBSCRIPTION,assisted,app,2024-07-29T12:24:19Z,0.557169,2,2,app > ussd,True,False,ussd,2.000000,True,True,True,False,resolved
SYNTHETIC,J01281,C01281,pay,PAYMENT,assisted,ussd,2024-08-30T21:58:58Z,0.944450,3,2,ussd > ussd > call,True,False,call,3.000000,True,True,True,True,resolved
SYNTHETIC,J01282,C01282,activate_call_management_services,SERVICES,assisted,ussd,2024-08-08T20:08:15Z,0.930271,3,2,ussd > ussd > call,True,False,call,3.000000,True,True,True,True,resolved
SYNTHETIC,J01283,C01283,pay,PAYMENT,assisted,call,2024-08-01T07:20:40Z,5.667078,1,1,call,True,True,call,1.000000,False,False,False,False,resolved
SYNTHETIC,J01284,C01284,install_internet,SERVICES,assisted,ussd,2024-07-17T11:02:46Z,1.262233,1,1,ussd,True,True,ussd,1.000000,False,False,True,False,resolved
SYNTHETIC,J01285,C01285,check_excess_data_charges,CONSUMPTION,self_service_candidate,call,2024-08-05T06:15:42Z,3.563636,1,1,call,True,True,call,1.000000,False,False,False,False,resolved
SYNTHETIC,J01286,C01286,invoices,BILLING,self_service_candidate,app,2024-07-27T03:33:29Z,1.650011,1,1,app,True,True,app,1.000000,False,False,True,False,resolved
SYNTHETIC,J01287,C01287,report_problem,COMPLAINTS,complaint,call,2024-06-20T08:09:03Z,3.250648,3,2,call > social > call,False,False,,,True,True,False,False,chose_abandon
SYNTHETIC,J01288,C01288,sign_up_for_plan,SUBSCRIPTION,assisted,app,2024-06-26T15:48:22Z,3.156667,1,1,app,True,True,app,1.000000,False,False,True,False,resolved
SYNTHETIC,J01289,C01289,payment_methods,PAYMENT,self_service_candidate,ussd,2024-07-30T18:50:54Z,1.021385,1,1,ussd,True,True,ussd,1.000000,False,False,True,False,resolved
SYNTHETIC,J01290,C01290,check_usage,CONSUMPTION,self_service_candidate,app,2024-08-17T19:41:22Z,1.485637,1,1,app,True,True,app,1.000000,False,False,True,False,resolved
SYNTHETIC,J01291,C01291,check_mobile_payments,PAYMENT,self_service_candidate,web,2024-06-30T18:26:09Z,6.813410,1,1,web,True,True,web,1.000000,False,False,True,False,resolved
SYNTHETIC,J01292,C01292,set_usage_limits,CONSUMPTION,assisted,web,2024-06-10T16:47:34Z,3.605898,2,2,web > call,True,False,call,2.000000,True,True,True,True,resolved
SYNTHETIC,J01293,C01293,check_mobile_payments,PAYMENT,self_service_candidate,ussd,2024-06-22T17:58:42Z,0.939564,1,1,ussd,True,True,ussd,1.000000,False,False,True,False,resolved
SYNTHETIC,J01294,C01294,invoices,BILLING,self_service_candidate,web,2024-07-24T12:48:54Z,4.585363,1,1,web,False,False,,,False,False,True,False,chose_abandon
SYNTHETIC,J01295,C01295,check_usage,CONSUMPTION,self_service_candidate,app,2024-08-23T16:44:59Z,1.447813,1,1,app,True,True,app,1.000000,False,False,True,False,resolved
SYNTHETIC,J01296,C01296,check_excess_data_charges,CONSUMPTION,self_service_candidate,call,2024-06-06T22:31:18Z,2.590082,1,1,call,True,True,call,1.000000,False,False,False,False,resolved
SYNTHETIC,J01297,C01297,check_excess_data_charges,CONSUMPTION,self_service_candidate,call,2024-08-22T08:15:09Z,9.686676,1,1,call,True,True,call,1.000000,False,False,False,False,resolved
SYNTHETIC,J01298,C01298,customer_service,CONTACT,assisted,call,2024-08-24T01:06:50Z,4.457959,1,1,call,True,True,call,1.000000,False,False,False,False,resolved
SYNTHETIC,J01299,C01299,check_usage,CONSUMPTION,self_service_candidate,app,2024-07-07T18:26:07Z,0.857288,1,1,app,True,True,app,1.000000,False,False,True,False,resolved
SYNTHETIC,J01300,C01300,customer_service,CONTACT,assisted,call,2024-08-03T16:52:02Z,4.576695,2,1,call > call,True,False,call,2.000000,True,False,False,False,resolved
SYNTHETIC,J01301,C01301,set_usage_limits,CONSUMPTION,assisted,ussd,2024-08-22T03:18:19Z,0.617694,2,2,ussd > web,False,False,,,True,True,True,False,chose_abandon
SYNTHETIC,J01302,C01302,check_usage,CONSUMPTION,self_service_candidate,ussd,2024-07-28T08:14:40Z,0.965680,1,1,ussd,True,True,ussd,1.000000,False,False,True,False,resolved
SYNTHETIC,J01303,C01303,check_usage,CONSUMPTION,self_service_candidate,call,2024-06-25T23:36:47Z,16.558982,1,1,call,True,True,call,1.000000,False,False,False,False,resolved
SYNTHETIC,J01304,C01304,check_excess_data_charges,CONSUMPTION,self_service_candidate,web,2024-07-16T08:12:05Z,1.779176,1,1,web,True,True,web,1.000000,False,False,True,False,resolved
SYNTHETIC,J01305,C01305,schedule_payments,PAYMENT,assisted,call,2024-08-11T11:03:48Z,2.345489,1,1,call,False,False,,,False,False,False,False,chose_abandon
SYNTHETIC,J01306,C01306,human_agent,CONTACT,complaint,ussd,2024-07-25T15:40:30Z,0.439464,1,1,ussd,False,False,,,False,False,True,False,chose_abandon
SYNTHETIC,J01307,C01307,check_mobile_payments,PAYMENT,self_service_candidate,call,2024-07-09T08:52:05Z,6.035471,1,1,call,True,True,call,1.000000,False,False,False,False,resolved
SYNTHETIC,J01308,C01308,check_mobile_payments,PAYMENT,self_service_candidate,app,2024-08-04T09:01:40Z,1.853474,1,1,app,True,True,app,1.000000,False,False,True,False,resolved
SYNTHETIC,J01309,C01309,install_internet,SERVICES,assisted,ussd,2024-07-30T18:06:39Z,1.930014,1,1,ussd,False,False,,,False,False,True,False,chose_abandon
SYNTHETIC,J01310,C01310,sign_up_for_plan,SUBSCRIPTION,assisted,call,2024-06-06T01:29:35Z,2.556658,1,1,call,True,True,call,1.000000,False,False,False,False,resolved
SYNTHETIC,J01311,C01311,check_signal_coverage,SERVICES,self_service_candidate,ussd,2024-08-24T21:36:41Z,0.628338,1,1,ussd,True,True,ussd,1.000000,False,False,True,False,resolved
SYNTHETIC,J01312,C01312,check_mobile_payments,PAYMENT,self_service_candidate,ussd,2024-08-06T19:22:43Z,1.037106,1,1,ussd,True,True,ussd,1.000000,False,False,True,False,resolved
SYNTHETIC,J01313,C01313,check_excess_data_charges,CONSUMPTION,self_service_candidate,app,2024-08-16T15:16:42Z,1.752895,3,3,app > ussd > call,True,False,call,3.000000,True,True,True,True,resolved
SYNTHETIC,J01314,C01314,human_agent,CONTACT,complaint,app,2024-08-03T15:14:39Z,1.764594,2,2,app > call,True,False,call,2.000000,True,True,True,True,resolved
SYNTHETIC,J01315,C01315,check_usage,CONSUMPTION,self_service_candidate,ussd,2024-07-23T02:40:41Z,1.186167,1,1,ussd,True,True,ussd,1.000000,False,False,True,False,resolved
SYNTHETIC,J01316,C01316,schedule_payments,PAYMENT,assisted,web,2024-07-11T05:02:02Z,23.248264,1,1,web,True,True,web,1.000000,False,False,True,False,resolved
SYNTHETIC,J01317,C01317,check_excess_data_charges,CONSUMPTION,self_service_candidate,ussd,2024-08-02T09:58:20Z,1.164604,1,1,ussd,False,False,,,False,False,True,False,chose_abandon
SYNTHETIC,J01318,C01318,pay,PAYMENT,assisted,call,2024-06-23T22:24:40Z,6.044122,1,1,call,True,True,call,1.000000,False,False,False,False,resolved
SYNTHETIC,J01319,C01319,invoices,BILLING,self_service_candidate,ussd,2024-08-02T18:19:26Z,1.095535,1,1,ussd,True,True,ussd,1.000000,False,False,True,False,resolved
SYNTHETIC,J01320,C01320,check_usage,CONSUMPTION,self_service_candidate,call,2024-07-11T08:45:18Z,3.545789,1,1,call,True,True,call,1.000000,False,False,False,False,resolved
SYNTHETIC,J01321,C01321,report_poor_signal_coverage,COMPLAINTS,complaint,ussd,2024-07-28T09:12:37Z,0.605124,2,2,ussd > call,True,False,call,2.000000,True,True,True,True,resolved
SYNTHETIC,J01322,C01322,get_compensation,COMPLAINTS,complaint,ussd,2024-07-02T03:44:03Z,1.889355,1,1,ussd,True,True,ussd,1.000000,False,False,True,False,resolved
SYNTHETIC,J01323,C01323,check_mobile_payments,PAYMENT,self_service_candidate,ussd,2024-06-08T12:43:59Z,1.150120,1,1,ussd,True,True,ussd,1.000000,False,False,True,False,resolved
SYNTHETIC,J01324,C01324,check_usage,CONSUMPTION,self_service_candidate,call,2024-06-14T11:37:19Z,9.438388,1,1,call,True,True,call,1.000000,False,False,False,False,resolved
SYNTHETIC,J01325,C01325,check_mobile_payments,PAYMENT,self_service_candidate,ussd,2024-07-07T15:03:54Z,1.092682,4,3,ussd > call > app > call,False,False,,,True,True,True,True,max_contacts
SYNTHETIC,J01326,C01326,customer_service,CONTACT,assisted,call,2024-06-03T14:50:25Z,7.546092,1,1,call,True,True,call,1.000000,False,False,False,False,resolved
SYNTHETIC,J01327,C01327,check_mobile_payments,PAYMENT,self_service_candidate,ussd,2024-07-17T21:17:10Z,0.798128,1,1,ussd,True,True,ussd,1.000000,False,False,True,False,resolved
SYNTHETIC,J01328,C01328,report_problem,COMPLAINTS,complaint,ussd,2024-07-22T10:27:42Z,1.153920,4,3,ussd > social > call > call,False,False,,,True,True,True,True,max_contacts
SYNTHETIC,J01329,C01329,invoices,BILLING,self_service_candidate,call,2024-07-05T05:17:06Z,10.042412,1,1,call,True,True,call,1.000000,False,False,False,False,resolved
SYNTHETIC,J01330,C01330,cancel_plan,SUBSCRIPTION,assisted,ussd,2024-08-24T15:21:17Z,1.059319,1,1,ussd,True,True,ussd,1.000000,False,False,True,False,resolved
SYNTHETIC,J01331,C01331,check_mobile_payments,PAYMENT,self_service_candidate,ussd,2024-08-22T01:04:02Z,0.779609,1,1,ussd,True,True,ussd,1.000000,False,False,True,False,resolved
SYNTHETIC,J01332,C01332,schedule_payments,PAYMENT,assisted,app,2024-08-18T22:24:10Z,2.476940,2,2,app > call,False,False,,,True,True,True,True,chose_abandon
SYNTHETIC,J01333,C01333,check_mobile_payments,PAYMENT,self_service_candidate,social,2024-08-21T22:21:07Z,51.999469,1,1,social,False,False,,,False,False,True,False,chose_abandon
SYNTHETIC,J01334,C01334,schedule_payments,PAYMENT,assisted,web,2024-07-01T08:19:25Z,8.203425,1,1,web,True,True,web,1.000000,False,False,True,False,resolved
SYNTHETIC,J01335,C01335,install_internet,SERVICES,assisted,web,2024-07-16T13:08:16Z,6.294301,2,2,web > social,False,False,,,True,True,True,False,chose_abandon
SYNTHETIC,J01336,C01336,report_poor_signal_coverage,COMPLAINTS,complaint,app,2024-06-11T14:03:50Z,1.002736,4,3,app > web > web > ussd,True,False,ussd,4.000000,True,True,True,False,resolved
SYNTHETIC,J01337,C01337,check_usage,CONSUMPTION,self_service_candidate,web,2024-06-07T06:04:05Z,6.461939,2,1,web > web,True,False,web,2.000000,True,False,True,False,resolved
SYNTHETIC,J01338,C01338,deactivate_call_management_services,SERVICES,assisted,call,2024-07-01T23:30:06Z,9.161834,1,1,call,True,True,call,1.000000,False,False,False,False,resolved
SYNTHETIC,J01339,C01339,invoices,BILLING,self_service_candidate,call,2024-06-29T22:46:51Z,5.391301,1,1,call,True,True,call,1.000000,False,False,False,False,resolved
SYNTHETIC,J01340,C01340,pay,PAYMENT,assisted,ussd,2024-06-24T15:24:20Z,0.879865,1,1,ussd,True,True,ussd,1.000000,False,False,True,False,resolved
SYNTHETIC,J01341,C01341,invoices,BILLING,self_service_candidate,web,2024-08-07T12:03:58Z,2.308141,1,1,web,False,False,,,False,False,True,False,chose_abandon
SYNTHETIC,J01342,C01342,activate_roaming,SERVICES,assisted,web,2024-06-08T05:03:21Z,9.492029,2,2,web > call,True,False,call,2.000000,True,True,True,True,resolved
SYNTHETIC,J01343,C01343,invoices,BILLING,self_service_candidate,web,2024-06-12T10:14:42Z,8.435495,1,1,web,False,False,,,False,False,True,False,chose_abandon
SYNTHETIC,J01344,C01344,install_internet,SERVICES,assisted,ussd,2024-08-26T00:46:52Z,0.786116,1,1,ussd,True,True,ussd,1.000000,False,False,True,False,resolved
SYNTHETIC,J01345,C01345,report_problem,COMPLAINTS,complaint,ussd,2024-08-13T19:25:17Z,1.463939,4,2,ussd > ussd > call > call,True,False,call,4.000000,True,True,True,True,resolved
SYNTHETIC,J01346,C01346,invoices,BILLING,self_service_candidate,ussd,2024-06-27T02:57:59Z,0.830785,1,1,ussd,True,True,ussd,1.000000,False,False,True,False,resolved
SYNTHETIC,J01347,C01347,set_usage_limits,CONSUMPTION,assisted,app,2024-07-14T23:54:17Z,4.183151,1,1,app,True,True,app,1.000000,False,False,True,False,resolved
SYNTHETIC,J01348,C01348,get_compensation,COMPLAINTS,complaint,call,2024-08-13T08:48:45Z,6.978483,4,2,call > call > call > app,True,False,app,4.000000,True,True,False,False,resolved
SYNTHETIC,J01349,C01349,activate_roaming,SERVICES,assisted,web,2024-06-19T01:05:10Z,4.224387,1,1,web,True,True,web,1.000000,False,False,True,False,resolved
SYNTHETIC,J01350,C01350,activate_phone,SERVICES,assisted,app,2024-06-25T01:54:35Z,2.480061,1,1,app,True,True,app,1.000000,False,False,True,False,resolved
SYNTHETIC,J01351,C01351,cancel_plan,SUBSCRIPTION,assisted,call,2024-07-30T11:47:27Z,6.925791,1,1,call,True,True,call,1.000000,False,False,False,False,resolved
SYNTHETIC,J01352,C01352,customer_service,CONTACT,assisted,social,2024-08-17T23:46:18Z,13.949969,1,1,social,True,True,social,1.000000,False,False,True,False,resolved
SYNTHETIC,J01353,C01353,check_mobile_payments,PAYMENT,self_service_candidate,app,2024-06-05T00:37:17Z,1.232056,2,2,app > call,True,False,call,2.000000,True,True,True,True,resolved
SYNTHETIC,J01354,C01354,check_mobile_payments,PAYMENT,self_service_candidate,social,2024-07-18T15:50:03Z,45.957123,2,2,social > call,True,False,call,2.000000,True,True,True,True,resolved
SYNTHETIC,J01355,C01355,dispute_invoice,BILLING,complaint,call,2024-07-23T07:30:38Z,2.027764,1,1,call,True,True,call,1.000000,False,False,False,False,resolved
SYNTHETIC,J01356,C01356,check_usage,CONSUMPTION,self_service_candidate,ussd,2024-07-08T10:01:43Z,1.073053,1,1,ussd,True,True,ussd,1.000000,False,False,True,False,resolved
SYNTHETIC,J01357,C01357,install_internet,SERVICES,assisted,social,2024-08-28T15:19:14Z,35.886197,2,2,social > call,False,False,,,True,True,True,True,chose_abandon
SYNTHETIC,J01358,C01358,check_usage,CONSUMPTION,self_service_candidate,web,2024-07-10T01:35:17Z,7.621911,1,1,web,True,True,web,1.000000,False,False,True,False,resolved
SYNTHETIC,J01359,C01359,get_compensation,COMPLAINTS,complaint,ussd,2024-06-11T04:19:27Z,0.938075,2,1,ussd > ussd,False,False,,,True,False,True,False,chose_abandon
SYNTHETIC,J01360,C01360,report_problem,COMPLAINTS,complaint,ussd,2024-07-23T15:19:53Z,1.042501,2,2,ussd > call,True,False,call,2.000000,True,True,True,True,resolved
SYNTHETIC,J01361,C01361,check_usage,CONSUMPTION,self_service_candidate,web,2024-06-22T10:41:59Z,4.665919,1,1,web,True,True,web,1.000000,False,False,True,False,resolved
SYNTHETIC,J01362,C01362,get_compensation,COMPLAINTS,complaint,call,2024-07-19T01:25:25Z,19.349916,1,1,call,True,True,call,1.000000,False,False,False,False,resolved
SYNTHETIC,J01363,C01363,check_usage,CONSUMPTION,self_service_candidate,call,2024-07-25T13:44:07Z,2.179678,2,2,call > ussd,True,False,ussd,2.000000,True,True,False,False,resolved
SYNTHETIC,J01364,C01364,check_excess_data_charges,CONSUMPTION,self_service_candidate,call,2024-07-16T02:32:47Z,3.004535,1,1,call,True,True,call,1.000000,False,False,False,False,resolved
SYNTHETIC,J01365,C01365,schedule_payments,PAYMENT,assisted,call,2024-07-21T06:36:27Z,2.638758,1,1,call,True,True,call,1.000000,False,False,False,False,resolved
SYNTHETIC,J01366,C01366,check_excess_data_charges,CONSUMPTION,self_service_candidate,call,2024-06-20T16:35:55Z,4.418241,2,1,call > call,True,False,call,2.000000,True,False,False,False,resolved
SYNTHETIC,J01367,C01367,cancel_plan,SUBSCRIPTION,assisted,app,2024-07-25T16:07:35Z,2.475200,3,3,app > ussd > call,True,False,call,3.000000,True,True,True,True,resolved
SYNTHETIC,J01368,C01368,activate_roaming,SERVICES,assisted,ussd,2024-06-20T23:52:26Z,1.711472,2,1,ussd > ussd,True,False,ussd,2.000000,True,False,True,False,resolved
SYNTHETIC,J01369,C01369,cancel_plan,SUBSCRIPTION,assisted,app,2024-08-16T17:11:02Z,4.315679,1,1,app,True,True,app,1.000000,False,False,True,False,resolved
SYNTHETIC,J01370,C01370,cancel_plan,SUBSCRIPTION,assisted,ussd,2024-08-23T20:42:31Z,1.232916,1,1,ussd,True,True,ussd,1.000000,False,False,True,False,resolved
SYNTHETIC,J01371,C01371,invoices,BILLING,self_service_candidate,call,2024-06-07T01:06:09Z,2.762449,1,1,call,True,True,call,1.000000,False,False,False,False,resolved
SYNTHETIC,J01372,C01372,invoices,BILLING,self_service_candidate,ussd,2024-06-07T22:32:58Z,0.600417,1,1,ussd,True,True,ussd,1.000000,False,False,True,False,resolved
SYNTHETIC,J01373,C01373,check_mobile_payments,PAYMENT,self_service_candidate,ussd,2024-06-13T18:21:32Z,0.682186,2,2,ussd > app,True,False,app,2.000000,True,True,True,False,resolved
SYNTHETIC,J01374,C01374,check_excess_data_charges,CONSUMPTION,self_service_candidate,ussd,2024-06-04T23:50:35Z,1.212128,2,1,ussd > ussd,True,False,ussd,2.000000,True,False,True,False,resolved
SYNTHETIC,J01375,C01375,check_usage,CONSUMPTION,self_service_candidate,ussd,2024-07-30T09:06:49Z,1.526125,1,1,ussd,True,True,ussd,1.000000,False,False,True,False,resolved
SYNTHETIC,J01376,C01376,check_signal_coverage,SERVICES,self_service_candidate,web,2024-06-09T23:01:43Z,9.194048,1,1,web,True,True,web,1.000000,False,False,True,False,resolved
SYNTHETIC,J01377,C01377,activate_roaming,SERVICES,assisted,web,2024-07-18T06:10:06Z,7.918093,2,2,web > app,True,False,app,2.000000,True,True,True,False,resolved
SYNTHETIC,J01378,C01378,pay,PAYMENT,assisted,web,2024-08-15T05:02:35Z,6.077055,1,1,web,True,True,web,1.000000,False,False,True,False,resolved
SYNTHETIC,J01379,C01379,activate_call_management_services,SERVICES,assisted,ussd,2024-07-04T04:49:35Z,0.542550,2,2,ussd > call,False,False,,,True,True,True,True,chose_abandon
SYNTHETIC,J01380,C01380,check_usage,CONSUMPTION,self_service_candidate,ussd,2024-06-10T14:26:30Z,1.250283,1,1,ussd,True,True,ussd,1.000000,False,False,True,False,resolved
SYNTHETIC,J01381,C01381,payment_methods,PAYMENT,self_service_candidate,call,2024-07-02T03:08:55Z,4.939128,3,1,call > call > call,True,False,call,3.000000,True,False,False,False,resolved
SYNTHETIC,J01382,C01382,invoices,BILLING,self_service_candidate,call,2024-06-14T01:49:38Z,5.691578,1,1,call,True,True,call,1.000000,False,False,False,False,resolved
SYNTHETIC,J01383,C01383,pay,PAYMENT,assisted,web,2024-06-08T05:02:14Z,4.804106,1,1,web,True,True,web,1.000000,False,False,True,False,resolved
SYNTHETIC,J01384,C01384,check_usage,CONSUMPTION,self_service_candidate,social,2024-07-19T05:09:53Z,66.148755,1,1,social,True,True,social,1.000000,False,False,True,False,resolved
SYNTHETIC,J01385,C01385,check_usage,CONSUMPTION,self_service_candidate,web,2024-06-15T10:19:54Z,11.097092,1,1,web,False,False,,,False,False,True,False,chose_abandon
SYNTHETIC,J01386,C01386,get_compensation,COMPLAINTS,complaint,call,2024-08-04T22:39:31Z,2.293343,1,1,call,True,True,call,1.000000,False,False,False,False,resolved
SYNTHETIC,J01387,C01387,get_compensation,COMPLAINTS,complaint,ussd,2024-08-06T08:43:56Z,0.894378,1,1,ussd,False,False,,,False,False,True,False,chose_abandon
SYNTHETIC,J01388,C01388,check_excess_data_charges,CONSUMPTION,self_service_candidate,call,2024-06-25T16:36:53Z,5.136856,1,1,call,True,True,call,1.000000,False,False,False,False,resolved
SYNTHETIC,J01389,C01389,human_agent,CONTACT,complaint,app,2024-07-06T01:29:40Z,2.226791,4,3,app > social > web > app,False,False,,,True,True,True,False,max_contacts
SYNTHETIC,J01390,C01390,human_agent,CONTACT,complaint,call,2024-06-08T11:54:22Z,4.270458,1,1,call,True,True,call,1.000000,False,False,False,False,resolved
SYNTHETIC,J01391,C01391,check_usage,CONSUMPTION,self_service_candidate,web,2024-06-28T16:00:46Z,6.283926,1,1,web,True,True,web,1.000000,False,False,True,False,resolved
SYNTHETIC,J01392,C01392,check_mobile_payments,PAYMENT,self_service_candidate,web,2024-08-06T16:40:57Z,4.381900,1,1,web,True,True,web,1.000000,False,False,True,False,resolved
SYNTHETIC,J01393,C01393,check_cancellation_fee,SUBSCRIPTION,self_service_candidate,call,2024-07-17T23:40:07Z,15.931173,1,1,call,True,True,call,1.000000,False,False,False,False,resolved
SYNTHETIC,J01394,C01394,customer_service,CONTACT,assisted,app,2024-07-12T19:11:34Z,2.070318,2,2,app > call,True,False,call,2.000000,True,True,True,True,resolved
SYNTHETIC,J01395,C01395,check_usage,CONSUMPTION,self_service_candidate,web,2024-06-30T00:56:19Z,8.427345,1,1,web,True,True,web,1.000000,False,False,True,False,resolved
SYNTHETIC,J01396,C01396,dispute_invoice,BILLING,complaint,ussd,2024-07-28T00:57:26Z,1.498935,1,1,ussd,False,False,,,False,False,True,False,chose_abandon
SYNTHETIC,J01397,C01397,check_usage,CONSUMPTION,self_service_candidate,call,2024-06-12T09:33:06Z,14.796041,1,1,call,True,True,call,1.000000,False,False,False,False,resolved
SYNTHETIC,J01398,C01398,report_problem,COMPLAINTS,complaint,call,2024-08-19T23:31:03Z,4.062258,1,1,call,True,True,call,1.000000,False,False,False,False,resolved
SYNTHETIC,J01399,C01399,invoices,BILLING,self_service_candidate,call,2024-07-22T23:08:05Z,8.812325,2,1,call > call,True,False,call,2.000000,True,False,False,False,resolved
SYNTHETIC,J01400,C01400,report_poor_signal_coverage,COMPLAINTS,complaint,app,2024-08-08T02:36:09Z,2.697925,3,2,app > app > call,False,False,,,True,True,True,True,chose_abandon
SYNTHETIC,J01401,C01401,human_agent,CONTACT,complaint,call,2024-07-16T13:57:08Z,5.018586,1,1,call,True,True,call,1.000000,False,False,False,False,resolved
SYNTHETIC,J01402,C01402,sign_up_for_plan,SUBSCRIPTION,assisted,app,2024-07-16T05:45:32Z,0.971224,1,1,app,True,True,app,1.000000,False,False,True,False,resolved
SYNTHETIC,J01403,C01403,install_internet,SERVICES,assisted,call,2024-07-29T23:12:24Z,9.331442,1,1,call,True,True,call,1.000000,False,False,False,False,resolved
SYNTHETIC,J01404,C01404,check_usage,CONSUMPTION,self_service_candidate,ussd,2024-07-12T23:29:03Z,0.829903,2,2,ussd > call,True,False,call,2.000000,True,True,True,True,resolved
SYNTHETIC,J01405,C01405,check_usage,CONSUMPTION,self_service_candidate,call,2024-06-24T23:41:04Z,2.176227,1,1,call,True,True,call,1.000000,False,False,False,False,resolved
SYNTHETIC,J01406,C01406,customer_service,CONTACT,assisted,call,2024-06-10T18:39:17Z,8.978463,1,1,call,True,True,call,1.000000,False,False,False,False,resolved
SYNTHETIC,J01407,C01407,activate_roaming,SERVICES,assisted,social,2024-06-22T15:38:27Z,27.152835,4,2,social > call > call > call,False,False,,,True,True,True,True,max_contacts
SYNTHETIC,J01408,C01408,schedule_payments,PAYMENT,assisted,app,2024-07-25T09:26:15Z,2.706524,1,1,app,True,True,app,1.000000,False,False,True,False,resolved
SYNTHETIC,J01409,C01409,report_poor_signal_coverage,COMPLAINTS,complaint,ussd,2024-07-10T11:05:45Z,1.588397,2,1,ussd > ussd,False,False,,,True,False,True,False,chose_abandon
SYNTHETIC,J01410,C01410,schedule_payments,PAYMENT,assisted,app,2024-07-20T13:43:28Z,0.983386,1,1,app,True,True,app,1.000000,False,False,True,False,resolved
SYNTHETIC,J01411,C01411,set_usage_limits,CONSUMPTION,assisted,social,2024-08-17T09:42:55Z,51.283146,1,1,social,True,True,social,1.000000,False,False,True,False,resolved
SYNTHETIC,J01412,C01412,deactivate_call_management_services,SERVICES,assisted,call,2024-06-20T13:17:24Z,5.402752,1,1,call,True,True,call,1.000000,False,False,False,False,resolved
SYNTHETIC,J01413,C01413,dispute_invoice,BILLING,complaint,call,2024-08-18T15:53:19Z,8.711834,3,2,call > social > call,True,False,call,3.000000,True,True,False,False,resolved
SYNTHETIC,J01414,C01414,check_excess_data_charges,CONSUMPTION,self_service_candidate,call,2024-07-08T22:27:05Z,7.050307,2,2,call > app,True,False,app,2.000000,True,True,False,False,resolved
SYNTHETIC,J01415,C01415,get_compensation,COMPLAINTS,complaint,ussd,2024-06-29T20:38:42Z,1.928064,1,1,ussd,False,False,,,False,False,True,False,chose_abandon
SYNTHETIC,J01416,C01416,check_usage,CONSUMPTION,self_service_candidate,ussd,2024-06-16T22:58:16Z,1.274176,1,1,ussd,True,True,ussd,1.000000,False,False,True,False,resolved
SYNTHETIC,J01417,C01417,invoices,BILLING,self_service_candidate,call,2024-07-20T20:22:48Z,3.808139,2,1,call > call,True,False,call,2.000000,True,False,False,False,resolved
SYNTHETIC,J01418,C01418,report_problem,COMPLAINTS,complaint,ussd,2024-06-11T19:19:32Z,0.351987,1,1,ussd,False,False,,,False,False,True,False,chose_abandon
SYNTHETIC,J01419,C01419,dispute_invoice,BILLING,complaint,ussd,2024-06-07T08:05:26Z,1.315138,4,3,ussd > call > call > social,False,False,,,True,True,True,True,max_contacts
SYNTHETIC,J01420,C01420,get_compensation,COMPLAINTS,complaint,web,2024-08-08T18:20:45Z,3.684691,1,1,web,True,True,web,1.000000,False,False,True,False,resolved
SYNTHETIC,J01421,C01421,invoices,BILLING,self_service_candidate,call,2024-06-10T13:03:43Z,2.240185,1,1,call,True,True,call,1.000000,False,False,False,False,resolved
SYNTHETIC,J01422,C01422,report_problem,COMPLAINTS,complaint,call,2024-06-24T06:17:30Z,6.458007,3,2,call > social > call,False,False,,,True,True,False,False,chose_abandon
SYNTHETIC,J01423,C01423,check_excess_data_charges,CONSUMPTION,self_service_candidate,call,2024-08-08T23:12:43Z,12.629929,1,1,call,True,True,call,1.000000,False,False,False,False,resolved
SYNTHETIC,J01424,C01424,schedule_payments,PAYMENT,assisted,ussd,2024-06-12T07:32:21Z,0.584565,1,1,ussd,True,True,ussd,1.000000,False,False,True,False,resolved
SYNTHETIC,J01425,C01425,dispute_invoice,BILLING,complaint,call,2024-08-16T12:39:11Z,2.457756,2,1,call > call,True,False,call,2.000000,True,False,False,False,resolved
SYNTHETIC,J01426,C01426,schedule_payments,PAYMENT,assisted,ussd,2024-06-18T19:11:08Z,0.989088,2,1,ussd > ussd,True,False,ussd,2.000000,True,False,True,False,resolved
SYNTHETIC,J01427,C01427,pay,PAYMENT,assisted,ussd,2024-07-28T08:18:54Z,1.541445,3,1,ussd > ussd > ussd,False,False,,,True,False,True,False,chose_abandon
SYNTHETIC,J01428,C01428,payment_methods,PAYMENT,self_service_candidate,ussd,2024-07-17T23:43:15Z,1.162753,2,2,ussd > call,True,False,call,2.000000,True,True,True,True,resolved
SYNTHETIC,J01429,C01429,report_problem,COMPLAINTS,complaint,web,2024-08-25T15:19:30Z,2.026820,4,3,web > call > social > call,True,False,call,4.000000,True,True,True,True,resolved
SYNTHETIC,J01430,C01430,set_usage_limits,CONSUMPTION,assisted,ussd,2024-07-31T03:02:47Z,0.540590,4,3,ussd > call > social > call,False,False,,,True,True,True,True,max_contacts
SYNTHETIC,J01431,C01431,check_cancellation_fee,SUBSCRIPTION,self_service_candidate,web,2024-06-25T18:15:35Z,4.773392,1,1,web,True,True,web,1.000000,False,False,True,False,resolved
SYNTHETIC,J01432,C01432,check_excess_data_charges,CONSUMPTION,self_service_candidate,call,2024-06-12T08:03:00Z,4.575859,2,2,call > app,True,False,app,2.000000,True,True,False,False,resolved
SYNTHETIC,J01433,C01433,check_usage,CONSUMPTION,self_service_candidate,web,2024-07-05T11:30:00Z,3.186276,1,1,web,True,True,web,1.000000,False,False,True,False,resolved
SYNTHETIC,J01434,C01434,pay,PAYMENT,assisted,app,2024-06-25T20:19:32Z,4.008716,1,1,app,True,True,app,1.000000,False,False,True,False,resolved
SYNTHETIC,J01435,C01435,install_internet,SERVICES,assisted,web,2024-08-25T11:42:16Z,3.672240,1,1,web,True,True,web,1.000000,False,False,True,False,resolved
SYNTHETIC,J01436,C01436,activate_call_management_services,SERVICES,assisted,call,2024-07-19T19:09:09Z,3.195302,1,1,call,True,True,call,1.000000,False,False,False,False,resolved
SYNTHETIC,J01437,C01437,check_usage,CONSUMPTION,self_service_candidate,call,2024-06-16T05:28:27Z,5.411938,2,1,call > call,True,False,call,2.000000,True,False,False,False,resolved
SYNTHETIC,J01438,C01438,change_plan,SUBSCRIPTION,assisted,call,2024-07-14T14:01:08Z,7.902757,1,1,call,True,True,call,1.000000,False,False,False,False,resolved
SYNTHETIC,J01439,C01439,pay,PAYMENT,assisted,call,2024-08-22T17:14:00Z,11.615339,1,1,call,True,True,call,1.000000,False,False,False,False,resolved
SYNTHETIC,J01440,C01440,report_poor_signal_coverage,COMPLAINTS,complaint,web,2024-07-14T11:46:42Z,3.573568,4,2,web > web > call > call,True,False,call,4.000000,True,True,True,True,resolved
SYNTHETIC,J01441,C01441,schedule_payments,PAYMENT,assisted,app,2024-07-29T02:04:11Z,1.060501,3,3,app > call > web,False,False,,,True,True,True,True,chose_abandon
SYNTHETIC,J01442,C01442,payment_methods,PAYMENT,self_service_candidate,call,2024-08-29T12:51:20Z,3.175881,1,1,call,True,True,call,1.000000,False,False,False,False,resolved
SYNTHETIC,J01443,C01443,check_usage,CONSUMPTION,self_service_candidate,web,2024-07-08T14:33:31Z,4.543369,1,1,web,True,True,web,1.000000,False,False,True,False,resolved
SYNTHETIC,J01444,C01444,check_mobile_payments,PAYMENT,self_service_candidate,call,2024-07-03T01:30:54Z,6.333884,1,1,call,True,True,call,1.000000,False,False,False,False,resolved
SYNTHETIC,J01445,C01445,check_usage,CONSUMPTION,self_service_candidate,ussd,2024-08-16T17:26:08Z,0.519067,1,1,ussd,True,True,ussd,1.000000,False,False,True,False,resolved
SYNTHETIC,J01446,C01446,invoices,BILLING,self_service_candidate,call,2024-06-20T22:44:50Z,7.889838,1,1,call,True,True,call,1.000000,False,False,False,False,resolved
SYNTHETIC,J01447,C01447,get_compensation,COMPLAINTS,complaint,call,2024-07-15T15:22:59Z,7.128428,1,1,call,True,True,call,1.000000,False,False,False,False,resolved
SYNTHETIC,J01448,C01448,deactivate_phone,SERVICES,assisted,app,2024-06-26T12:03:17Z,0.662089,1,1,app,True,True,app,1.000000,False,False,True,False,resolved
SYNTHETIC,J01449,C01449,report_poor_signal_coverage,COMPLAINTS,complaint,app,2024-08-30T02:20:38Z,2.047994,1,1,app,True,True,app,1.000000,False,False,True,False,resolved
SYNTHETIC,J01450,C01450,dispute_invoice,BILLING,complaint,ussd,2024-06-16T05:47:44Z,0.956419,2,2,ussd > call,True,False,call,2.000000,True,True,True,True,resolved
SYNTHETIC,J01451,C01451,deactivate_phone,SERVICES,assisted,app,2024-08-21T14:54:54Z,0.532373,2,1,app > app,True,False,app,2.000000,True,False,True,False,resolved
SYNTHETIC,J01452,C01452,invoices,BILLING,self_service_candidate,call,2024-06-06T07:38:22Z,3.942530,2,1,call > call,True,False,call,2.000000,True,False,False,False,resolved
SYNTHETIC,J01453,C01453,check_usage,CONSUMPTION,self_service_candidate,call,2024-06-19T19:11:41Z,11.774740,1,1,call,True,True,call,1.000000,False,False,False,False,resolved
SYNTHETIC,J01454,C01454,change_provider,SUBSCRIPTION,assisted,ussd,2024-06-25T09:00:59Z,0.700749,1,1,ussd,True,True,ussd,1.000000,False,False,True,False,resolved
SYNTHETIC,J01455,C01455,check_excess_data_charges,CONSUMPTION,self_service_candidate,ussd,2024-08-26T01:37:13Z,0.536755,1,1,ussd,True,True,ussd,1.000000,False,False,True,False,resolved
SYNTHETIC,J01456,C01456,check_cancellation_fee,SUBSCRIPTION,self_service_candidate,app,2024-08-12T23:19:31Z,3.750070,1,1,app,True,True,app,1.000000,False,False,True,False,resolved
SYNTHETIC,J01457,C01457,report_problem,COMPLAINTS,complaint,call,2024-06-17T17:40:27Z,6.382113,1,1,call,True,True,call,1.000000,False,False,False,False,resolved
SYNTHETIC,J01458,C01458,cancel_plan,SUBSCRIPTION,assisted,app,2024-06-12T01:17:57Z,4.703533,1,1,app,True,True,app,1.000000,False,False,True,False,resolved
SYNTHETIC,J01459,C01459,invoices,BILLING,self_service_candidate,web,2024-08-10T10:36:19Z,7.319257,1,1,web,True,True,web,1.000000,False,False,True,False,resolved
SYNTHETIC,J01460,C01460,invoices,BILLING,self_service_candidate,web,2024-07-17T21:35:13Z,2.848386,1,1,web,True,True,web,1.000000,False,False,True,False,resolved
SYNTHETIC,J01461,C01461,get_compensation,COMPLAINTS,complaint,web,2024-07-21T02:07:35Z,2.427848,4,3,web > call > app > call,False,False,,,True,True,True,True,max_contacts
SYNTHETIC,J01462,C01462,report_poor_signal_coverage,COMPLAINTS,complaint,call,2024-08-24T02:18:50Z,2.702347,1,1,call,True,True,call,1.000000,False,False,False,False,resolved
SYNTHETIC,J01463,C01463,check_excess_data_charges,CONSUMPTION,self_service_candidate,call,2024-07-14T22:44:56Z,5.817166,1,1,call,True,True,call,1.000000,False,False,False,False,resolved
SYNTHETIC,J01464,C01464,check_usage,CONSUMPTION,self_service_candidate,ussd,2024-06-22T23:28:49Z,0.373590,1,1,ussd,True,True,ussd,1.000000,False,False,True,False,resolved
SYNTHETIC,J01465,C01465,set_usage_limits,CONSUMPTION,assisted,ussd,2024-07-10T23:38:40Z,0.664425,1,1,ussd,True,True,ussd,1.000000,False,False,True,False,resolved
SYNTHETIC,J01466,C01466,activate_phone,SERVICES,assisted,app,2024-08-01T02:20:17Z,6.394513,1,1,app,False,False,,,False,False,True,False,chose_abandon
SYNTHETIC,J01467,C01467,check_usage,CONSUMPTION,self_service_candidate,ussd,2024-06-16T03:46:18Z,1.447210,1,1,ussd,True,True,ussd,1.000000,False,False,True,False,resolved
SYNTHETIC,J01468,C01468,customer_service,CONTACT,assisted,web,2024-06-28T23:07:34Z,2.651706,4,4,web > app > social > call,False,False,,,True,True,True,True,max_contacts
SYNTHETIC,J01469,C01469,check_usage,CONSUMPTION,self_service_candidate,call,2024-07-18T10:26:27Z,4.661103,1,1,call,True,True,call,1.000000,False,False,False,False,resolved
SYNTHETIC,J01470,C01470,check_usage,CONSUMPTION,self_service_candidate,social,2024-07-11T16:03:25Z,23.291186,2,2,social > call,True,False,call,2.000000,True,True,True,True,resolved
SYNTHETIC,J01471,C01471,activate_phone,SERVICES,assisted,app,2024-08-15T13:37:55Z,1.231372,1,1,app,True,True,app,1.000000,False,False,True,False,resolved
SYNTHETIC,J01472,C01472,install_internet,SERVICES,assisted,call,2024-06-12T15:56:38Z,4.608290,1,1,call,True,True,call,1.000000,False,False,False,False,resolved
SYNTHETIC,J01473,C01473,check_cancellation_fee,SUBSCRIPTION,self_service_candidate,call,2024-06-25T10:57:43Z,3.093935,1,1,call,True,True,call,1.000000,False,False,False,False,resolved
SYNTHETIC,J01474,C01474,dispute_invoice,BILLING,complaint,ussd,2024-06-21T12:18:45Z,0.964874,3,3,ussd > app > social,True,False,social,3.000000,True,True,True,False,resolved
SYNTHETIC,J01475,C01475,activate_call_management_services,SERVICES,assisted,call,2024-06-08T14:38:15Z,6.960885,2,1,call > call,True,False,call,2.000000,True,False,False,False,resolved
SYNTHETIC,J01476,C01476,activate_call_management_services,SERVICES,assisted,web,2024-07-13T00:15:54Z,6.522444,1,1,web,False,False,,,False,False,True,False,chose_abandon
SYNTHETIC,J01477,C01477,cancel_plan,SUBSCRIPTION,assisted,call,2024-06-05T17:59:31Z,10.509627,2,1,call > call,True,False,call,2.000000,True,False,False,False,resolved
SYNTHETIC,J01478,C01478,human_agent,CONTACT,complaint,app,2024-08-29T10:21:33Z,1.712661,3,2,app > call > call,True,False,call,3.000000,True,True,True,True,resolved
SYNTHETIC,J01479,C01479,dispute_invoice,BILLING,complaint,call,2024-08-29T19:38:50Z,8.414324,1,1,call,True,True,call,1.000000,False,False,False,False,resolved
SYNTHETIC,J01480,C01480,payment_methods,PAYMENT,self_service_candidate,call,2024-06-22T11:32:05Z,5.263546,1,1,call,True,True,call,1.000000,False,False,False,False,resolved
SYNTHETIC,J01481,C01481,payment_methods,PAYMENT,self_service_candidate,ussd,2024-08-15T18:29:06Z,0.856558,2,2,ussd > call,True,False,call,2.000000,True,True,True,True,resolved
SYNTHETIC,J01482,C01482,pay,PAYMENT,assisted,social,2024-06-22T01:29:59Z,7.650437,1,1,social,True,True,social,1.000000,False,False,True,False,resolved
SYNTHETIC,J01483,C01483,report_poor_signal_coverage,COMPLAINTS,complaint,web,2024-07-24T21:29:47Z,6.682801,1,1,web,True,True,web,1.000000,False,False,True,False,resolved
SYNTHETIC,J01484,C01484,check_excess_data_charges,CONSUMPTION,self_service_candidate,social,2024-07-15T02:57:01Z,26.093403,2,1,social > social,True,False,social,2.000000,True,False,True,False,resolved
SYNTHETIC,J01485,C01485,report_problem,COMPLAINTS,complaint,web,2024-08-08T01:30:26Z,4.840146,4,3,web > ussd > call > call,False,False,,,True,True,True,True,max_contacts
SYNTHETIC,J01486,C01486,report_problem,COMPLAINTS,complaint,social,2024-08-06T03:26:43Z,38.492585,4,3,social > call > call > app,False,False,,,True,True,True,True,max_contacts
SYNTHETIC,J01487,C01487,sign_up_for_plan,SUBSCRIPTION,assisted,ussd,2024-07-25T00:26:38Z,0.441402,2,2,ussd > call,True,False,call,2.000000,True,True,True,True,resolved
SYNTHETIC,J01488,C01488,human_agent,CONTACT,complaint,web,2024-07-10T20:45:13Z,7.046877,2,2,web > app,False,False,,,True,True,True,False,chose_abandon
SYNTHETIC,J01489,C01489,check_signal_coverage,SERVICES,self_service_candidate,social,2024-08-30T15:52:07Z,59.159275,1,1,social,True,True,social,1.000000,False,False,True,False,resolved
SYNTHETIC,J01490,C01490,cancel_plan,SUBSCRIPTION,assisted,ussd,2024-07-22T21:16:33Z,0.547244,1,1,ussd,True,True,ussd,1.000000,False,False,True,False,resolved
SYNTHETIC,J01491,C01491,check_signal_coverage,SERVICES,self_service_candidate,call,2024-07-31T07:54:13Z,6.639272,2,1,call > call,True,False,call,2.000000,True,False,False,False,resolved
SYNTHETIC,J01492,C01492,check_cancellation_fee,SUBSCRIPTION,self_service_candidate,social,2024-07-13T07:06:09Z,20.948073,2,2,social > app,True,False,app,2.000000,True,True,True,False,resolved
SYNTHETIC,J01493,C01493,activate_phone,SERVICES,assisted,web,2024-08-25T20:09:18Z,3.845881,2,2,web > app,True,False,app,2.000000,True,True,True,False,resolved
SYNTHETIC,J01494,C01494,set_usage_limits,CONSUMPTION,assisted,call,2024-06-12T06:07:03Z,6.042427,1,1,call,True,True,call,1.000000,False,False,False,False,resolved
SYNTHETIC,J01495,C01495,cancel_plan,SUBSCRIPTION,assisted,social,2024-07-21T03:07:12Z,14.161930,1,1,social,True,True,social,1.000000,False,False,True,False,resolved
SYNTHETIC,J01496,C01496,check_mobile_payments,PAYMENT,self_service_candidate,call,2024-08-08T06:00:28Z,5.715890,1,1,call,True,True,call,1.000000,False,False,False,False,resolved
SYNTHETIC,J01497,C01497,activate_phone,SERVICES,assisted,app,2024-07-02T14:39:44Z,1.809873,2,2,app > call,True,False,call,2.000000,True,True,True,True,resolved
SYNTHETIC,J01498,C01498,human_agent,CONTACT,complaint,ussd,2024-08-18T00:29:16Z,0.840411,1,1,ussd,True,True,ussd,1.000000,False,False,True,False,resolved
SYNTHETIC,J01499,C01499,check_excess_data_charges,CONSUMPTION,self_service_candidate,ussd,2024-07-26T22:45:39Z,2.203374,1,1,ussd,True,True,ussd,1.000000,False,False,True,False,resolved
SYNTHETIC,J01500,C01500,check_signal_coverage,SERVICES,self_service_candidate,app,2024-07-06T03:49:24Z,0.579064,1,1,app,True,True,app,1.000000,False,False,True,False,resolved
SYNTHETIC,J01501,C01501,customer_service,CONTACT,assisted,web,2024-08-15T13:22:25Z,14.989995,3,2,web > web > call,True,False,call,3.000000,True,True,True,True,resolved
SYNTHETIC,J01502,C01502,report_problem,COMPLAINTS,complaint,ussd,2024-08-07T16:06:02Z,0.800991,4,3,ussd > social > call > ussd,False,False,,,True,True,True,True,max_contacts
SYNTHETIC,J01503,C01503,dispute_invoice,BILLING,complaint,app,2024-07-22T11:11:47Z,1.688181,4,4,app > call > ussd > social,False,False,,,True,True,True,True,max_contacts
SYNTHETIC,J01504,C01504,check_mobile_payments,PAYMENT,self_service_candidate,social,2024-06-26T23:42:19Z,15.329760,1,1,social,False,False,,,False,False,True,False,chose_abandon
SYNTHETIC,J01505,C01505,check_usage,CONSUMPTION,self_service_candidate,ussd,2024-06-30T14:59:00Z,1.276553,1,1,ussd,True,True,ussd,1.000000,False,False,True,False,resolved
SYNTHETIC,J01506,C01506,deactivate_phone,SERVICES,assisted,app,2024-08-22T22:29:48Z,2.639105,1,1,app,True,True,app,1.000000,False,False,True,False,resolved
SYNTHETIC,J01507,C01507,check_mobile_payments,PAYMENT,self_service_candidate,call,2024-07-13T15:22:25Z,5.489183,1,1,call,True,True,call,1.000000,False,False,False,False,resolved
SYNTHETIC,J01508,C01508,report_poor_signal_coverage,COMPLAINTS,complaint,call,2024-07-16T18:32:17Z,4.061161,1,1,call,True,True,call,1.000000,False,False,False,False,resolved
SYNTHETIC,J01509,C01509,check_excess_data_charges,CONSUMPTION,self_service_candidate,social,2024-07-07T07:44:03Z,35.895196,2,2,social > ussd,True,False,ussd,2.000000,True,True,True,False,resolved
SYNTHETIC,J01510,C01510,invoices,BILLING,self_service_candidate,call,2024-07-10T20:54:06Z,4.664536,1,1,call,True,True,call,1.000000,False,False,False,False,resolved
SYNTHETIC,J01511,C01511,deactivate_phone,SERVICES,assisted,ussd,2024-07-26T14:58:22Z,1.265131,2,2,ussd > call,True,False,call,2.000000,True,True,True,True,resolved
SYNTHETIC,J01512,C01512,check_cancellation_fee,SUBSCRIPTION,self_service_candidate,call,2024-06-17T00:53:38Z,4.610532,1,1,call,True,True,call,1.000000,False,False,False,False,resolved
SYNTHETIC,J01513,C01513,check_mobile_payments,PAYMENT,self_service_candidate,ussd,2024-07-10T07:46:33Z,1.247877,1,1,ussd,True,True,ussd,1.000000,False,False,True,False,resolved
SYNTHETIC,J01514,C01514,report_poor_signal_coverage,COMPLAINTS,complaint,app,2024-07-24T16:03:04Z,3.606988,1,1,app,False,False,,,False,False,True,False,chose_abandon
SYNTHETIC,J01515,C01515,dispute_invoice,BILLING,complaint,call,2024-07-09T07:47:44Z,4.124412,1,1,call,True,True,call,1.000000,False,False,False,False,resolved
SYNTHETIC,J01516,C01516,get_compensation,COMPLAINTS,complaint,app,2024-07-02T16:28:24Z,1.144438,4,3,app > app > social > ussd,False,False,,,True,True,True,False,max_contacts
SYNTHETIC,J01517,C01517,deactivate_phone,SERVICES,assisted,ussd,2024-07-28T10:21:35Z,0.706438,1,1,ussd,True,True,ussd,1.000000,False,False,True,False,resolved
SYNTHETIC,J01518,C01518,check_cancellation_fee,SUBSCRIPTION,self_service_candidate,call,2024-06-05T19:35:11Z,8.574487,1,1,call,True,True,call,1.000000,False,False,False,False,resolved
SYNTHETIC,J01519,C01519,cancel_plan,SUBSCRIPTION,assisted,app,2024-08-16T10:19:29Z,1.998250,1,1,app,True,True,app,1.000000,False,False,True,False,resolved
SYNTHETIC,J01520,C01520,activate_call_management_services,SERVICES,assisted,ussd,2024-07-02T08:14:47Z,0.673161,1,1,ussd,True,True,ussd,1.000000,False,False,True,False,resolved
SYNTHETIC,J01521,C01521,activate_call_management_services,SERVICES,assisted,ussd,2024-08-09T20:43:12Z,0.624966,2,2,ussd > call,True,False,call,2.000000,True,True,True,True,resolved
SYNTHETIC,J01522,C01522,human_agent,CONTACT,complaint,ussd,2024-06-13T01:35:34Z,1.070856,2,2,ussd > social,True,False,social,2.000000,True,True,True,False,resolved
SYNTHETIC,J01523,C01523,check_excess_data_charges,CONSUMPTION,self_service_candidate,call,2024-06-18T15:28:28Z,5.798347,1,1,call,True,True,call,1.000000,False,False,False,False,resolved
SYNTHETIC,J01524,C01524,set_usage_limits,CONSUMPTION,assisted,ussd,2024-08-04T14:24:10Z,1.387365,2,2,ussd > call,True,False,call,2.000000,True,True,True,True,resolved
SYNTHETIC,J01525,C01525,get_compensation,COMPLAINTS,complaint,ussd,2024-07-25T12:03:59Z,0.834043,1,1,ussd,False,False,,,False,False,True,False,chose_abandon
SYNTHETIC,J01526,C01526,activate_roaming,SERVICES,assisted,call,2024-07-03T17:39:24Z,5.718958,1,1,call,True,True,call,1.000000,False,False,False,False,resolved
SYNTHETIC,J01527,C01527,check_signal_coverage,SERVICES,self_service_candidate,social,2024-06-19T18:21:07Z,25.978885,1,1,social,False,False,,,False,False,True,False,chose_abandon
SYNTHETIC,J01528,C01528,cancel_plan,SUBSCRIPTION,assisted,call,2024-08-01T06:07:02Z,4.522796,1,1,call,True,True,call,1.000000,False,False,False,False,resolved
SYNTHETIC,J01529,C01529,customer_service,CONTACT,assisted,app,2024-08-11T06:20:36Z,0.830539,2,2,app > call,True,False,call,2.000000,True,True,True,True,resolved
SYNTHETIC,J01530,C01530,invoices,BILLING,self_service_candidate,ussd,2024-07-07T21:57:08Z,1.036031,1,1,ussd,True,True,ussd,1.000000,False,False,True,False,resolved
SYNTHETIC,J01531,C01531,cancel_plan,SUBSCRIPTION,assisted,app,2024-07-25T14:30:17Z,3.302706,1,1,app,True,True,app,1.000000,False,False,True,False,resolved
SYNTHETIC,J01532,C01532,report_problem,COMPLAINTS,complaint,ussd,2024-06-05T16:28:25Z,0.615218,1,1,ussd,True,True,ussd,1.000000,False,False,True,False,resolved
SYNTHETIC,J01533,C01533,report_problem,COMPLAINTS,complaint,ussd,2024-06-04T02:08:24Z,0.967808,1,1,ussd,True,True,ussd,1.000000,False,False,True,False,resolved
SYNTHETIC,J01534,C01534,check_signal_coverage,SERVICES,self_service_candidate,call,2024-08-28T20:47:53Z,4.895472,1,1,call,True,True,call,1.000000,False,False,False,False,resolved
SYNTHETIC,J01535,C01535,cancel_plan,SUBSCRIPTION,assisted,social,2024-06-06T01:51:48Z,48.676335,4,3,social > app > social > call,True,False,call,4.000000,True,True,True,True,resolved
SYNTHETIC,J01536,C01536,get_compensation,COMPLAINTS,complaint,web,2024-07-15T05:21:41Z,1.571078,4,4,web > ussd > call > social,True,False,social,4.000000,True,True,True,True,resolved
SYNTHETIC,J01537,C01537,check_usage,CONSUMPTION,self_service_candidate,app,2024-07-09T19:36:10Z,3.967653,1,1,app,True,True,app,1.000000,False,False,True,False,resolved
SYNTHETIC,J01538,C01538,activate_roaming,SERVICES,assisted,ussd,2024-08-23T09:39:43Z,0.893834,1,1,ussd,True,True,ussd,1.000000,False,False,True,False,resolved
SYNTHETIC,J01539,C01539,report_problem,COMPLAINTS,complaint,ussd,2024-07-27T01:52:31Z,0.757074,1,1,ussd,False,False,,,False,False,True,False,chose_abandon
SYNTHETIC,J01540,C01540,get_compensation,COMPLAINTS,complaint,ussd,2024-07-21T03:33:22Z,2.328320,2,2,ussd > web,False,False,,,True,True,True,False,chose_abandon
SYNTHETIC,J01541,C01541,payment_methods,PAYMENT,self_service_candidate,ussd,2024-08-30T08:08:01Z,0.538772,1,1,ussd,True,True,ussd,1.000000,False,False,True,False,resolved
SYNTHETIC,J01542,C01542,report_problem,COMPLAINTS,complaint,call,2024-08-07T01:21:31Z,8.530659,1,1,call,True,True,call,1.000000,False,False,False,False,resolved
SYNTHETIC,J01543,C01543,check_usage,CONSUMPTION,self_service_candidate,social,2024-07-13T10:35:54Z,15.283991,1,1,social,True,True,social,1.000000,False,False,True,False,resolved
SYNTHETIC,J01544,C01544,check_usage,CONSUMPTION,self_service_candidate,ussd,2024-06-07T10:38:28Z,1.200583,1,1,ussd,True,True,ussd,1.000000,False,False,True,False,resolved
SYNTHETIC,J01545,C01545,customer_service,CONTACT,assisted,web,2024-08-13T13:04:36Z,5.961156,1,1,web,True,True,web,1.000000,False,False,True,False,resolved
SYNTHETIC,J01546,C01546,check_usage,CONSUMPTION,self_service_candidate,web,2024-06-18T04:41:03Z,2.435135,2,2,web > call,True,False,call,2.000000,True,True,True,True,resolved
SYNTHETIC,J01547,C01547,activate_call_management_services,SERVICES,assisted,app,2024-07-25T03:15:36Z,5.559300,1,1,app,True,True,app,1.000000,False,False,True,False,resolved
SYNTHETIC,J01548,C01548,check_usage,CONSUMPTION,self_service_candidate,ussd,2024-07-02T09:09:42Z,0.999191,1,1,ussd,True,True,ussd,1.000000,False,False,True,False,resolved
SYNTHETIC,J01549,C01549,report_problem,COMPLAINTS,complaint,ussd,2024-08-21T08:18:20Z,0.910530,1,1,ussd,False,False,,,False,False,True,False,chose_abandon
SYNTHETIC,J01550,C01550,dispute_invoice,BILLING,complaint,ussd,2024-07-03T09:59:29Z,0.637178,3,2,ussd > app > ussd,False,False,,,True,True,True,False,chose_abandon
SYNTHETIC,J01551,C01551,report_problem,COMPLAINTS,complaint,ussd,2024-08-28T19:07:24Z,1.046317,1,1,ussd,False,False,,,False,False,True,False,chose_abandon
SYNTHETIC,J01552,C01552,cancel_plan,SUBSCRIPTION,assisted,web,2024-06-30T10:16:59Z,11.884999,4,3,web > ussd > call > call,False,False,,,True,True,True,True,max_contacts
SYNTHETIC,J01553,C01553,report_problem,COMPLAINTS,complaint,call,2024-06-03T18:02:22Z,9.602653,1,1,call,True,True,call,1.000000,False,False,False,False,resolved
SYNTHETIC,J01554,C01554,sign_up_for_plan,SUBSCRIPTION,assisted,ussd,2024-08-03T06:27:28Z,0.460593,2,2,ussd > call,True,False,call,2.000000,True,True,True,True,resolved
SYNTHETIC,J01555,C01555,human_agent,CONTACT,complaint,ussd,2024-06-03T14:30:26Z,1.086604,2,2,ussd > call,True,False,call,2.000000,True,True,True,True,resolved
SYNTHETIC,J01556,C01556,dispute_invoice,BILLING,complaint,web,2024-06-16T15:59:24Z,8.806128,2,2,web > ussd,False,False,,,True,True,True,False,chose_abandon
SYNTHETIC,J01557,C01557,customer_service,CONTACT,assisted,ussd,2024-06-26T14:30:59Z,1.298126,3,3,ussd > social > call,True,False,call,3.000000,True,True,True,True,resolved
SYNTHETIC,J01558,C01558,invoices,BILLING,self_service_candidate,call,2024-07-23T07:14:21Z,3.148403,1,1,call,True,True,call,1.000000,False,False,False,False,resolved
SYNTHETIC,J01559,C01559,invoices,BILLING,self_service_candidate,call,2024-06-11T14:38:25Z,5.973388,1,1,call,True,True,call,1.000000,False,False,False,False,resolved
SYNTHETIC,J01560,C01560,activate_call_management_services,SERVICES,assisted,app,2024-08-09T19:45:48Z,2.539915,3,2,app > call > call,True,False,call,3.000000,True,True,True,True,resolved
SYNTHETIC,J01561,C01561,pay,PAYMENT,assisted,call,2024-07-20T11:34:13Z,3.683569,1,1,call,True,True,call,1.000000,False,False,False,False,resolved
SYNTHETIC,J01562,C01562,check_signal_coverage,SERVICES,self_service_candidate,app,2024-07-03T12:40:36Z,5.164274,1,1,app,True,True,app,1.000000,False,False,True,False,resolved
SYNTHETIC,J01563,C01563,activate_call_management_services,SERVICES,assisted,ussd,2024-07-18T20:00:43Z,0.683144,1,1,ussd,False,False,,,False,False,True,False,chose_abandon
SYNTHETIC,J01564,C01564,invoices,BILLING,self_service_candidate,app,2024-07-08T12:37:57Z,0.550175,1,1,app,True,True,app,1.000000,False,False,True,False,resolved
SYNTHETIC,J01565,C01565,invoices,BILLING,self_service_candidate,web,2024-06-09T06:39:19Z,10.480950,1,1,web,True,True,web,1.000000,False,False,True,False,resolved
SYNTHETIC,J01566,C01566,dispute_invoice,BILLING,complaint,social,2024-06-13T18:35:42Z,13.703199,1,1,social,False,False,,,False,False,True,False,chose_abandon
SYNTHETIC,J01567,C01567,check_mobile_payments,PAYMENT,self_service_candidate,web,2024-06-04T04:27:27Z,6.540964,1,1,web,True,True,web,1.000000,False,False,True,False,resolved
SYNTHETIC,J01568,C01568,check_mobile_payments,PAYMENT,self_service_candidate,web,2024-06-09T08:48:57Z,5.634709,1,1,web,True,True,web,1.000000,False,False,True,False,resolved
SYNTHETIC,J01569,C01569,invoices,BILLING,self_service_candidate,call,2024-07-29T06:18:25Z,4.825269,1,1,call,True,True,call,1.000000,False,False,False,False,resolved
SYNTHETIC,J01570,C01570,dispute_invoice,BILLING,complaint,app,2024-06-07T17:55:39Z,1.028580,2,2,app > call,True,False,call,2.000000,True,True,True,True,resolved
SYNTHETIC,J01571,C01571,set_usage_limits,CONSUMPTION,assisted,ussd,2024-07-13T03:48:14Z,1.387177,2,2,ussd > call,True,False,call,2.000000,True,True,True,True,resolved
SYNTHETIC,J01572,C01572,human_agent,CONTACT,complaint,ussd,2024-07-23T22:34:38Z,0.990663,2,1,ussd > ussd,True,False,ussd,2.000000,True,False,True,False,resolved
SYNTHETIC,J01573,C01573,activate_phone,SERVICES,assisted,call,2024-06-16T07:33:41Z,13.151575,1,1,call,True,True,call,1.000000,False,False,False,False,resolved
SYNTHETIC,J01574,C01574,schedule_payments,PAYMENT,assisted,ussd,2024-07-09T23:32:26Z,1.137506,1,1,ussd,True,True,ussd,1.000000,False,False,True,False,resolved
SYNTHETIC,J01575,C01575,customer_service,CONTACT,assisted,call,2024-06-20T11:15:55Z,8.184754,1,1,call,True,True,call,1.000000,False,False,False,False,resolved
SYNTHETIC,J01576,C01576,check_usage,CONSUMPTION,self_service_candidate,ussd,2024-07-26T12:44:30Z,1.360717,1,1,ussd,True,True,ussd,1.000000,False,False,True,False,resolved
SYNTHETIC,J01577,C01577,deactivate_phone,SERVICES,assisted,app,2024-08-03T23:09:23Z,1.548970,1,1,app,True,True,app,1.000000,False,False,True,False,resolved
SYNTHETIC,J01578,C01578,report_problem,COMPLAINTS,complaint,ussd,2024-06-26T15:50:13Z,0.798798,1,1,ussd,False,False,,,False,False,True,False,chose_abandon
SYNTHETIC,J01579,C01579,check_cancellation_fee,SUBSCRIPTION,self_service_candidate,web,2024-06-17T11:14:51Z,5.323075,2,2,web > ussd,True,False,ussd,2.000000,True,True,True,False,resolved
SYNTHETIC,J01580,C01580,check_excess_data_charges,CONSUMPTION,self_service_candidate,ussd,2024-06-20T17:14:58Z,1.338937,1,1,ussd,True,True,ussd,1.000000,False,False,True,False,resolved
SYNTHETIC,J01581,C01581,get_compensation,COMPLAINTS,complaint,app,2024-07-17T11:28:42Z,4.777032,1,1,app,False,False,,,False,False,True,False,chose_abandon
SYNTHETIC,J01582,C01582,install_internet,SERVICES,assisted,social,2024-08-07T18:34:40Z,16.536536,3,2,social > call > call,True,False,call,3.000000,True,True,True,True,resolved
SYNTHETIC,J01583,C01583,set_usage_limits,CONSUMPTION,assisted,ussd,2024-07-18T07:32:49Z,1.054802,1,1,ussd,True,True,ussd,1.000000,False,False,True,False,resolved
SYNTHETIC,J01584,C01584,deactivate_phone,SERVICES,assisted,app,2024-07-18T11:50:23Z,0.895036,1,1,app,True,True,app,1.000000,False,False,True,False,resolved
SYNTHETIC,J01585,C01585,schedule_payments,PAYMENT,assisted,call,2024-08-15T15:08:41Z,5.989438,1,1,call,True,True,call,1.000000,False,False,False,False,resolved
SYNTHETIC,J01586,C01586,set_usage_limits,CONSUMPTION,assisted,call,2024-07-21T21:48:21Z,6.743093,1,1,call,True,True,call,1.000000,False,False,False,False,resolved
SYNTHETIC,J01587,C01587,human_agent,CONTACT,complaint,call,2024-06-20T12:40:54Z,4.705195,1,1,call,True,True,call,1.000000,False,False,False,False,resolved
SYNTHETIC,J01588,C01588,report_poor_signal_coverage,COMPLAINTS,complaint,app,2024-07-22T09:54:37Z,1.947461,2,2,app > call,True,False,call,2.000000,True,True,True,True,resolved
SYNTHETIC,J01589,C01589,check_mobile_payments,PAYMENT,self_service_candidate,app,2024-07-26T17:40:47Z,1.445338,4,3,app > app > social > call,True,False,call,4.000000,True,True,True,True,resolved
SYNTHETIC,J01590,C01590,customer_service,CONTACT,assisted,ussd,2024-08-30T11:39:17Z,1.150050,1,1,ussd,False,False,,,False,False,True,False,chose_abandon
SYNTHETIC,J01591,C01591,get_compensation,COMPLAINTS,complaint,app,2024-07-26T19:35:17Z,1.264583,1,1,app,False,False,,,False,False,True,False,chose_abandon
SYNTHETIC,J01592,C01592,install_internet,SERVICES,assisted,web,2024-07-05T23:21:44Z,15.782801,1,1,web,False,False,,,False,False,True,False,chose_abandon
SYNTHETIC,J01593,C01593,cancel_plan,SUBSCRIPTION,assisted,web,2024-08-10T17:17:46Z,4.981013,1,1,web,True,True,web,1.000000,False,False,True,False,resolved
SYNTHETIC,J01594,C01594,human_agent,CONTACT,complaint,ussd,2024-07-02T02:27:17Z,0.477578,4,3,ussd > app > call > call,True,False,call,4.000000,True,True,True,True,resolved
SYNTHETIC,J01595,C01595,check_usage,CONSUMPTION,self_service_candidate,call,2024-07-05T14:11:17Z,12.781147,1,1,call,True,True,call,1.000000,False,False,False,False,resolved
SYNTHETIC,J01596,C01596,check_usage,CONSUMPTION,self_service_candidate,ussd,2024-06-25T10:57:11Z,1.622311,1,1,ussd,True,True,ussd,1.000000,False,False,True,False,resolved
SYNTHETIC,J01597,C01597,invoices,BILLING,self_service_candidate,call,2024-08-26T03:00:55Z,5.732628,1,1,call,True,True,call,1.000000,False,False,False,False,resolved
SYNTHETIC,J01598,C01598,check_excess_data_charges,CONSUMPTION,self_service_candidate,social,2024-07-24T02:03:17Z,18.082216,1,1,social,True,True,social,1.000000,False,False,True,False,resolved
SYNTHETIC,J01599,C01599,invoices,BILLING,self_service_candidate,social,2024-07-03T15:59:08Z,26.395711,2,2,social > call,True,False,call,2.000000,True,True,True,True,resolved
SYNTHETIC,J01600,C01600,check_usage,CONSUMPTION,self_service_candidate,ussd,2024-08-30T10:55:21Z,0.947742,1,1,ussd,True,True,ussd,1.000000,False,False,True,False,resolved
SYNTHETIC,J01601,C01601,activate_roaming,SERVICES,assisted,social,2024-06-07T03:26:36Z,21.344686,2,2,social > web,False,False,,,True,True,True,False,chose_abandon
SYNTHETIC,J01602,C01602,change_plan,SUBSCRIPTION,assisted,app,2024-06-16T14:22:31Z,2.104204,4,3,app > social > social > call,True,False,call,4.000000,True,True,True,True,resolved
SYNTHETIC,J01603,C01603,activate_call_management_services,SERVICES,assisted,ussd,2024-06-08T13:26:15Z,0.609803,1,1,ussd,True,True,ussd,1.000000,False,False,True,False,resolved
SYNTHETIC,J01604,C01604,activate_phone,SERVICES,assisted,web,2024-06-13T22:21:43Z,3.411409,1,1,web,True,True,web,1.000000,False,False,True,False,resolved
SYNTHETIC,J01605,C01605,report_poor_signal_coverage,COMPLAINTS,complaint,app,2024-07-09T16:01:42Z,4.329630,4,3,app > call > ussd > call,False,False,,,True,True,True,True,max_contacts
SYNTHETIC,J01606,C01606,check_mobile_payments,PAYMENT,self_service_candidate,app,2024-06-04T14:01:08Z,0.485020,1,1,app,True,True,app,1.000000,False,False,True,False,resolved
SYNTHETIC,J01607,C01607,check_usage,CONSUMPTION,self_service_candidate,ussd,2024-07-07T22:25:52Z,0.904065,1,1,ussd,True,True,ussd,1.000000,False,False,True,False,resolved
SYNTHETIC,J01608,C01608,check_cancellation_fee,SUBSCRIPTION,self_service_candidate,call,2024-06-24T10:12:29Z,9.302727,1,1,call,True,True,call,1.000000,False,False,False,False,resolved
SYNTHETIC,J01609,C01609,invoices,BILLING,self_service_candidate,ussd,2024-06-29T15:14:34Z,0.800683,2,2,ussd > call,True,False,call,2.000000,True,True,True,True,resolved
SYNTHETIC,J01610,C01610,cancel_plan,SUBSCRIPTION,assisted,web,2024-07-02T15:22:22Z,3.849539,2,1,web > web,False,False,,,True,False,True,False,chose_abandon
SYNTHETIC,J01611,C01611,report_poor_signal_coverage,COMPLAINTS,complaint,ussd,2024-08-10T19:46:45Z,0.885948,4,3,ussd > call > web > ussd,False,False,,,True,True,True,True,max_contacts
SYNTHETIC,J01612,C01612,check_usage,CONSUMPTION,self_service_candidate,ussd,2024-08-31T09:34:12Z,1.204636,1,1,ussd,True,True,ussd,1.000000,False,False,True,False,resolved
SYNTHETIC,J01613,C01613,dispute_invoice,BILLING,complaint,app,2024-07-28T21:06:39Z,1.483164,1,1,app,True,True,app,1.000000,False,False,True,False,resolved
SYNTHETIC,J01614,C01614,deactivate_phone,SERVICES,assisted,app,2024-07-09T05:03:26Z,1.187972,1,1,app,True,True,app,1.000000,False,False,True,False,resolved
SYNTHETIC,J01615,C01615,customer_service,CONTACT,assisted,ussd,2024-06-08T03:07:20Z,2.607832,2,2,ussd > app,True,False,app,2.000000,True,True,True,False,resolved
SYNTHETIC,J01616,C01616,report_problem,COMPLAINTS,complaint,social,2024-07-07T02:53:18Z,43.434381,2,2,social > call,True,False,call,2.000000,True,True,True,True,resolved
SYNTHETIC,J01617,C01617,check_usage,CONSUMPTION,self_service_candidate,web,2024-07-30T18:45:39Z,4.401708,1,1,web,False,False,,,False,False,True,False,chose_abandon
SYNTHETIC,J01618,C01618,change_plan,SUBSCRIPTION,assisted,ussd,2024-06-15T10:41:52Z,0.815758,1,1,ussd,True,True,ussd,1.000000,False,False,True,False,resolved
SYNTHETIC,J01619,C01619,schedule_payments,PAYMENT,assisted,ussd,2024-07-24T14:13:15Z,0.626256,2,2,ussd > call,True,False,call,2.000000,True,True,True,True,resolved
SYNTHETIC,J01620,C01620,check_usage,CONSUMPTION,self_service_candidate,app,2024-06-29T20:51:09Z,2.907463,1,1,app,True,True,app,1.000000,False,False,True,False,resolved
SYNTHETIC,J01621,C01621,check_signal_coverage,SERVICES,self_service_candidate,ussd,2024-06-16T08:08:54Z,1.419914,1,1,ussd,True,True,ussd,1.000000,False,False,True,False,resolved
SYNTHETIC,J01622,C01622,check_excess_data_charges,CONSUMPTION,self_service_candidate,social,2024-07-02T22:16:17Z,12.848382,3,2,social > social > call,True,False,call,3.000000,True,True,True,True,resolved
SYNTHETIC,J01623,C01623,change_plan,SUBSCRIPTION,assisted,web,2024-08-11T06:48:05Z,10.074931,4,2,web > call > call > call,False,False,,,True,True,True,True,max_contacts
SYNTHETIC,J01624,C01624,activate_roaming,SERVICES,assisted,ussd,2024-07-22T14:44:11Z,0.816239,2,2,ussd > call,False,False,,,True,True,True,True,chose_abandon
SYNTHETIC,J01625,C01625,pay,PAYMENT,assisted,call,2024-06-27T14:51:15Z,7.370599,1,1,call,True,True,call,1.000000,False,False,False,False,resolved
SYNTHETIC,J01626,C01626,sign_up_for_plan,SUBSCRIPTION,assisted,app,2024-07-05T08:38:20Z,1.936717,1,1,app,True,True,app,1.000000,False,False,True,False,resolved
SYNTHETIC,J01627,C01627,check_mobile_payments,PAYMENT,self_service_candidate,call,2024-07-01T22:09:39Z,4.006565,1,1,call,True,True,call,1.000000,False,False,False,False,resolved
SYNTHETIC,J01628,C01628,set_usage_limits,CONSUMPTION,assisted,app,2024-06-18T20:00:43Z,1.021028,3,2,app > call > call,True,False,call,3.000000,True,True,True,True,resolved
SYNTHETIC,J01629,C01629,customer_service,CONTACT,assisted,ussd,2024-07-05T09:45:29Z,1.404616,1,1,ussd,False,False,,,False,False,True,False,chose_abandon
SYNTHETIC,J01630,C01630,deactivate_call_management_services,SERVICES,assisted,ussd,2024-06-11T04:25:09Z,2.358869,2,2,ussd > call,True,False,call,2.000000,True,True,True,True,resolved
SYNTHETIC,J01631,C01631,report_problem,COMPLAINTS,complaint,ussd,2024-06-06T13:35:25Z,2.420045,2,2,ussd > web,False,False,,,True,True,True,False,chose_abandon
SYNTHETIC,J01632,C01632,payment_methods,PAYMENT,self_service_candidate,ussd,2024-08-09T08:12:29Z,1.006712,1,1,ussd,True,True,ussd,1.000000,False,False,True,False,resolved
SYNTHETIC,J01633,C01633,report_problem,COMPLAINTS,complaint,ussd,2024-07-07T15:45:09Z,2.147976,1,1,ussd,True,True,ussd,1.000000,False,False,True,False,resolved
SYNTHETIC,J01634,C01634,get_compensation,COMPLAINTS,complaint,ussd,2024-07-19T07:30:19Z,1.482134,4,3,ussd > ussd > app > social,False,False,,,True,True,True,False,max_contacts
SYNTHETIC,J01635,C01635,human_agent,CONTACT,complaint,web,2024-08-11T07:53:31Z,3.614029,1,1,web,True,True,web,1.000000,False,False,True,False,resolved
SYNTHETIC,J01636,C01636,dispute_invoice,BILLING,complaint,call,2024-06-05T17:54:59Z,11.613424,1,1,call,True,True,call,1.000000,False,False,False,False,resolved
SYNTHETIC,J01637,C01637,check_excess_data_charges,CONSUMPTION,self_service_candidate,ussd,2024-06-25T10:48:21Z,2.203480,1,1,ussd,True,True,ussd,1.000000,False,False,True,False,resolved
SYNTHETIC,J01638,C01638,report_problem,COMPLAINTS,complaint,call,2024-08-09T13:42:09Z,7.037133,4,2,call > app > call > call,False,False,,,True,True,False,False,max_contacts
SYNTHETIC,J01639,C01639,check_mobile_payments,PAYMENT,self_service_candidate,call,2024-08-06T19:50:38Z,5.066378,1,1,call,True,True,call,1.000000,False,False,False,False,resolved
SYNTHETIC,J01640,C01640,check_usage,CONSUMPTION,self_service_candidate,call,2024-06-04T10:37:58Z,5.045949,1,1,call,True,True,call,1.000000,False,False,False,False,resolved
SYNTHETIC,J01641,C01641,dispute_invoice,BILLING,complaint,social,2024-08-17T12:02:41Z,17.907502,1,1,social,True,True,social,1.000000,False,False,True,False,resolved
SYNTHETIC,J01642,C01642,human_agent,CONTACT,complaint,app,2024-07-24T06:38:37Z,2.794888,4,3,app > ussd > ussd > call,False,False,,,True,True,True,True,max_contacts
SYNTHETIC,J01643,C01643,invoices,BILLING,self_service_candidate,app,2024-07-04T00:15:51Z,2.507060,1,1,app,True,True,app,1.000000,False,False,True,False,resolved
SYNTHETIC,J01644,C01644,report_poor_signal_coverage,COMPLAINTS,complaint,ussd,2024-07-18T19:32:44Z,0.903703,2,2,ussd > call,False,False,,,True,True,True,True,chose_abandon
SYNTHETIC,J01645,C01645,report_problem,COMPLAINTS,complaint,ussd,2024-07-13T09:37:45Z,0.964518,1,1,ussd,False,False,,,False,False,True,False,chose_abandon
SYNTHETIC,J01646,C01646,activate_roaming,SERVICES,assisted,app,2024-07-18T09:03:53Z,1.066404,4,4,app > ussd > call > social,False,False,,,True,True,True,True,max_contacts
SYNTHETIC,J01647,C01647,check_signal_coverage,SERVICES,self_service_candidate,ussd,2024-07-04T11:09:28Z,1.264840,1,1,ussd,True,True,ussd,1.000000,False,False,True,False,resolved
SYNTHETIC,J01648,C01648,check_mobile_payments,PAYMENT,self_service_candidate,call,2024-07-06T11:02:06Z,3.148866,1,1,call,True,True,call,1.000000,False,False,False,False,resolved
SYNTHETIC,J01649,C01649,dispute_invoice,BILLING,complaint,web,2024-07-08T10:43:59Z,10.761906,2,2,web > call,True,False,call,2.000000,True,True,True,True,resolved
SYNTHETIC,J01650,C01650,check_mobile_payments,PAYMENT,self_service_candidate,ussd,2024-06-29T08:50:31Z,0.942532,1,1,ussd,True,True,ussd,1.000000,False,False,True,False,resolved
SYNTHETIC,J01651,C01651,check_usage,CONSUMPTION,self_service_candidate,call,2024-08-12T09:08:36Z,7.278997,1,1,call,True,True,call,1.000000,False,False,False,False,resolved
SYNTHETIC,J01652,C01652,customer_service,CONTACT,assisted,call,2024-06-27T14:31:59Z,3.929670,1,1,call,True,True,call,1.000000,False,False,False,False,resolved
SYNTHETIC,J01653,C01653,report_problem,COMPLAINTS,complaint,social,2024-08-24T10:10:12Z,30.088364,3,3,social > app > call,True,False,call,3.000000,True,True,True,True,resolved
SYNTHETIC,J01654,C01654,check_usage,CONSUMPTION,self_service_candidate,ussd,2024-06-24T08:36:08Z,0.853108,1,1,ussd,True,True,ussd,1.000000,False,False,True,False,resolved
SYNTHETIC,J01655,C01655,report_problem,COMPLAINTS,complaint,ussd,2024-08-18T11:35:42Z,0.457697,3,3,ussd > social > call,True,False,call,3.000000,True,True,True,True,resolved
SYNTHETIC,J01656,C01656,activate_phone,SERVICES,assisted,ussd,2024-08-10T06:47:12Z,1.242881,1,1,ussd,False,False,,,False,False,True,False,chose_abandon
SYNTHETIC,J01657,C01657,check_usage,CONSUMPTION,self_service_candidate,call,2024-06-30T09:27:41Z,2.517460,1,1,call,True,True,call,1.000000,False,False,False,False,resolved
SYNTHETIC,J01658,C01658,dispute_invoice,BILLING,complaint,call,2024-07-31T00:24:36Z,3.811565,3,2,call > web > call,True,False,call,3.000000,True,True,False,False,resolved
SYNTHETIC,J01659,C01659,change_plan,SUBSCRIPTION,assisted,ussd,2024-08-31T02:43:39Z,1.587828,1,1,ussd,True,True,ussd,1.000000,False,False,True,False,resolved
SYNTHETIC,J01660,C01660,invoices,BILLING,self_service_candidate,web,2024-06-17T11:42:13Z,13.003766,2,2,web > ussd,True,False,ussd,2.000000,True,True,True,False,resolved
SYNTHETIC,J01661,C01661,dispute_invoice,BILLING,complaint,web,2024-07-02T16:09:53Z,3.689832,1,1,web,False,False,,,False,False,True,False,chose_abandon
SYNTHETIC,J01662,C01662,pay,PAYMENT,assisted,ussd,2024-06-12T07:22:40Z,1.197535,1,1,ussd,True,True,ussd,1.000000,False,False,True,False,resolved
SYNTHETIC,J01663,C01663,report_problem,COMPLAINTS,complaint,call,2024-06-11T00:46:29Z,13.378365,1,1,call,True,True,call,1.000000,False,False,False,False,resolved
SYNTHETIC,J01664,C01664,check_usage,CONSUMPTION,self_service_candidate,call,2024-07-04T07:05:03Z,3.823062,1,1,call,True,True,call,1.000000,False,False,False,False,resolved
SYNTHETIC,J01665,C01665,check_usage,CONSUMPTION,self_service_candidate,call,2024-08-17T15:59:26Z,9.305808,1,1,call,True,True,call,1.000000,False,False,False,False,resolved
SYNTHETIC,J01666,C01666,sign_up_for_plan,SUBSCRIPTION,assisted,app,2024-06-14T02:25:14Z,0.853856,1,1,app,False,False,,,False,False,True,False,chose_abandon
SYNTHETIC,J01667,C01667,customer_service,CONTACT,assisted,ussd,2024-06-19T15:47:54Z,1.214268,2,2,ussd > app,True,False,app,2.000000,True,True,True,False,resolved
SYNTHETIC,J01668,C01668,report_problem,COMPLAINTS,complaint,call,2024-07-02T05:23:08Z,8.934084,1,1,call,True,True,call,1.000000,False,False,False,False,resolved
SYNTHETIC,J01669,C01669,check_usage,CONSUMPTION,self_service_candidate,call,2024-08-26T12:36:03Z,5.669611,2,1,call > call,True,False,call,2.000000,True,False,False,False,resolved
SYNTHETIC,J01670,C01670,check_usage,CONSUMPTION,self_service_candidate,app,2024-08-29T17:02:36Z,3.808933,1,1,app,True,True,app,1.000000,False,False,True,False,resolved
SYNTHETIC,J01671,C01671,dispute_invoice,BILLING,complaint,call,2024-08-07T05:07:10Z,1.736339,4,2,call > call > ussd > ussd,False,False,,,True,True,False,False,max_contacts
SYNTHETIC,J01672,C01672,invoices,BILLING,self_service_candidate,web,2024-08-19T14:11:58Z,4.197198,1,1,web,True,True,web,1.000000,False,False,True,False,resolved
SYNTHETIC,J01673,C01673,invoices,BILLING,self_service_candidate,ussd,2024-08-09T00:59:22Z,1.079371,1,1,ussd,True,True,ussd,1.000000,False,False,True,False,resolved
SYNTHETIC,J01674,C01674,check_signal_coverage,SERVICES,self_service_candidate,app,2024-08-28T20:09:09Z,1.454278,1,1,app,True,True,app,1.000000,False,False,True,False,resolved
SYNTHETIC,J01675,C01675,install_internet,SERVICES,assisted,app,2024-06-15T03:56:29Z,2.161948,1,1,app,True,True,app,1.000000,False,False,True,False,resolved
SYNTHETIC,J01676,C01676,activate_roaming,SERVICES,assisted,ussd,2024-08-07T22:08:14Z,0.836517,1,1,ussd,True,True,ussd,1.000000,False,False,True,False,resolved
SYNTHETIC,J01677,C01677,invoices,BILLING,self_service_candidate,ussd,2024-06-10T20:23:48Z,1.074332,1,1,ussd,True,True,ussd,1.000000,False,False,True,False,resolved
SYNTHETIC,J01678,C01678,check_usage,CONSUMPTION,self_service_candidate,call,2024-07-06T06:59:33Z,6.230563,1,1,call,True,True,call,1.000000,False,False,False,False,resolved
SYNTHETIC,J01679,C01679,check_signal_coverage,SERVICES,self_service_candidate,call,2024-06-03T20:17:16Z,9.418388,1,1,call,True,True,call,1.000000,False,False,False,False,resolved
SYNTHETIC,J01680,C01680,dispute_invoice,BILLING,complaint,ussd,2024-07-21T06:39:51Z,1.898535,2,1,ussd > ussd,False,False,,,True,False,True,False,chose_abandon
SYNTHETIC,J01681,C01681,invoices,BILLING,self_service_candidate,ussd,2024-06-22T15:54:35Z,1.175292,1,1,ussd,False,False,,,False,False,True,False,chose_abandon
SYNTHETIC,J01682,C01682,change_plan,SUBSCRIPTION,assisted,social,2024-08-14T06:01:51Z,13.597759,3,2,social > call > call,True,False,call,3.000000,True,True,True,True,resolved
SYNTHETIC,J01683,C01683,check_usage,CONSUMPTION,self_service_candidate,app,2024-07-17T07:28:30Z,1.529004,1,1,app,True,True,app,1.000000,False,False,True,False,resolved
SYNTHETIC,J01684,C01684,change_plan,SUBSCRIPTION,assisted,call,2024-06-20T01:23:50Z,5.689383,1,1,call,True,True,call,1.000000,False,False,False,False,resolved
SYNTHETIC,J01685,C01685,activate_call_management_services,SERVICES,assisted,ussd,2024-06-13T12:30:18Z,1.339117,4,3,ussd > web > web > app,False,False,,,True,True,True,False,max_contacts
SYNTHETIC,J01686,C01686,invoices,BILLING,self_service_candidate,call,2024-07-11T19:06:12Z,11.166385,1,1,call,True,True,call,1.000000,False,False,False,False,resolved
SYNTHETIC,J01687,C01687,install_internet,SERVICES,assisted,ussd,2024-07-30T03:14:59Z,0.890253,2,2,ussd > call,True,False,call,2.000000,True,True,True,True,resolved
SYNTHETIC,J01688,C01688,check_usage,CONSUMPTION,self_service_candidate,ussd,2024-06-26T02:11:57Z,0.756723,1,1,ussd,True,True,ussd,1.000000,False,False,True,False,resolved
SYNTHETIC,J01689,C01689,invoices,BILLING,self_service_candidate,ussd,2024-06-14T21:37:56Z,1.094224,2,2,ussd > call,True,False,call,2.000000,True,True,True,True,resolved
SYNTHETIC,J01690,C01690,check_excess_data_charges,CONSUMPTION,self_service_candidate,social,2024-07-09T04:04:43Z,11.944831,1,1,social,True,True,social,1.000000,False,False,True,False,resolved
SYNTHETIC,J01691,C01691,check_mobile_payments,PAYMENT,self_service_candidate,call,2024-08-05T09:33:22Z,5.983809,1,1,call,True,True,call,1.000000,False,False,False,False,resolved
SYNTHETIC,J01692,C01692,check_usage,CONSUMPTION,self_service_candidate,ussd,2024-08-02T11:10:00Z,1.430560,1,1,ussd,True,True,ussd,1.000000,False,False,True,False,resolved
SYNTHETIC,J01693,C01693,check_mobile_payments,PAYMENT,self_service_candidate,ussd,2024-08-19T13:20:02Z,1.360840,2,2,ussd > call,True,False,call,2.000000,True,True,True,True,resolved
SYNTHETIC,J01694,C01694,activate_call_management_services,SERVICES,assisted,ussd,2024-08-01T20:30:11Z,0.829466,1,1,ussd,True,True,ussd,1.000000,False,False,True,False,resolved
SYNTHETIC,J01695,C01695,check_signal_coverage,SERVICES,self_service_candidate,ussd,2024-07-06T00:21:32Z,0.704374,1,1,ussd,True,True,ussd,1.000000,False,False,True,False,resolved
SYNTHETIC,J01696,C01696,check_signal_coverage,SERVICES,self_service_candidate,web,2024-06-24T21:51:55Z,6.716609,3,3,web > app > call,True,False,call,3.000000,True,True,True,True,resolved
SYNTHETIC,J01697,C01697,invoices,BILLING,self_service_candidate,call,2024-06-22T23:10:49Z,15.610455,1,1,call,True,True,call,1.000000,False,False,False,False,resolved
SYNTHETIC,J01698,C01698,check_mobile_payments,PAYMENT,self_service_candidate,web,2024-06-28T09:33:35Z,3.640687,1,1,web,True,True,web,1.000000,False,False,True,False,resolved
SYNTHETIC,J01699,C01699,schedule_payments,PAYMENT,assisted,app,2024-07-03T22:31:34Z,2.707219,1,1,app,True,True,app,1.000000,False,False,True,False,resolved
SYNTHETIC,J01700,C01700,invoices,BILLING,self_service_candidate,app,2024-06-03T19:31:34Z,1.667246,1,1,app,True,True,app,1.000000,False,False,True,False,resolved
SYNTHETIC,J01701,C01701,change_plan,SUBSCRIPTION,assisted,ussd,2024-07-29T18:43:30Z,0.496225,3,3,ussd > social > call,False,False,,,True,True,True,True,chose_abandon
SYNTHETIC,J01702,C01702,get_compensation,COMPLAINTS,complaint,call,2024-06-11T05:57:00Z,5.969352,1,1,call,False,False,,,False,False,False,False,chose_abandon
SYNTHETIC,J01703,C01703,check_mobile_payments,PAYMENT,self_service_candidate,ussd,2024-08-07T18:51:21Z,0.910301,1,1,ussd,True,True,ussd,1.000000,False,False,True,False,resolved
SYNTHETIC,J01704,C01704,check_excess_data_charges,CONSUMPTION,self_service_candidate,ussd,2024-07-13T15:18:07Z,0.688433,2,2,ussd > call,True,False,call,2.000000,True,True,True,True,resolved
SYNTHETIC,J01705,C01705,dispute_invoice,BILLING,complaint,call,2024-07-04T12:18:31Z,6.557162,1,1,call,False,False,,,False,False,False,False,chose_abandon
SYNTHETIC,J01706,C01706,check_excess_data_charges,CONSUMPTION,self_service_candidate,social,2024-07-07T20:39:25Z,46.591964,1,1,social,True,True,social,1.000000,False,False,True,False,resolved
SYNTHETIC,J01707,C01707,invoices,BILLING,self_service_candidate,ussd,2024-07-15T15:30:10Z,1.044940,3,2,ussd > ussd > call,True,False,call,3.000000,True,True,True,True,resolved
SYNTHETIC,J01708,C01708,deactivate_phone,SERVICES,assisted,ussd,2024-08-09T10:18:47Z,1.334231,1,1,ussd,True,True,ussd,1.000000,False,False,True,False,resolved
SYNTHETIC,J01709,C01709,check_usage,CONSUMPTION,self_service_candidate,app,2024-08-15T22:36:02Z,2.615402,1,1,app,True,True,app,1.000000,False,False,True,False,resolved
SYNTHETIC,J01710,C01710,check_excess_data_charges,CONSUMPTION,self_service_candidate,call,2024-08-03T02:51:28Z,9.442180,1,1,call,True,True,call,1.000000,False,False,False,False,resolved
SYNTHETIC,J01711,C01711,check_mobile_payments,PAYMENT,self_service_candidate,web,2024-07-11T04:37:45Z,4.093207,1,1,web,True,True,web,1.000000,False,False,True,False,resolved
SYNTHETIC,J01712,C01712,check_signal_coverage,SERVICES,self_service_candidate,call,2024-08-01T19:06:11Z,6.477177,1,1,call,True,True,call,1.000000,False,False,False,False,resolved
SYNTHETIC,J01713,C01713,check_usage,CONSUMPTION,self_service_candidate,ussd,2024-08-12T02:22:59Z,1.005475,2,2,ussd > call,True,False,call,2.000000,True,True,True,True,resolved
SYNTHETIC,J01714,C01714,invoices,BILLING,self_service_candidate,call,2024-06-10T02:27:49Z,3.005423,1,1,call,True,True,call,1.000000,False,False,False,False,resolved
SYNTHETIC,J01715,C01715,report_poor_signal_coverage,COMPLAINTS,complaint,app,2024-06-15T03:12:23Z,2.763299,3,2,app > ussd > app,False,False,,,True,True,True,False,chose_abandon
SYNTHETIC,J01716,C01716,activate_call_management_services,SERVICES,assisted,call,2024-08-02T02:02:03Z,3.526465,1,1,call,True,True,call,1.000000,False,False,False,False,resolved
SYNTHETIC,J01717,C01717,set_usage_limits,CONSUMPTION,assisted,social,2024-06-30T21:14:51Z,34.889261,2,2,social > call,True,False,call,2.000000,True,True,True,True,resolved
SYNTHETIC,J01718,C01718,dispute_invoice,BILLING,complaint,web,2024-08-31T07:17:46Z,1.531917,3,2,web > ussd > web,False,False,,,True,True,True,False,chose_abandon
SYNTHETIC,J01719,C01719,get_compensation,COMPLAINTS,complaint,web,2024-08-06T19:36:09Z,5.092542,4,4,web > social > app > call,False,False,,,True,True,True,True,max_contacts
SYNTHETIC,J01720,C01720,check_cancellation_fee,SUBSCRIPTION,self_service_candidate,call,2024-08-13T12:44:51Z,9.375635,1,1,call,True,True,call,1.000000,False,False,False,False,resolved
SYNTHETIC,J01721,C01721,pay,PAYMENT,assisted,app,2024-06-17T10:05:06Z,1.120853,1,1,app,False,False,,,False,False,True,False,chose_abandon
SYNTHETIC,J01722,C01722,report_problem,COMPLAINTS,complaint,app,2024-07-31T11:49:33Z,2.787121,2,1,app > app,False,False,,,True,False,True,False,chose_abandon
SYNTHETIC,J01723,C01723,check_usage,CONSUMPTION,self_service_candidate,app,2024-07-13T08:20:25Z,2.830577,2,2,app > ussd,True,False,ussd,2.000000,True,True,True,False,resolved
SYNTHETIC,J01724,C01724,report_problem,COMPLAINTS,complaint,call,2024-06-08T01:55:10Z,2.751308,4,2,call > call > app > call,False,False,,,True,True,False,False,max_contacts
SYNTHETIC,J01725,C01725,payment_methods,PAYMENT,self_service_candidate,social,2024-06-22T03:16:51Z,12.351142,1,1,social,True,True,social,1.000000,False,False,True,False,resolved
SYNTHETIC,J01726,C01726,customer_service,CONTACT,assisted,app,2024-06-21T01:00:41Z,2.705665,1,1,app,False,False,,,False,False,True,False,chose_abandon
SYNTHETIC,J01727,C01727,activate_phone,SERVICES,assisted,web,2024-08-01T23:34:09Z,2.533890,1,1,web,False,False,,,False,False,True,False,chose_abandon
SYNTHETIC,J01728,C01728,payment_methods,PAYMENT,self_service_candidate,app,2024-08-23T00:57:08Z,3.811150,1,1,app,True,True,app,1.000000,False,False,True,False,resolved
SYNTHETIC,J01729,C01729,pay,PAYMENT,assisted,app,2024-07-03T09:33:23Z,1.193543,1,1,app,True,True,app,1.000000,False,False,True,False,resolved
SYNTHETIC,J01730,C01730,deactivate_phone,SERVICES,assisted,social,2024-06-14T02:29:28Z,7.065224,1,1,social,False,False,,,False,False,True,False,chose_abandon
SYNTHETIC,J01731,C01731,check_usage,CONSUMPTION,self_service_candidate,ussd,2024-07-22T17:29:07Z,0.407002,1,1,ussd,False,False,,,False,False,True,False,chose_abandon
SYNTHETIC,J01732,C01732,invoices,BILLING,self_service_candidate,ussd,2024-06-06T00:31:24Z,1.045912,1,1,ussd,True,True,ussd,1.000000,False,False,True,False,resolved
SYNTHETIC,J01733,C01733,check_signal_coverage,SERVICES,self_service_candidate,ussd,2024-06-11T04:06:47Z,1.016927,1,1,ussd,True,True,ussd,1.000000,False,False,True,False,resolved
SYNTHETIC,J01734,C01734,report_problem,COMPLAINTS,complaint,app,2024-06-17T14:40:35Z,3.483238,2,2,app > call,True,False,call,2.000000,True,True,True,True,resolved
SYNTHETIC,J01735,C01735,report_problem,COMPLAINTS,complaint,ussd,2024-06-27T03:54:28Z,2.042367,4,2,ussd > ussd > call > call,False,False,,,True,True,True,True,max_contacts
SYNTHETIC,J01736,C01736,invoices,BILLING,self_service_candidate,app,2024-06-24T05:58:10Z,2.226486,1,1,app,True,True,app,1.000000,False,False,True,False,resolved
SYNTHETIC,J01737,C01737,deactivate_phone,SERVICES,assisted,ussd,2024-08-04T03:21:50Z,0.578983,4,3,ussd > ussd > app > call,True,False,call,4.000000,True,True,True,True,resolved
SYNTHETIC,J01738,C01738,check_usage,CONSUMPTION,self_service_candidate,call,2024-08-13T12:50:57Z,6.801939,1,1,call,True,True,call,1.000000,False,False,False,False,resolved
SYNTHETIC,J01739,C01739,check_usage,CONSUMPTION,self_service_candidate,call,2024-06-17T23:44:30Z,2.951030,1,1,call,True,True,call,1.000000,False,False,False,False,resolved
SYNTHETIC,J01740,C01740,invoices,BILLING,self_service_candidate,call,2024-08-14T04:48:18Z,4.279237,1,1,call,True,True,call,1.000000,False,False,False,False,resolved
SYNTHETIC,J01741,C01741,human_agent,CONTACT,complaint,app,2024-08-15T04:30:10Z,3.043075,3,2,app > app > social,False,False,,,True,True,True,False,chose_abandon
SYNTHETIC,J01742,C01742,activate_phone,SERVICES,assisted,call,2024-08-19T01:27:25Z,5.660214,1,1,call,True,True,call,1.000000,False,False,False,False,resolved
SYNTHETIC,J01743,C01743,sign_up_for_plan,SUBSCRIPTION,assisted,web,2024-06-10T07:12:11Z,3.887600,3,3,web > social > call,True,False,call,3.000000,True,True,True,True,resolved
SYNTHETIC,J01744,C01744,check_usage,CONSUMPTION,self_service_candidate,app,2024-06-17T03:05:36Z,1.979202,1,1,app,True,True,app,1.000000,False,False,True,False,resolved
SYNTHETIC,J01745,C01745,install_internet,SERVICES,assisted,call,2024-08-04T21:25:45Z,3.571085,1,1,call,True,True,call,1.000000,False,False,False,False,resolved
SYNTHETIC,J01746,C01746,human_agent,CONTACT,complaint,web,2024-08-24T05:42:01Z,8.098337,4,3,web > ussd > call > call,False,False,,,True,True,True,True,max_contacts
SYNTHETIC,J01747,C01747,activate_call_management_services,SERVICES,assisted,call,2024-07-28T10:02:53Z,15.469502,1,1,call,True,True,call,1.000000,False,False,False,False,resolved
SYNTHETIC,J01748,C01748,activate_call_management_services,SERVICES,assisted,web,2024-08-07T17:00:45Z,8.018569,2,2,web > call,True,False,call,2.000000,True,True,True,True,resolved
SYNTHETIC,J01749,C01749,check_signal_coverage,SERVICES,self_service_candidate,ussd,2024-08-14T09:32:25Z,1.013171,1,1,ussd,True,True,ussd,1.000000,False,False,True,False,resolved
SYNTHETIC,J01750,C01750,check_usage,CONSUMPTION,self_service_candidate,call,2024-06-10T07:46:05Z,3.168378,1,1,call,False,False,,,False,False,False,False,chose_abandon
SYNTHETIC,J01751,C01751,check_usage,CONSUMPTION,self_service_candidate,call,2024-07-21T22:59:39Z,17.591621,1,1,call,True,True,call,1.000000,False,False,False,False,resolved
SYNTHETIC,J01752,C01752,human_agent,CONTACT,complaint,social,2024-06-23T04:41:54Z,49.030869,3,2,social > call > call,True,False,call,3.000000,True,True,True,True,resolved
SYNTHETIC,J01753,C01753,pay,PAYMENT,assisted,ussd,2024-06-11T16:25:05Z,0.612039,3,2,ussd > call > call,True,False,call,3.000000,True,True,True,True,resolved
SYNTHETIC,J01754,C01754,pay,PAYMENT,assisted,ussd,2024-06-15T04:49:36Z,0.769662,1,1,ussd,False,False,,,False,False,True,False,chose_abandon
SYNTHETIC,J01755,C01755,check_mobile_payments,PAYMENT,self_service_candidate,app,2024-08-26T23:11:07Z,2.216395,1,1,app,True,True,app,1.000000,False,False,True,False,resolved
SYNTHETIC,J01756,C01756,invoices,BILLING,self_service_candidate,app,2024-08-15T06:38:21Z,2.739723,2,2,app > ussd,True,False,ussd,2.000000,True,True,True,False,resolved
SYNTHETIC,J01757,C01757,report_poor_signal_coverage,COMPLAINTS,complaint,call,2024-06-09T19:46:42Z,1.506366,1,1,call,True,True,call,1.000000,False,False,False,False,resolved
SYNTHETIC,J01758,C01758,report_problem,COMPLAINTS,complaint,ussd,2024-06-13T18:20:52Z,0.574944,2,1,ussd > ussd,False,False,,,True,False,True,False,chose_abandon
SYNTHETIC,J01759,C01759,check_mobile_payments,PAYMENT,self_service_candidate,web,2024-07-10T17:01:30Z,5.674646,1,1,web,True,True,web,1.000000,False,False,True,False,resolved
SYNTHETIC,J01760,C01760,human_agent,CONTACT,complaint,ussd,2024-07-02T06:56:23Z,0.856768,2,2,ussd > call,True,False,call,2.000000,True,True,True,True,resolved
SYNTHETIC,J01761,C01761,report_poor_signal_coverage,COMPLAINTS,complaint,call,2024-06-17T21:12:38Z,5.437087,1,1,call,False,False,,,False,False,False,False,chose_abandon
SYNTHETIC,J01762,C01762,check_signal_coverage,SERVICES,self_service_candidate,call,2024-06-09T11:57:21Z,6.877490,1,1,call,True,True,call,1.000000,False,False,False,False,resolved
SYNTHETIC,J01763,C01763,set_usage_limits,CONSUMPTION,assisted,app,2024-06-09T02:52:38Z,1.890956,1,1,app,True,True,app,1.000000,False,False,True,False,resolved
SYNTHETIC,J01764,C01764,check_mobile_payments,PAYMENT,self_service_candidate,app,2024-07-29T12:56:29Z,1.926067,1,1,app,True,True,app,1.000000,False,False,True,False,resolved
SYNTHETIC,J01765,C01765,change_plan,SUBSCRIPTION,assisted,call,2024-07-28T19:14:12Z,5.626943,1,1,call,True,True,call,1.000000,False,False,False,False,resolved
SYNTHETIC,J01766,C01766,dispute_invoice,BILLING,complaint,web,2024-07-25T20:29:31Z,7.054382,4,3,web > web > social > call,True,False,call,4.000000,True,True,True,True,resolved
SYNTHETIC,J01767,C01767,install_internet,SERVICES,assisted,social,2024-08-29T22:24:17Z,66.975309,1,1,social,True,True,social,1.000000,False,False,True,False,resolved
SYNTHETIC,J01768,C01768,report_poor_signal_coverage,COMPLAINTS,complaint,call,2024-07-18T07:59:51Z,8.464418,1,1,call,True,True,call,1.000000,False,False,False,False,resolved
SYNTHETIC,J01769,C01769,pay,PAYMENT,assisted,app,2024-07-14T12:06:35Z,1.420176,1,1,app,True,True,app,1.000000,False,False,True,False,resolved
SYNTHETIC,J01770,C01770,dispute_invoice,BILLING,complaint,ussd,2024-06-12T23:36:20Z,0.881264,1,1,ussd,False,False,,,False,False,True,False,chose_abandon
SYNTHETIC,J01771,C01771,install_internet,SERVICES,assisted,call,2024-08-28T12:45:48Z,6.386864,3,2,call > call > web,True,False,web,3.000000,True,True,False,False,resolved
SYNTHETIC,J01772,C01772,human_agent,CONTACT,complaint,web,2024-07-13T17:13:51Z,1.781112,2,2,web > call,True,False,call,2.000000,True,True,True,True,resolved
SYNTHETIC,J01773,C01773,human_agent,CONTACT,complaint,app,2024-06-10T15:46:55Z,1.884594,2,2,app > call,True,False,call,2.000000,True,True,True,True,resolved
SYNTHETIC,J01774,C01774,report_poor_signal_coverage,COMPLAINTS,complaint,call,2024-06-03T10:22:46Z,8.904571,1,1,call,True,True,call,1.000000,False,False,False,False,resolved
SYNTHETIC,J01775,C01775,deactivate_phone,SERVICES,assisted,web,2024-08-12T07:42:22Z,6.339468,2,1,web > web,False,False,,,True,False,True,False,chose_abandon
SYNTHETIC,J01776,C01776,change_plan,SUBSCRIPTION,assisted,call,2024-07-02T21:26:09Z,4.126761,1,1,call,True,True,call,1.000000,False,False,False,False,resolved
SYNTHETIC,J01777,C01777,check_signal_coverage,SERVICES,self_service_candidate,call,2024-08-28T01:15:37Z,5.553979,1,1,call,True,True,call,1.000000,False,False,False,False,resolved
SYNTHETIC,J01778,C01778,report_problem,COMPLAINTS,complaint,ussd,2024-08-17T22:17:40Z,0.824707,3,3,ussd > app > call,True,False,call,3.000000,True,True,True,True,resolved
SYNTHETIC,J01779,C01779,report_problem,COMPLAINTS,complaint,ussd,2024-08-11T23:13:47Z,1.124811,2,2,ussd > call,True,False,call,2.000000,True,True,True,True,resolved
SYNTHETIC,J01780,C01780,invoices,BILLING,self_service_candidate,app,2024-06-11T04:48:54Z,3.021124,1,1,app,True,True,app,1.000000,False,False,True,False,resolved
SYNTHETIC,J01781,C01781,dispute_invoice,BILLING,complaint,web,2024-08-15T03:24:21Z,5.246276,1,1,web,False,False,,,False,False,True,False,chose_abandon
SYNTHETIC,J01782,C01782,payment_methods,PAYMENT,self_service_candidate,app,2024-08-18T17:43:53Z,3.952923,1,1,app,True,True,app,1.000000,False,False,True,False,resolved
SYNTHETIC,J01783,C01783,check_cancellation_fee,SUBSCRIPTION,self_service_candidate,app,2024-07-06T19:26:41Z,1.493753,1,1,app,True,True,app,1.000000,False,False,True,False,resolved
SYNTHETIC,J01784,C01784,report_problem,COMPLAINTS,complaint,ussd,2024-08-10T01:26:49Z,0.995402,2,2,ussd > call,True,False,call,2.000000,True,True,True,True,resolved
SYNTHETIC,J01785,C01785,check_usage,CONSUMPTION,self_service_candidate,app,2024-07-29T08:20:45Z,2.217767,1,1,app,True,True,app,1.000000,False,False,True,False,resolved
SYNTHETIC,J01786,C01786,human_agent,CONTACT,complaint,web,2024-08-03T00:54:00Z,1.493722,1,1,web,False,False,,,False,False,True,False,chose_abandon
SYNTHETIC,J01787,C01787,dispute_invoice,BILLING,complaint,social,2024-08-28T05:35:00Z,90.964715,1,1,social,False,False,,,False,False,True,False,chose_abandon
SYNTHETIC,J01788,C01788,check_signal_coverage,SERVICES,self_service_candidate,ussd,2024-07-20T14:38:19Z,1.125187,1,1,ussd,True,True,ussd,1.000000,False,False,True,False,resolved
SYNTHETIC,J01789,C01789,report_poor_signal_coverage,COMPLAINTS,complaint,app,2024-06-21T05:27:14Z,1.540515,1,1,app,True,True,app,1.000000,False,False,True,False,resolved
SYNTHETIC,J01790,C01790,change_plan,SUBSCRIPTION,assisted,web,2024-06-29T22:38:14Z,4.471358,1,1,web,True,True,web,1.000000,False,False,True,False,resolved
SYNTHETIC,J01791,C01791,report_problem,COMPLAINTS,complaint,ussd,2024-07-01T04:10:17Z,1.076882,1,1,ussd,True,True,ussd,1.000000,False,False,True,False,resolved
SYNTHETIC,J01792,C01792,invoices,BILLING,self_service_candidate,app,2024-07-04T11:10:32Z,2.143205,1,1,app,True,True,app,1.000000,False,False,True,False,resolved
SYNTHETIC,J01793,C01793,human_agent,CONTACT,complaint,ussd,2024-06-22T22:21:48Z,1.180932,2,2,ussd > call,False,False,,,True,True,True,True,chose_abandon
SYNTHETIC,J01794,C01794,change_plan,SUBSCRIPTION,assisted,ussd,2024-07-10T07:12:24Z,0.790788,1,1,ussd,True,True,ussd,1.000000,False,False,True,False,resolved
SYNTHETIC,J01795,C01795,schedule_payments,PAYMENT,assisted,web,2024-06-08T17:44:52Z,4.952708,3,3,web > call > social,True,False,social,3.000000,True,True,True,True,resolved
SYNTHETIC,J01796,C01796,sign_up_for_plan,SUBSCRIPTION,assisted,web,2024-06-20T16:09:47Z,5.771910,1,1,web,False,False,,,False,False,True,False,chose_abandon
SYNTHETIC,J01797,C01797,check_usage,CONSUMPTION,self_service_candidate,call,2024-08-16T21:02:21Z,5.162326,1,1,call,True,True,call,1.000000,False,False,False,False,resolved
SYNTHETIC,J01798,C01798,check_cancellation_fee,SUBSCRIPTION,self_service_candidate,web,2024-07-06T17:19:12Z,4.334666,1,1,web,True,True,web,1.000000,False,False,True,False,resolved
SYNTHETIC,J01799,C01799,install_internet,SERVICES,assisted,web,2024-07-21T12:19:53Z,8.901194,1,1,web,True,True,web,1.000000,False,False,True,False,resolved
SYNTHETIC,J01800,C01800,pay,PAYMENT,assisted,social,2024-07-10T18:58:39Z,64.837026,2,2,social > call,True,False,call,2.000000,True,True,True,True,resolved
SYNTHETIC,J01801,C01801,check_usage,CONSUMPTION,self_service_candidate,social,2024-06-27T01:13:33Z,11.138001,1,1,social,False,False,,,False,False,True,False,chose_abandon
SYNTHETIC,J01802,C01802,activate_phone,SERVICES,assisted,call,2024-07-30T11:44:50Z,4.771918,1,1,call,True,True,call,1.000000,False,False,False,False,resolved
SYNTHETIC,J01803,C01803,report_problem,COMPLAINTS,complaint,ussd,2024-08-16T12:36:25Z,0.776588,1,1,ussd,False,False,,,False,False,True,False,chose_abandon
SYNTHETIC,J01804,C01804,check_usage,CONSUMPTION,self_service_candidate,app,2024-07-24T00:00:40Z,2.316772,1,1,app,True,True,app,1.000000,False,False,True,False,resolved
SYNTHETIC,J01805,C01805,report_poor_signal_coverage,COMPLAINTS,complaint,ussd,2024-06-14T17:41:02Z,1.533876,1,1,ussd,False,False,,,False,False,True,False,chose_abandon
SYNTHETIC,J01806,C01806,activate_roaming,SERVICES,assisted,app,2024-08-13T18:03:20Z,0.752258,1,1,app,True,True,app,1.000000,False,False,True,False,resolved
SYNTHETIC,J01807,C01807,invoices,BILLING,self_service_candidate,ussd,2024-07-07T01:32:38Z,0.424536,1,1,ussd,True,True,ussd,1.000000,False,False,True,False,resolved
SYNTHETIC,J01808,C01808,check_mobile_payments,PAYMENT,self_service_candidate,ussd,2024-06-15T07:47:00Z,1.323194,1,1,ussd,True,True,ussd,1.000000,False,False,True,False,resolved
SYNTHETIC,J01809,C01809,check_excess_data_charges,CONSUMPTION,self_service_candidate,ussd,2024-07-14T11:54:26Z,1.308367,1,1,ussd,True,True,ussd,1.000000,False,False,True,False,resolved
SYNTHETIC,J01810,C01810,sign_up_for_plan,SUBSCRIPTION,assisted,social,2024-07-29T09:47:20Z,10.065952,2,2,social > call,True,False,call,2.000000,True,True,True,True,resolved
SYNTHETIC,J01811,C01811,report_poor_signal_coverage,COMPLAINTS,complaint,app,2024-08-11T22:53:44Z,1.683508,2,2,app > call,True,False,call,2.000000,True,True,True,True,resolved
SYNTHETIC,J01812,C01812,check_signal_coverage,SERVICES,self_service_candidate,web,2024-07-25T18:51:21Z,10.302146,1,1,web,True,True,web,1.000000,False,False,True,False,resolved
SYNTHETIC,J01813,C01813,customer_service,CONTACT,assisted,ussd,2024-08-28T09:19:34Z,0.569222,1,1,ussd,False,False,,,False,False,True,False,chose_abandon
SYNTHETIC,J01814,C01814,check_usage,CONSUMPTION,self_service_candidate,app,2024-08-19T21:14:04Z,1.373471,1,1,app,True,True,app,1.000000,False,False,True,False,resolved
SYNTHETIC,J01815,C01815,check_signal_coverage,SERVICES,self_service_candidate,ussd,2024-08-28T15:33:17Z,0.717276,1,1,ussd,True,True,ussd,1.000000,False,False,True,False,resolved
SYNTHETIC,J01816,C01816,check_usage,CONSUMPTION,self_service_candidate,ussd,2024-07-06T07:48:35Z,0.939132,1,1,ussd,True,True,ussd,1.000000,False,False,True,False,resolved
SYNTHETIC,J01817,C01817,invoices,BILLING,self_service_candidate,web,2024-07-04T18:22:07Z,3.626197,1,1,web,True,True,web,1.000000,False,False,True,False,resolved
SYNTHETIC,J01818,C01818,activate_roaming,SERVICES,assisted,ussd,2024-07-17T20:58:51Z,0.934636,1,1,ussd,False,False,,,False,False,True,False,chose_abandon
SYNTHETIC,J01819,C01819,check_usage,CONSUMPTION,self_service_candidate,call,2024-06-30T15:08:05Z,1.341342,1,1,call,True,True,call,1.000000,False,False,False,False,resolved
SYNTHETIC,J01820,C01820,check_usage,CONSUMPTION,self_service_candidate,call,2024-06-27T07:34:19Z,9.066480,1,1,call,True,True,call,1.000000,False,False,False,False,resolved
SYNTHETIC,J01821,C01821,report_problem,COMPLAINTS,complaint,app,2024-07-01T11:47:22Z,1.386054,2,2,app > call,True,False,call,2.000000,True,True,True,True,resolved
SYNTHETIC,J01822,C01822,change_plan,SUBSCRIPTION,assisted,call,2024-08-12T13:45:20Z,5.599672,2,1,call > call,True,False,call,2.000000,True,False,False,False,resolved
SYNTHETIC,J01823,C01823,report_poor_signal_coverage,COMPLAINTS,complaint,social,2024-07-29T01:01:54Z,27.416412,2,2,social > call,True,False,call,2.000000,True,True,True,True,resolved
SYNTHETIC,J01824,C01824,activate_call_management_services,SERVICES,assisted,ussd,2024-06-09T02:05:39Z,0.750449,1,1,ussd,True,True,ussd,1.000000,False,False,True,False,resolved
SYNTHETIC,J01825,C01825,check_usage,CONSUMPTION,self_service_candidate,call,2024-08-15T22:54:30Z,6.669816,1,1,call,True,True,call,1.000000,False,False,False,False,resolved
SYNTHETIC,J01826,C01826,cancel_plan,SUBSCRIPTION,assisted,ussd,2024-08-10T20:26:06Z,1.257024,1,1,ussd,True,True,ussd,1.000000,False,False,True,False,resolved
SYNTHETIC,J01827,C01827,check_excess_data_charges,CONSUMPTION,self_service_candidate,app,2024-07-04T02:31:08Z,1.668248,1,1,app,True,True,app,1.000000,False,False,True,False,resolved
SYNTHETIC,J01828,C01828,report_problem,COMPLAINTS,complaint,ussd,2024-08-27T03:56:49Z,0.769437,1,1,ussd,False,False,,,False,False,True,False,chose_abandon
SYNTHETIC,J01829,C01829,check_usage,CONSUMPTION,self_service_candidate,ussd,2024-07-12T21:54:49Z,0.913165,3,1,ussd > ussd > ussd,True,False,ussd,3.000000,True,False,True,False,resolved
SYNTHETIC,J01830,C01830,report_problem,COMPLAINTS,complaint,ussd,2024-08-15T04:49:50Z,1.128633,2,2,ussd > web,False,False,,,True,True,True,False,chose_abandon
SYNTHETIC,J01831,C01831,set_usage_limits,CONSUMPTION,assisted,ussd,2024-08-18T01:36:55Z,1.533839,2,2,ussd > web,True,False,web,2.000000,True,True,True,False,resolved
SYNTHETIC,J01832,C01832,activate_roaming,SERVICES,assisted,social,2024-08-01T09:42:36Z,52.217637,2,2,social > call,True,False,call,2.000000,True,True,True,True,resolved
SYNTHETIC,J01833,C01833,check_excess_data_charges,CONSUMPTION,self_service_candidate,call,2024-09-01T02:45:15Z,12.038804,1,1,call,True,True,call,1.000000,False,False,False,False,resolved
SYNTHETIC,J01834,C01834,change_plan,SUBSCRIPTION,assisted,web,2024-07-18T11:10:55Z,3.850488,3,3,web > call > app,True,False,app,3.000000,True,True,True,True,resolved
SYNTHETIC,J01835,C01835,deactivate_call_management_services,SERVICES,assisted,ussd,2024-07-24T03:16:57Z,0.961527,3,3,ussd > call > web,False,False,,,True,True,True,True,chose_abandon
SYNTHETIC,J01836,C01836,customer_service,CONTACT,assisted,app,2024-07-02T18:44:15Z,1.112313,1,1,app,True,True,app,1.000000,False,False,True,False,resolved
SYNTHETIC,J01837,C01837,deactivate_call_management_services,SERVICES,assisted,ussd,2024-07-14T23:26:11Z,0.449007,4,3,ussd > call > app > call,False,False,,,True,True,True,True,max_contacts
SYNTHETIC,J01838,C01838,schedule_payments,PAYMENT,assisted,call,2024-08-01T14:22:41Z,4.435186,1,1,call,True,True,call,1.000000,False,False,False,False,resolved
SYNTHETIC,J01839,C01839,schedule_payments,PAYMENT,assisted,social,2024-08-05T08:34:11Z,15.507617,2,2,social > call,True,False,call,2.000000,True,True,True,True,resolved
SYNTHETIC,J01840,C01840,customer_service,CONTACT,assisted,ussd,2024-07-20T00:47:32Z,2.402726,2,1,ussd > ussd,True,False,ussd,2.000000,True,False,True,False,resolved
SYNTHETIC,J01841,C01841,check_usage,CONSUMPTION,self_service_candidate,call,2024-06-15T17:23:10Z,7.774622,1,1,call,True,True,call,1.000000,False,False,False,False,resolved
SYNTHETIC,J01842,C01842,set_usage_limits,CONSUMPTION,assisted,app,2024-07-30T14:20:00Z,1.408310,3,2,app > call > call,True,False,call,3.000000,True,True,True,True,resolved
SYNTHETIC,J01843,C01843,report_poor_signal_coverage,COMPLAINTS,complaint,call,2024-07-19T13:09:33Z,2.851324,2,1,call > call,True,False,call,2.000000,True,False,False,False,resolved
SYNTHETIC,J01844,C01844,change_plan,SUBSCRIPTION,assisted,ussd,2024-08-27T06:17:50Z,0.942301,1,1,ussd,False,False,,,False,False,True,False,chose_abandon
SYNTHETIC,J01845,C01845,pay,PAYMENT,assisted,ussd,2024-07-02T10:16:01Z,2.068618,1,1,ussd,False,False,,,False,False,True,False,chose_abandon
SYNTHETIC,J01846,C01846,invoices,BILLING,self_service_candidate,ussd,2024-08-01T23:12:45Z,0.532304,1,1,ussd,True,True,ussd,1.000000,False,False,True,False,resolved
SYNTHETIC,J01847,C01847,report_poor_signal_coverage,COMPLAINTS,complaint,web,2024-08-31T19:29:54Z,5.406033,2,2,web > call,True,False,call,2.000000,True,True,True,True,resolved
SYNTHETIC,J01848,C01848,activate_roaming,SERVICES,assisted,call,2024-07-16T08:42:56Z,9.382644,1,1,call,True,True,call,1.000000,False,False,False,False,resolved
SYNTHETIC,J01849,C01849,payment_methods,PAYMENT,self_service_candidate,call,2024-08-06T12:05:39Z,6.768833,1,1,call,True,True,call,1.000000,False,False,False,False,resolved
SYNTHETIC,J01850,C01850,dispute_invoice,BILLING,complaint,ussd,2024-07-22T12:15:08Z,1.135765,4,1,ussd > ussd > ussd > ussd,False,False,,,True,False,True,False,max_contacts
SYNTHETIC,J01851,C01851,activate_phone,SERVICES,assisted,call,2024-08-23T21:12:43Z,5.555935,1,1,call,False,False,,,False,False,False,False,chose_abandon
SYNTHETIC,J01852,C01852,report_problem,COMPLAINTS,complaint,call,2024-07-12T15:36:04Z,13.618669,1,1,call,True,True,call,1.000000,False,False,False,False,resolved
SYNTHETIC,J01853,C01853,change_plan,SUBSCRIPTION,assisted,app,2024-06-04T14:12:39Z,5.785138,4,3,app > call > web > call,False,False,,,True,True,True,True,max_contacts
SYNTHETIC,J01854,C01854,check_signal_coverage,SERVICES,self_service_candidate,ussd,2024-07-15T15:00:46Z,0.643504,1,1,ussd,True,True,ussd,1.000000,False,False,True,False,resolved
SYNTHETIC,J01855,C01855,get_compensation,COMPLAINTS,complaint,call,2024-06-13T07:47:45Z,7.890459,1,1,call,True,True,call,1.000000,False,False,False,False,resolved
SYNTHETIC,J01856,C01856,check_signal_coverage,SERVICES,self_service_candidate,web,2024-06-07T17:35:46Z,3.868687,2,2,web > call,True,False,call,2.000000,True,True,True,True,resolved
SYNTHETIC,J01857,C01857,check_usage,CONSUMPTION,self_service_candidate,web,2024-06-03T12:16:38Z,9.481701,1,1,web,True,True,web,1.000000,False,False,True,False,resolved
SYNTHETIC,J01858,C01858,dispute_invoice,BILLING,complaint,web,2024-07-30T17:42:04Z,2.736399,1,1,web,False,False,,,False,False,True,False,chose_abandon
SYNTHETIC,J01859,C01859,check_usage,CONSUMPTION,self_service_candidate,call,2024-06-09T17:11:02Z,6.705171,1,1,call,True,True,call,1.000000,False,False,False,False,resolved
SYNTHETIC,J01860,C01860,check_usage,CONSUMPTION,self_service_candidate,call,2024-07-05T16:10:21Z,3.408274,1,1,call,True,True,call,1.000000,False,False,False,False,resolved
SYNTHETIC,J01861,C01861,activate_call_management_services,SERVICES,assisted,app,2024-07-24T08:48:06Z,2.659012,1,1,app,True,True,app,1.000000,False,False,True,False,resolved
SYNTHETIC,J01862,C01862,pay,PAYMENT,assisted,ussd,2024-08-18T18:19:53Z,1.307956,2,1,ussd > ussd,True,False,ussd,2.000000,True,False,True,False,resolved
SYNTHETIC,J01863,C01863,check_usage,CONSUMPTION,self_service_candidate,web,2024-07-15T15:02:30Z,2.889363,1,1,web,True,True,web,1.000000,False,False,True,False,resolved
SYNTHETIC,J01864,C01864,check_usage,CONSUMPTION,self_service_candidate,web,2024-08-26T19:35:02Z,5.549856,1,1,web,True,True,web,1.000000,False,False,True,False,resolved
SYNTHETIC,J01865,C01865,dispute_invoice,BILLING,complaint,ussd,2024-07-19T06:09:46Z,0.946350,2,1,ussd > ussd,True,False,ussd,2.000000,True,False,True,False,resolved
SYNTHETIC,J01866,C01866,check_mobile_payments,PAYMENT,self_service_candidate,social,2024-08-02T11:07:30Z,46.714655,2,2,social > call,True,False,call,2.000000,True,True,True,True,resolved
SYNTHETIC,J01867,C01867,change_plan,SUBSCRIPTION,assisted,app,2024-08-25T04:28:03Z,4.509163,1,1,app,True,True,app,1.000000,False,False,True,False,resolved
SYNTHETIC,J01868,C01868,dispute_invoice,BILLING,complaint,app,2024-07-25T09:29:28Z,2.778631,4,3,app > app > ussd > call,True,False,call,4.000000,True,True,True,True,resolved
SYNTHETIC,J01869,C01869,report_problem,COMPLAINTS,complaint,app,2024-07-19T08:30:02Z,2.096247,1,1,app,True,True,app,1.000000,False,False,True,False,resolved
SYNTHETIC,J01870,C01870,check_usage,CONSUMPTION,self_service_candidate,call,2024-07-06T13:49:43Z,4.670043,1,1,call,True,True,call,1.000000,False,False,False,False,resolved
SYNTHETIC,J01871,C01871,check_usage,CONSUMPTION,self_service_candidate,call,2024-08-24T00:48:50Z,9.073786,1,1,call,True,True,call,1.000000,False,False,False,False,resolved
SYNTHETIC,J01872,C01872,dispute_invoice,BILLING,complaint,app,2024-08-29T02:31:47Z,2.198593,2,2,app > call,True,False,call,2.000000,True,True,True,True,resolved
SYNTHETIC,J01873,C01873,human_agent,CONTACT,complaint,app,2024-06-16T05:13:40Z,2.594793,1,1,app,True,True,app,1.000000,False,False,True,False,resolved
SYNTHETIC,J01874,C01874,check_signal_coverage,SERVICES,self_service_candidate,web,2024-06-26T08:38:03Z,13.557443,1,1,web,True,True,web,1.000000,False,False,True,False,resolved
SYNTHETIC,J01875,C01875,pay,PAYMENT,assisted,ussd,2024-06-11T14:02:15Z,1.474800,1,1,ussd,True,True,ussd,1.000000,False,False,True,False,resolved
SYNTHETIC,J01876,C01876,pay,PAYMENT,assisted,app,2024-07-26T15:30:26Z,5.153024,1,1,app,True,True,app,1.000000,False,False,True,False,resolved
SYNTHETIC,J01877,C01877,install_internet,SERVICES,assisted,web,2024-08-23T18:32:58Z,7.288452,2,2,web > call,True,False,call,2.000000,True,True,True,True,resolved
SYNTHETIC,J01878,C01878,check_usage,CONSUMPTION,self_service_candidate,ussd,2024-08-17T16:07:51Z,0.652421,1,1,ussd,True,True,ussd,1.000000,False,False,True,False,resolved
SYNTHETIC,J01879,C01879,cancel_plan,SUBSCRIPTION,assisted,social,2024-08-30T21:47:10Z,34.132986,3,3,social > ussd > app,True,False,app,3.000000,True,True,True,False,resolved
SYNTHETIC,J01880,C01880,get_compensation,COMPLAINTS,complaint,ussd,2024-08-17T15:31:48Z,0.645321,1,1,ussd,False,False,,,False,False,True,False,chose_abandon
SYNTHETIC,J01881,C01881,change_plan,SUBSCRIPTION,assisted,social,2024-06-19T11:58:02Z,129.227100,1,1,social,False,False,,,False,False,True,False,chose_abandon
SYNTHETIC,J01882,C01882,report_problem,COMPLAINTS,complaint,ussd,2024-07-03T10:02:14Z,0.866012,4,4,ussd > social > app > call,False,False,,,True,True,True,True,max_contacts
SYNTHETIC,J01883,C01883,activate_phone,SERVICES,assisted,web,2024-07-01T05:13:14Z,4.030273,1,1,web,True,True,web,1.000000,False,False,True,False,resolved
SYNTHETIC,J01884,C01884,payment_methods,PAYMENT,self_service_candidate,ussd,2024-08-20T12:56:10Z,0.853989,2,1,ussd > ussd,False,False,,,True,False,True,False,chose_abandon
SYNTHETIC,J01885,C01885,pay,PAYMENT,assisted,app,2024-06-07T20:06:59Z,2.375995,1,1,app,True,True,app,1.000000,False,False,True,False,resolved
SYNTHETIC,J01886,C01886,check_mobile_payments,PAYMENT,self_service_candidate,call,2024-07-15T20:12:26Z,2.272760,1,1,call,True,True,call,1.000000,False,False,False,False,resolved
SYNTHETIC,J01887,C01887,check_excess_data_charges,CONSUMPTION,self_service_candidate,ussd,2024-06-23T21:21:44Z,0.927969,1,1,ussd,True,True,ussd,1.000000,False,False,True,False,resolved
SYNTHETIC,J01888,C01888,check_mobile_payments,PAYMENT,self_service_candidate,web,2024-08-13T20:50:09Z,8.018504,1,1,web,True,True,web,1.000000,False,False,True,False,resolved
SYNTHETIC,J01889,C01889,check_usage,CONSUMPTION,self_service_candidate,ussd,2024-06-06T18:41:00Z,1.406451,1,1,ussd,True,True,ussd,1.000000,False,False,True,False,resolved
SYNTHETIC,J01890,C01890,customer_service,CONTACT,assisted,call,2024-08-04T04:54:12Z,6.511578,2,1,call > call,True,False,call,2.000000,True,False,False,False,resolved
SYNTHETIC,J01891,C01891,invoices,BILLING,self_service_candidate,app,2024-06-15T06:45:50Z,1.606205,1,1,app,True,True,app,1.000000,False,False,True,False,resolved
SYNTHETIC,J01892,C01892,report_problem,COMPLAINTS,complaint,web,2024-07-20T03:45:32Z,3.736125,3,3,web > app > call,False,False,,,True,True,True,True,chose_abandon
SYNTHETIC,J01893,C01893,report_problem,COMPLAINTS,complaint,web,2024-06-14T06:44:33Z,6.452550,2,2,web > app,True,False,app,2.000000,True,True,True,False,resolved
SYNTHETIC,J01894,C01894,dispute_invoice,BILLING,complaint,social,2024-08-25T17:38:38Z,10.293291,2,2,social > call,True,False,call,2.000000,True,True,True,True,resolved
SYNTHETIC,J01895,C01895,activate_roaming,SERVICES,assisted,ussd,2024-08-10T17:12:07Z,1.672812,2,1,ussd > ussd,True,False,ussd,2.000000,True,False,True,False,resolved
SYNTHETIC,J01896,C01896,activate_call_management_services,SERVICES,assisted,call,2024-07-25T13:22:39Z,3.899830,2,2,call > app,True,False,app,2.000000,True,True,False,False,resolved
SYNTHETIC,J01897,C01897,check_excess_data_charges,CONSUMPTION,self_service_candidate,ussd,2024-07-21T14:54:43Z,1.696910,3,2,ussd > call > call,True,False,call,3.000000,True,True,True,True,resolved
SYNTHETIC,J01898,C01898,activate_phone,SERVICES,assisted,web,2024-07-15T21:21:16Z,1.818800,3,2,web > call > call,True,False,call,3.000000,True,True,True,True,resolved
SYNTHETIC,J01899,C01899,human_agent,CONTACT,complaint,ussd,2024-06-28T11:29:59Z,0.634769,2,2,ussd > call,True,False,call,2.000000,True,True,True,True,resolved
SYNTHETIC,J01900,C01900,check_usage,CONSUMPTION,self_service_candidate,social,2024-06-30T09:47:01Z,17.470336,2,2,social > call,True,False,call,2.000000,True,True,True,True,resolved
SYNTHETIC,J01901,C01901,pay,PAYMENT,assisted,app,2024-08-08T04:50:51Z,3.428497,2,2,app > call,True,False,call,2.000000,True,True,True,True,resolved
SYNTHETIC,J01902,C01902,cancel_plan,SUBSCRIPTION,assisted,app,2024-06-23T15:30:06Z,3.711323,1,1,app,True,True,app,1.000000,False,False,True,False,resolved
SYNTHETIC,J01903,C01903,check_cancellation_fee,SUBSCRIPTION,self_service_candidate,ussd,2024-07-18T06:14:29Z,1.637241,2,2,ussd > call,True,False,call,2.000000,True,True,True,True,resolved
SYNTHETIC,J01904,C01904,check_usage,CONSUMPTION,self_service_candidate,ussd,2024-06-07T10:22:22Z,0.561703,1,1,ussd,True,True,ussd,1.000000,False,False,True,False,resolved
SYNTHETIC,J01905,C01905,check_mobile_payments,PAYMENT,self_service_candidate,ussd,2024-08-13T12:31:39Z,0.921233,1,1,ussd,True,True,ussd,1.000000,False,False,True,False,resolved
SYNTHETIC,J01906,C01906,change_plan,SUBSCRIPTION,assisted,app,2024-07-23T17:04:51Z,1.321639,1,1,app,True,True,app,1.000000,False,False,True,False,resolved
SYNTHETIC,J01907,C01907,change_plan,SUBSCRIPTION,assisted,ussd,2024-07-23T23:20:28Z,1.601575,1,1,ussd,True,True,ussd,1.000000,False,False,True,False,resolved
SYNTHETIC,J01908,C01908,check_mobile_payments,PAYMENT,self_service_candidate,web,2024-08-27T04:41:26Z,10.472206,1,1,web,True,True,web,1.000000,False,False,True,False,resolved
SYNTHETIC,J01909,C01909,invoices,BILLING,self_service_candidate,call,2024-07-24T16:26:24Z,7.889127,4,2,call > call > web > call,True,False,call,4.000000,True,True,False,False,resolved
SYNTHETIC,J01910,C01910,change_plan,SUBSCRIPTION,assisted,ussd,2024-06-11T02:30:08Z,0.787326,2,2,ussd > call,True,False,call,2.000000,True,True,True,True,resolved
SYNTHETIC,J01911,C01911,dispute_invoice,BILLING,complaint,ussd,2024-06-08T02:22:39Z,0.400008,4,3,ussd > call > social > call,False,False,,,True,True,True,True,max_contacts
SYNTHETIC,J01912,C01912,schedule_payments,PAYMENT,assisted,web,2024-08-03T13:41:04Z,13.004345,1,1,web,True,True,web,1.000000,False,False,True,False,resolved
SYNTHETIC,J01913,C01913,check_usage,CONSUMPTION,self_service_candidate,web,2024-06-18T14:17:54Z,4.771687,1,1,web,True,True,web,1.000000,False,False,True,False,resolved
SYNTHETIC,J01914,C01914,cancel_plan,SUBSCRIPTION,assisted,call,2024-08-09T01:23:12Z,6.149609,1,1,call,True,True,call,1.000000,False,False,False,False,resolved
SYNTHETIC,J01915,C01915,cancel_plan,SUBSCRIPTION,assisted,app,2024-08-12T06:52:41Z,2.271216,1,1,app,True,True,app,1.000000,False,False,True,False,resolved
SYNTHETIC,J01916,C01916,check_usage,CONSUMPTION,self_service_candidate,app,2024-07-08T02:37:50Z,1.471339,1,1,app,True,True,app,1.000000,False,False,True,False,resolved
SYNTHETIC,J01917,C01917,deactivate_phone,SERVICES,assisted,app,2024-06-27T01:14:43Z,1.904748,1,1,app,True,True,app,1.000000,False,False,True,False,resolved
SYNTHETIC,J01918,C01918,report_poor_signal_coverage,COMPLAINTS,complaint,ussd,2024-08-08T23:48:52Z,1.609250,2,2,ussd > call,False,False,,,True,True,True,True,chose_abandon
SYNTHETIC,J01919,C01919,report_problem,COMPLAINTS,complaint,ussd,2024-08-29T17:24:40Z,0.936255,4,3,ussd > social > web > ussd,False,False,,,True,True,True,False,max_contacts
SYNTHETIC,J01920,C01920,check_cancellation_fee,SUBSCRIPTION,self_service_candidate,ussd,2024-08-26T15:33:47Z,1.537915,1,1,ussd,True,True,ussd,1.000000,False,False,True,False,resolved
SYNTHETIC,J01921,C01921,schedule_payments,PAYMENT,assisted,social,2024-08-17T15:00:41Z,36.282385,2,2,social > call,True,False,call,2.000000,True,True,True,True,resolved
SYNTHETIC,J01922,C01922,report_poor_signal_coverage,COMPLAINTS,complaint,app,2024-06-30T04:44:51Z,4.658800,4,2,app > call > call > call,False,False,,,True,True,True,True,max_contacts
SYNTHETIC,J01923,C01923,check_usage,CONSUMPTION,self_service_candidate,ussd,2024-08-26T10:43:06Z,0.513044,2,2,ussd > call,True,False,call,2.000000,True,True,True,True,resolved
SYNTHETIC,J01924,C01924,activate_phone,SERVICES,assisted,web,2024-07-26T10:56:51Z,3.155978,1,1,web,True,True,web,1.000000,False,False,True,False,resolved
SYNTHETIC,J01925,C01925,get_compensation,COMPLAINTS,complaint,call,2024-07-04T12:20:06Z,3.546683,1,1,call,True,True,call,1.000000,False,False,False,False,resolved
SYNTHETIC,J01926,C01926,report_poor_signal_coverage,COMPLAINTS,complaint,ussd,2024-06-14T06:23:44Z,1.189156,4,4,ussd > web > app > call,False,False,,,True,True,True,True,max_contacts
SYNTHETIC,J01927,C01927,report_poor_signal_coverage,COMPLAINTS,complaint,call,2024-07-22T04:06:15Z,10.879085,1,1,call,True,True,call,1.000000,False,False,False,False,resolved
SYNTHETIC,J01928,C01928,schedule_payments,PAYMENT,assisted,ussd,2024-08-09T06:26:04Z,1.245772,1,1,ussd,True,True,ussd,1.000000,False,False,True,False,resolved
SYNTHETIC,J01929,C01929,activate_call_management_services,SERVICES,assisted,app,2024-06-27T16:20:57Z,1.519981,1,1,app,True,True,app,1.000000,False,False,True,False,resolved
SYNTHETIC,J01930,C01930,pay,PAYMENT,assisted,app,2024-06-27T14:28:22Z,0.870837,1,1,app,True,True,app,1.000000,False,False,True,False,resolved
SYNTHETIC,J01931,C01931,check_mobile_payments,PAYMENT,self_service_candidate,ussd,2024-06-22T06:38:10Z,0.531495,1,1,ussd,True,True,ussd,1.000000,False,False,True,False,resolved
SYNTHETIC,J01932,C01932,report_poor_signal_coverage,COMPLAINTS,complaint,ussd,2024-08-13T01:21:14Z,0.770270,2,2,ussd > call,False,False,,,True,True,True,True,chose_abandon
SYNTHETIC,J01933,C01933,check_signal_coverage,SERVICES,self_service_candidate,call,2024-06-13T03:10:06Z,2.387091,3,2,call > call > social,False,False,,,True,True,False,False,chose_abandon
SYNTHETIC,J01934,C01934,customer_service,CONTACT,assisted,call,2024-06-20T23:41:30Z,7.457363,1,1,call,True,True,call,1.000000,False,False,False,False,resolved
SYNTHETIC,J01935,C01935,dispute_invoice,BILLING,complaint,ussd,2024-08-07T22:34:54Z,1.473624,3,2,ussd > ussd > call,False,False,,,True,True,True,True,chose_abandon
SYNTHETIC,J01936,C01936,activate_roaming,SERVICES,assisted,call,2024-07-30T23:40:01Z,5.394327,1,1,call,True,True,call,1.000000,False,False,False,False,resolved
SYNTHETIC,J01937,C01937,cancel_plan,SUBSCRIPTION,assisted,app,2024-07-29T04:12:29Z,3.047336,1,1,app,True,True,app,1.000000,False,False,True,False,resolved
SYNTHETIC,J01938,C01938,check_signal_coverage,SERVICES,self_service_candidate,ussd,2024-08-19T09:30:19Z,1.373478,1,1,ussd,True,True,ussd,1.000000,False,False,True,False,resolved
SYNTHETIC,J01939,C01939,report_problem,COMPLAINTS,complaint,ussd,2024-07-12T07:56:32Z,0.586050,1,1,ussd,True,True,ussd,1.000000,False,False,True,False,resolved
SYNTHETIC,J01940,C01940,customer_service,CONTACT,assisted,app,2024-06-27T03:36:31Z,1.526159,2,2,app > ussd,True,False,ussd,2.000000,True,True,True,False,resolved
SYNTHETIC,J01941,C01941,change_plan,SUBSCRIPTION,assisted,call,2024-06-26T01:17:35Z,10.403824,1,1,call,True,True,call,1.000000,False,False,False,False,resolved
SYNTHETIC,J01942,C01942,cancel_plan,SUBSCRIPTION,assisted,call,2024-06-30T15:52:06Z,7.156789,1,1,call,True,True,call,1.000000,False,False,False,False,resolved
SYNTHETIC,J01943,C01943,install_internet,SERVICES,assisted,call,2024-08-03T19:59:32Z,5.168089,1,1,call,False,False,,,False,False,False,False,chose_abandon
SYNTHETIC,J01944,C01944,invoices,BILLING,self_service_candidate,ussd,2024-06-20T10:20:04Z,0.980942,2,1,ussd > ussd,True,False,ussd,2.000000,True,False,True,False,resolved
SYNTHETIC,J01945,C01945,check_signal_coverage,SERVICES,self_service_candidate,social,2024-07-24T16:25:05Z,29.032963,2,2,social > call,True,False,call,2.000000,True,True,True,True,resolved
SYNTHETIC,J01946,C01946,report_problem,COMPLAINTS,complaint,ussd,2024-08-12T00:34:29Z,1.093226,3,2,ussd > ussd > call,True,False,call,3.000000,True,True,True,True,resolved
SYNTHETIC,J01947,C01947,check_signal_coverage,SERVICES,self_service_candidate,app,2024-07-31T10:04:22Z,1.544593,1,1,app,True,True,app,1.000000,False,False,True,False,resolved
SYNTHETIC,J01948,C01948,schedule_payments,PAYMENT,assisted,ussd,2024-06-12T08:24:06Z,0.690480,3,2,ussd > call > call,True,False,call,3.000000,True,True,True,True,resolved
SYNTHETIC,J01949,C01949,check_usage,CONSUMPTION,self_service_candidate,ussd,2024-07-06T15:32:22Z,1.516607,1,1,ussd,True,True,ussd,1.000000,False,False,True,False,resolved
SYNTHETIC,J01950,C01950,check_excess_data_charges,CONSUMPTION,self_service_candidate,web,2024-08-01T03:44:45Z,3.404565,1,1,web,True,True,web,1.000000,False,False,True,False,resolved
SYNTHETIC,J01951,C01951,invoices,BILLING,self_service_candidate,call,2024-07-02T08:43:44Z,2.445294,1,1,call,True,True,call,1.000000,False,False,False,False,resolved
SYNTHETIC,J01952,C01952,install_internet,SERVICES,assisted,ussd,2024-07-15T14:46:57Z,1.141312,1,1,ussd,False,False,,,False,False,True,False,chose_abandon
SYNTHETIC,J01953,C01953,activate_roaming,SERVICES,assisted,app,2024-08-04T21:39:20Z,1.582476,1,1,app,False,False,,,False,False,True,False,chose_abandon
SYNTHETIC,J01954,C01954,check_usage,CONSUMPTION,self_service_candidate,ussd,2024-08-24T03:02:19Z,1.979466,1,1,ussd,True,True,ussd,1.000000,False,False,True,False,resolved
SYNTHETIC,J01955,C01955,check_excess_data_charges,CONSUMPTION,self_service_candidate,ussd,2024-08-31T22:04:14Z,0.613240,1,1,ussd,True,True,ussd,1.000000,False,False,True,False,resolved
SYNTHETIC,J01956,C01956,payment_methods,PAYMENT,self_service_candidate,call,2024-08-21T21:06:41Z,5.119056,1,1,call,True,True,call,1.000000,False,False,False,False,resolved
SYNTHETIC,J01957,C01957,check_usage,CONSUMPTION,self_service_candidate,app,2024-08-17T23:19:55Z,2.647472,3,3,app > social > call,False,False,,,True,True,True,True,chose_abandon
SYNTHETIC,J01958,C01958,invoices,BILLING,self_service_candidate,web,2024-06-24T04:34:16Z,4.208167,1,1,web,False,False,,,False,False,True,False,chose_abandon
SYNTHETIC,J01959,C01959,check_usage,CONSUMPTION,self_service_candidate,web,2024-08-30T00:54:18Z,4.237257,1,1,web,True,True,web,1.000000,False,False,True,False,resolved
SYNTHETIC,J01960,C01960,report_problem,COMPLAINTS,complaint,app,2024-07-06T00:49:48Z,2.672319,3,3,app > social > call,True,False,call,3.000000,True,True,True,True,resolved
SYNTHETIC,J01961,C01961,report_poor_signal_coverage,COMPLAINTS,complaint,social,2024-07-23T07:38:01Z,27.214617,1,1,social,False,False,,,False,False,True,False,chose_abandon
SYNTHETIC,J01962,C01962,dispute_invoice,BILLING,complaint,app,2024-07-06T09:11:45Z,1.122445,2,2,app > call,False,False,,,True,True,True,True,chose_abandon
SYNTHETIC,J01963,C01963,activate_call_management_services,SERVICES,assisted,app,2024-07-03T01:49:20Z,0.662991,1,1,app,True,True,app,1.000000,False,False,True,False,resolved
SYNTHETIC,J01964,C01964,invoices,BILLING,self_service_candidate,call,2024-06-26T18:31:08Z,5.106315,1,1,call,True,True,call,1.000000,False,False,False,False,resolved
SYNTHETIC,J01965,C01965,dispute_invoice,BILLING,complaint,ussd,2024-08-27T05:12:36Z,0.562700,1,1,ussd,False,False,,,False,False,True,False,chose_abandon
SYNTHETIC,J01966,C01966,human_agent,CONTACT,complaint,app,2024-07-17T17:47:24Z,2.093530,1,1,app,True,True,app,1.000000,False,False,True,False,resolved
SYNTHETIC,J01967,C01967,pay,PAYMENT,assisted,call,2024-07-28T00:03:08Z,1.823490,1,1,call,True,True,call,1.000000,False,False,False,False,resolved
SYNTHETIC,J01968,C01968,activate_phone,SERVICES,assisted,call,2024-08-16T02:27:20Z,9.061921,1,1,call,True,True,call,1.000000,False,False,False,False,resolved
SYNTHETIC,J01969,C01969,dispute_invoice,BILLING,complaint,call,2024-06-14T00:46:23Z,6.339875,1,1,call,True,True,call,1.000000,False,False,False,False,resolved
SYNTHETIC,J01970,C01970,report_problem,COMPLAINTS,complaint,social,2024-07-13T03:27:02Z,107.164097,1,1,social,True,True,social,1.000000,False,False,True,False,resolved
SYNTHETIC,J01971,C01971,report_poor_signal_coverage,COMPLAINTS,complaint,web,2024-08-13T09:24:58Z,10.910807,3,3,web > app > social,False,False,,,True,True,True,False,chose_abandon
SYNTHETIC,J01972,C01972,check_excess_data_charges,CONSUMPTION,self_service_candidate,ussd,2024-08-08T10:36:57Z,0.773504,1,1,ussd,True,True,ussd,1.000000,False,False,True,False,resolved
SYNTHETIC,J01973,C01973,human_agent,CONTACT,complaint,call,2024-07-02T09:19:27Z,4.614020,4,2,call > web > call > call,False,False,,,True,True,False,False,max_contacts
SYNTHETIC,J01974,C01974,pay,PAYMENT,assisted,app,2024-07-19T07:07:45Z,2.241331,2,2,app > call,True,False,call,2.000000,True,True,True,True,resolved
SYNTHETIC,J01975,C01975,pay,PAYMENT,assisted,web,2024-06-11T20:49:45Z,17.208899,1,1,web,True,True,web,1.000000,False,False,True,False,resolved
SYNTHETIC,J01976,C01976,change_plan,SUBSCRIPTION,assisted,ussd,2024-08-28T23:33:02Z,0.769094,1,1,ussd,False,False,,,False,False,True,False,chose_abandon
SYNTHETIC,J01977,C01977,check_signal_coverage,SERVICES,self_service_candidate,call,2024-06-22T12:22:46Z,11.799856,1,1,call,True,True,call,1.000000,False,False,False,False,resolved
SYNTHETIC,J01978,C01978,report_poor_signal_coverage,COMPLAINTS,complaint,app,2024-07-30T15:54:07Z,4.156718,1,1,app,True,True,app,1.000000,False,False,True,False,resolved
SYNTHETIC,J01979,C01979,activate_call_management_services,SERVICES,assisted,call,2024-08-26T07:17:43Z,5.807783,1,1,call,True,True,call,1.000000,False,False,False,False,resolved
SYNTHETIC,J01980,C01980,pay,PAYMENT,assisted,call,2024-08-03T06:36:47Z,2.041297,2,2,call > app,True,False,app,2.000000,True,True,False,False,resolved
SYNTHETIC,J01981,C01981,check_signal_coverage,SERVICES,self_service_candidate,app,2024-08-14T13:10:41Z,1.981628,1,1,app,True,True,app,1.000000,False,False,True,False,resolved
SYNTHETIC,J01982,C01982,human_agent,CONTACT,complaint,social,2024-06-30T16:24:24Z,74.693358,2,2,social > call,True,False,call,2.000000,True,True,True,True,resolved
SYNTHETIC,J01983,C01983,check_excess_data_charges,CONSUMPTION,self_service_candidate,app,2024-06-04T05:37:41Z,1.595998,1,1,app,True,True,app,1.000000,False,False,True,False,resolved
SYNTHETIC,J01984,C01984,sign_up_for_plan,SUBSCRIPTION,assisted,ussd,2024-06-09T10:36:08Z,0.498705,3,2,ussd > ussd > call,True,False,call,3.000000,True,True,True,True,resolved
SYNTHETIC,J01985,C01985,activate_phone,SERVICES,assisted,call,2024-07-13T20:45:33Z,8.610093,1,1,call,True,True,call,1.000000,False,False,False,False,resolved
SYNTHETIC,J01986,C01986,activate_roaming,SERVICES,assisted,ussd,2024-08-07T03:36:58Z,0.916770,4,2,ussd > ussd > call > call,True,False,call,4.000000,True,True,True,True,resolved
SYNTHETIC,J01987,C01987,get_compensation,COMPLAINTS,complaint,call,2024-07-12T18:48:52Z,3.510647,2,1,call > call,True,False,call,2.000000,True,False,False,False,resolved
SYNTHETIC,J01988,C01988,check_excess_data_charges,CONSUMPTION,self_service_candidate,app,2024-08-08T19:28:39Z,0.711505,2,2,app > call,True,False,call,2.000000,True,True,True,True,resolved
SYNTHETIC,J01989,C01989,report_problem,COMPLAINTS,complaint,app,2024-08-14T12:09:05Z,0.861299,4,2,app > social > social > social,False,False,,,True,True,True,False,max_contacts
SYNTHETIC,J01990,C01990,invoices,BILLING,self_service_candidate,app,2024-08-19T02:32:51Z,5.668512,1,1,app,True,True,app,1.000000,False,False,True,False,resolved
SYNTHETIC,J01991,C01991,invoices,BILLING,self_service_candidate,ussd,2024-07-16T21:52:26Z,1.557394,1,1,ussd,True,True,ussd,1.000000,False,False,True,False,resolved
SYNTHETIC,J01992,C01992,cancel_plan,SUBSCRIPTION,assisted,web,2024-06-26T12:48:31Z,3.929927,1,1,web,False,False,,,False,False,True,False,chose_abandon
SYNTHETIC,J01993,C01993,check_excess_data_charges,CONSUMPTION,self_service_candidate,social,2024-07-31T12:25:19Z,27.372884,1,1,social,True,True,social,1.000000,False,False,True,False,resolved
SYNTHETIC,J01994,C01994,check_usage,CONSUMPTION,self_service_candidate,ussd,2024-07-31T01:08:50Z,1.262370,1,1,ussd,True,True,ussd,1.000000,False,False,True,False,resolved
SYNTHETIC,J01995,C01995,dispute_invoice,BILLING,complaint,call,2024-08-07T07:24:42Z,5.856997,2,1,call > call,True,False,call,2.000000,True,False,False,False,resolved
SYNTHETIC,J01996,C01996,schedule_payments,PAYMENT,assisted,web,2024-08-06T20:24:53Z,9.695270,1,1,web,True,True,web,1.000000,False,False,True,False,resolved
SYNTHETIC,J01997,C01997,get_compensation,COMPLAINTS,complaint,ussd,2024-07-18T21:03:41Z,1.438027,3,3,ussd > app > call,True,False,call,3.000000,True,True,True,True,resolved
SYNTHETIC,J01998,C01998,sign_up_for_plan,SUBSCRIPTION,assisted,call,2024-07-08T11:56:13Z,6.841680,1,1,call,True,True,call,1.000000,False,False,False,False,resolved
SYNTHETIC,J01999,C01999,report_poor_signal_coverage,COMPLAINTS,complaint,call,2024-06-29T19:21:58Z,6.428121,1,1,call,True,True,call,1.000000,False,False,False,False,resolved
SYNTHETIC,J02000,C02000,deactivate_phone,SERVICES,assisted,app,2024-08-20T17:16:02Z,1.696443,1,1,app,True,True,app,1.000000,False,False,True,False,resolved
SYNTHETIC,J02001,C02001,check_cancellation_fee,SUBSCRIPTION,self_service_candidate,ussd,2024-06-11T20:36:35Z,1.057372,1,1,ussd,True,True,ussd,1.000000,False,False,True,False,resolved
SYNTHETIC,J02002,C02002,check_cancellation_fee,SUBSCRIPTION,self_service_candidate,app,2024-07-13T08:26:05Z,1.581639,1,1,app,True,True,app,1.000000,False,False,True,False,resolved
SYNTHETIC,J02003,C02003,activate_call_management_services,SERVICES,assisted,ussd,2024-08-15T02:37:07Z,0.954256,2,2,ussd > call,True,False,call,2.000000,True,True,True,True,resolved
SYNTHETIC,J02004,C02004,check_usage,CONSUMPTION,self_service_candidate,call,2024-07-06T18:25:24Z,7.150290,1,1,call,True,True,call,1.000000,False,False,False,False,resolved
SYNTHETIC,J02005,C02005,pay,PAYMENT,assisted,app,2024-06-16T15:06:00Z,2.754675,1,1,app,True,True,app,1.000000,False,False,True,False,resolved
SYNTHETIC,J02006,C02006,pay,PAYMENT,assisted,ussd,2024-06-08T06:10:32Z,1.483341,2,2,ussd > call,True,False,call,2.000000,True,True,True,True,resolved
SYNTHETIC,J02007,C02007,change_plan,SUBSCRIPTION,assisted,app,2024-08-26T17:17:24Z,1.557329,2,2,app > ussd,True,False,ussd,2.000000,True,True,True,False,resolved
SYNTHETIC,J02008,C02008,customer_service,CONTACT,assisted,social,2024-08-10T10:15:39Z,59.907913,3,2,social > web > web,True,False,web,3.000000,True,True,True,False,resolved
SYNTHETIC,J02009,C02009,report_problem,COMPLAINTS,complaint,ussd,2024-07-08T21:38:31Z,0.990193,3,2,ussd > call > call,True,False,call,3.000000,True,True,True,True,resolved
SYNTHETIC,J02010,C02010,dispute_invoice,BILLING,complaint,social,2024-07-31T01:22:48Z,39.822853,2,2,social > call,True,False,call,2.000000,True,True,True,True,resolved
SYNTHETIC,J02011,C02011,activate_roaming,SERVICES,assisted,web,2024-06-11T07:37:41Z,3.660426,4,3,web > call > app > app,False,False,,,True,True,True,True,max_contacts
SYNTHETIC,J02012,C02012,activate_roaming,SERVICES,assisted,social,2024-08-23T14:22:40Z,162.344032,1,1,social,True,True,social,1.000000,False,False,True,False,resolved
SYNTHETIC,J02013,C02013,sign_up_for_plan,SUBSCRIPTION,assisted,call,2024-08-24T10:01:14Z,9.659253,1,1,call,True,True,call,1.000000,False,False,False,False,resolved
SYNTHETIC,J02014,C02014,report_poor_signal_coverage,COMPLAINTS,complaint,web,2024-06-14T01:51:53Z,5.605217,4,4,web > ussd > social > call,False,False,,,True,True,True,True,max_contacts
SYNTHETIC,J02015,C02015,activate_phone,SERVICES,assisted,call,2024-07-16T13:59:15Z,5.913696,2,1,call > call,True,False,call,2.000000,True,False,False,False,resolved
SYNTHETIC,J02016,C02016,invoices,BILLING,self_service_candidate,web,2024-07-21T07:03:50Z,3.548917,1,1,web,True,True,web,1.000000,False,False,True,False,resolved
SYNTHETIC,J02017,C02017,schedule_payments,PAYMENT,assisted,ussd,2024-07-16T22:12:27Z,0.907596,2,2,ussd > call,True,False,call,2.000000,True,True,True,True,resolved
SYNTHETIC,J02018,C02018,change_provider,SUBSCRIPTION,assisted,ussd,2024-08-19T08:45:00Z,1.223585,1,1,ussd,True,True,ussd,1.000000,False,False,True,False,resolved
SYNTHETIC,J02019,C02019,check_usage,CONSUMPTION,self_service_candidate,web,2024-08-20T13:12:33Z,6.758980,1,1,web,True,True,web,1.000000,False,False,True,False,resolved
SYNTHETIC,J02020,C02020,schedule_payments,PAYMENT,assisted,ussd,2024-08-20T15:31:33Z,0.663938,1,1,ussd,True,True,ussd,1.000000,False,False,True,False,resolved
SYNTHETIC,J02021,C02021,check_excess_data_charges,CONSUMPTION,self_service_candidate,ussd,2024-07-23T07:20:37Z,0.961528,1,1,ussd,True,True,ussd,1.000000,False,False,True,False,resolved
SYNTHETIC,J02022,C02022,check_excess_data_charges,CONSUMPTION,self_service_candidate,app,2024-07-21T15:45:52Z,1.486921,1,1,app,True,True,app,1.000000,False,False,True,False,resolved
SYNTHETIC,J02023,C02023,deactivate_call_management_services,SERVICES,assisted,app,2024-08-31T01:01:03Z,1.107664,1,1,app,True,True,app,1.000000,False,False,True,False,resolved
SYNTHETIC,J02024,C02024,check_usage,CONSUMPTION,self_service_candidate,ussd,2024-08-03T22:16:33Z,0.406273,1,1,ussd,True,True,ussd,1.000000,False,False,True,False,resolved
SYNTHETIC,J02025,C02025,report_poor_signal_coverage,COMPLAINTS,complaint,social,2024-07-03T05:55:41Z,28.223226,1,1,social,False,False,,,False,False,True,False,chose_abandon
SYNTHETIC,J02026,C02026,check_cancellation_fee,SUBSCRIPTION,self_service_candidate,ussd,2024-06-14T04:17:41Z,0.438420,1,1,ussd,True,True,ussd,1.000000,False,False,True,False,resolved
SYNTHETIC,J02027,C02027,activate_phone,SERVICES,assisted,social,2024-07-01T07:01:56Z,42.195519,2,2,social > call,True,False,call,2.000000,True,True,True,True,resolved
SYNTHETIC,J02028,C02028,set_usage_limits,CONSUMPTION,assisted,app,2024-06-14T03:29:25Z,1.013324,4,3,app > social > call > call,True,False,call,4.000000,True,True,True,True,resolved
SYNTHETIC,J02029,C02029,check_mobile_payments,PAYMENT,self_service_candidate,ussd,2024-08-20T09:15:47Z,0.822311,2,2,ussd > app,True,False,app,2.000000,True,True,True,False,resolved
SYNTHETIC,J02030,C02030,install_internet,SERVICES,assisted,ussd,2024-07-30T21:25:20Z,3.420844,1,1,ussd,True,True,ussd,1.000000,False,False,True,False,resolved
SYNTHETIC,J02031,C02031,invoices,BILLING,self_service_candidate,app,2024-06-22T22:13:46Z,1.704125,1,1,app,True,True,app,1.000000,False,False,True,False,resolved
SYNTHETIC,J02032,C02032,get_compensation,COMPLAINTS,complaint,call,2024-06-30T15:52:25Z,6.912288,1,1,call,True,True,call,1.000000,False,False,False,False,resolved
SYNTHETIC,J02033,C02033,pay,PAYMENT,assisted,app,2024-08-21T01:17:07Z,2.240148,3,2,app > app > call,True,False,call,3.000000,True,True,True,True,resolved
SYNTHETIC,J02034,C02034,activate_call_management_services,SERVICES,assisted,ussd,2024-06-30T15:11:26Z,2.262154,1,1,ussd,True,True,ussd,1.000000,False,False,True,False,resolved
SYNTHETIC,J02035,C02035,payment_methods,PAYMENT,self_service_candidate,app,2024-08-29T12:43:34Z,1.190669,1,1,app,True,True,app,1.000000,False,False,True,False,resolved
SYNTHETIC,J02036,C02036,report_poor_signal_coverage,COMPLAINTS,complaint,app,2024-07-31T09:27:27Z,1.405112,4,2,app > app > app > web,False,False,,,True,True,True,False,max_contacts
SYNTHETIC,J02037,C02037,change_provider,SUBSCRIPTION,assisted,ussd,2024-08-08T22:42:01Z,1.067167,1,1,ussd,True,True,ussd,1.000000,False,False,True,False,resolved
SYNTHETIC,J02038,C02038,pay,PAYMENT,assisted,ussd,2024-06-07T05:17:16Z,1.191139,2,2,ussd > call,True,False,call,2.000000,True,True,True,True,resolved
SYNTHETIC,J02039,C02039,pay,PAYMENT,assisted,web,2024-06-18T18:27:39Z,3.445408,2,2,web > call,True,False,call,2.000000,True,True,True,True,resolved
SYNTHETIC,J02040,C02040,schedule_payments,PAYMENT,assisted,call,2024-06-13T23:34:35Z,6.033305,1,1,call,True,True,call,1.000000,False,False,False,False,resolved
SYNTHETIC,J02041,C02041,dispute_invoice,BILLING,complaint,web,2024-06-28T09:05:32Z,6.088457,2,2,web > app,True,False,app,2.000000,True,True,True,False,resolved
SYNTHETIC,J02042,C02042,check_cancellation_fee,SUBSCRIPTION,self_service_candidate,ussd,2024-07-30T18:03:48Z,1.028900,2,2,ussd > call,True,False,call,2.000000,True,True,True,True,resolved
SYNTHETIC,J02043,C02043,schedule_payments,PAYMENT,assisted,call,2024-06-04T18:45:56Z,14.495215,1,1,call,True,True,call,1.000000,False,False,False,False,resolved
SYNTHETIC,J02044,C02044,check_usage,CONSUMPTION,self_service_candidate,social,2024-06-22T13:52:08Z,59.881862,3,3,social > ussd > call,True,False,call,3.000000,True,True,True,True,resolved
SYNTHETIC,J02045,C02045,report_problem,COMPLAINTS,complaint,web,2024-08-19T13:41:29Z,2.390949,3,2,web > call > call,False,False,,,True,True,True,True,chose_abandon
SYNTHETIC,J02046,C02046,check_mobile_payments,PAYMENT,self_service_candidate,app,2024-08-02T01:27:35Z,3.560841,1,1,app,True,True,app,1.000000,False,False,True,False,resolved
SYNTHETIC,J02047,C02047,human_agent,CONTACT,complaint,call,2024-07-07T23:11:53Z,4.723993,1,1,call,True,True,call,1.000000,False,False,False,False,resolved
SYNTHETIC,J02048,C02048,report_problem,COMPLAINTS,complaint,call,2024-07-11T05:26:09Z,5.991477,1,1,call,True,True,call,1.000000,False,False,False,False,resolved
SYNTHETIC,J02049,C02049,check_usage,CONSUMPTION,self_service_candidate,call,2024-06-12T02:05:23Z,3.403957,1,1,call,True,True,call,1.000000,False,False,False,False,resolved
SYNTHETIC,J02050,C02050,activate_phone,SERVICES,assisted,app,2024-09-01T02:10:08Z,1.606874,1,1,app,True,True,app,1.000000,False,False,True,False,resolved
SYNTHETIC,J02051,C02051,invoices,BILLING,self_service_candidate,call,2024-08-29T07:04:10Z,5.836109,1,1,call,False,False,,,False,False,False,False,chose_abandon
SYNTHETIC,J02052,C02052,pay,PAYMENT,assisted,app,2024-06-26T06:22:50Z,1.661928,1,1,app,True,True,app,1.000000,False,False,True,False,resolved
SYNTHETIC,J02053,C02053,check_usage,CONSUMPTION,self_service_candidate,ussd,2024-08-17T15:32:43Z,0.799506,2,2,ussd > call,False,False,,,True,True,True,True,chose_abandon
SYNTHETIC,J02054,C02054,deactivate_call_management_services,SERVICES,assisted,web,2024-07-05T19:03:09Z,6.456948,1,1,web,True,True,web,1.000000,False,False,True,False,resolved
SYNTHETIC,J02055,C02055,install_internet,SERVICES,assisted,call,2024-08-08T06:44:48Z,5.061654,1,1,call,True,True,call,1.000000,False,False,False,False,resolved
SYNTHETIC,J02056,C02056,invoices,BILLING,self_service_candidate,app,2024-06-24T17:33:05Z,3.305639,1,1,app,True,True,app,1.000000,False,False,True,False,resolved
SYNTHETIC,J02057,C02057,check_mobile_payments,PAYMENT,self_service_candidate,call,2024-06-06T17:49:51Z,7.224957,1,1,call,True,True,call,1.000000,False,False,False,False,resolved
SYNTHETIC,J02058,C02058,invoices,BILLING,self_service_candidate,ussd,2024-07-12T23:07:44Z,1.126485,1,1,ussd,True,True,ussd,1.000000,False,False,True,False,resolved
SYNTHETIC,J02059,C02059,payment_methods,PAYMENT,self_service_candidate,ussd,2024-06-19T20:31:57Z,0.865991,1,1,ussd,True,True,ussd,1.000000,False,False,True,False,resolved
SYNTHETIC,J02060,C02060,invoices,BILLING,self_service_candidate,ussd,2024-08-09T10:32:09Z,0.750342,1,1,ussd,True,True,ussd,1.000000,False,False,True,False,resolved
SYNTHETIC,J02061,C02061,report_poor_signal_coverage,COMPLAINTS,complaint,ussd,2024-08-21T03:22:07Z,0.371023,2,1,ussd > ussd,False,False,,,True,False,True,False,chose_abandon
SYNTHETIC,J02062,C02062,schedule_payments,PAYMENT,assisted,app,2024-08-13T17:53:01Z,1.730494,1,1,app,True,True,app,1.000000,False,False,True,False,resolved
SYNTHETIC,J02063,C02063,pay,PAYMENT,assisted,social,2024-07-19T17:48:53Z,86.617254,2,2,social > call,False,False,,,True,True,True,True,chose_abandon
SYNTHETIC,J02064,C02064,activate_phone,SERVICES,assisted,app,2024-07-20T06:38:46Z,3.300734,1,1,app,True,True,app,1.000000,False,False,True,False,resolved
SYNTHETIC,J02065,C02065,check_usage,CONSUMPTION,self_service_candidate,app,2024-07-03T09:56:17Z,1.954866,1,1,app,True,True,app,1.000000,False,False,True,False,resolved
SYNTHETIC,J02066,C02066,check_signal_coverage,SERVICES,self_service_candidate,ussd,2024-06-11T08:38:57Z,1.168200,1,1,ussd,True,True,ussd,1.000000,False,False,True,False,resolved
SYNTHETIC,J02067,C02067,invoices,BILLING,self_service_candidate,app,2024-06-27T23:22:36Z,2.413617,1,1,app,True,True,app,1.000000,False,False,True,False,resolved
SYNTHETIC,J02068,C02068,pay,PAYMENT,assisted,ussd,2024-08-06T22:26:03Z,0.968467,2,2,ussd > call,True,False,call,2.000000,True,True,True,True,resolved
SYNTHETIC,J02069,C02069,dispute_invoice,BILLING,complaint,ussd,2024-06-11T06:39:29Z,0.760270,2,2,ussd > call,True,False,call,2.000000,True,True,True,True,resolved
SYNTHETIC,J02070,C02070,check_mobile_payments,PAYMENT,self_service_candidate,web,2024-08-18T05:45:56Z,1.445231,1,1,web,True,True,web,1.000000,False,False,True,False,resolved
SYNTHETIC,J02071,C02071,change_plan,SUBSCRIPTION,assisted,app,2024-08-14T17:41:42Z,2.353622,2,2,app > call,True,False,call,2.000000,True,True,True,True,resolved
SYNTHETIC,J02072,C02072,customer_service,CONTACT,assisted,social,2024-07-02T19:38:01Z,35.378360,4,4,social > call > ussd > app,True,False,app,4.000000,True,True,True,True,resolved
SYNTHETIC,J02073,C02073,install_internet,SERVICES,assisted,call,2024-08-19T21:09:51Z,6.434167,3,2,call > ussd > call,True,False,call,3.000000,True,True,False,False,resolved
SYNTHETIC,J02074,C02074,customer_service,CONTACT,assisted,ussd,2024-08-21T22:29:23Z,0.690032,2,2,ussd > call,True,False,call,2.000000,True,True,True,True,resolved
SYNTHETIC,J02075,C02075,check_usage,CONSUMPTION,self_service_candidate,ussd,2024-07-04T00:30:11Z,0.691339,1,1,ussd,True,True,ussd,1.000000,False,False,True,False,resolved
SYNTHETIC,J02076,C02076,human_agent,CONTACT,complaint,web,2024-08-21T08:40:33Z,7.105875,3,2,web > call > call,True,False,call,3.000000,True,True,True,True,resolved
SYNTHETIC,J02077,C02077,sign_up_for_plan,SUBSCRIPTION,assisted,call,2024-06-20T02:50:57Z,13.767674,1,1,call,True,True,call,1.000000,False,False,False,False,resolved
SYNTHETIC,J02078,C02078,check_usage,CONSUMPTION,self_service_candidate,app,2024-07-08T17:47:40Z,2.609554,1,1,app,True,True,app,1.000000,False,False,True,False,resolved
SYNTHETIC,J02079,C02079,schedule_payments,PAYMENT,assisted,app,2024-07-08T05:36:11Z,2.888957,4,3,app > ussd > ussd > web,False,False,,,True,True,True,False,max_contacts
SYNTHETIC,J02080,C02080,payment_methods,PAYMENT,self_service_candidate,app,2024-06-14T01:13:55Z,1.741586,1,1,app,True,True,app,1.000000,False,False,True,False,resolved
SYNTHETIC,J02081,C02081,deactivate_call_management_services,SERVICES,assisted,web,2024-08-11T11:49:48Z,2.904525,2,1,web > web,True,False,web,2.000000,True,False,True,False,resolved
SYNTHETIC,J02082,C02082,schedule_payments,PAYMENT,assisted,web,2024-06-25T06:41:50Z,5.007653,1,1,web,True,True,web,1.000000,False,False,True,False,resolved
SYNTHETIC,J02083,C02083,sign_up_for_plan,SUBSCRIPTION,assisted,app,2024-07-16T13:28:15Z,1.636174,2,2,app > call,True,False,call,2.000000,True,True,True,True,resolved
SYNTHETIC,J02084,C02084,dispute_invoice,BILLING,complaint,ussd,2024-06-18T12:44:45Z,1.597030,4,2,ussd > call > call > call,False,False,,,True,True,True,True,max_contacts
SYNTHETIC,J02085,C02085,change_plan,SUBSCRIPTION,assisted,web,2024-08-07T15:38:07Z,11.323582,2,2,web > social,True,False,social,2.000000,True,True,True,False,resolved
SYNTHETIC,J02086,C02086,cancel_plan,SUBSCRIPTION,assisted,web,2024-06-06T13:40:30Z,2.452027,1,1,web,True,True,web,1.000000,False,False,True,False,resolved
SYNTHETIC,J02087,C02087,pay,PAYMENT,assisted,ussd,2024-08-02T02:01:26Z,1.409508,1,1,ussd,True,True,ussd,1.000000,False,False,True,False,resolved
SYNTHETIC,J02088,C02088,check_usage,CONSUMPTION,self_service_candidate,call,2024-07-26T13:29:52Z,12.459423,1,1,call,True,True,call,1.000000,False,False,False,False,resolved
SYNTHETIC,J02089,C02089,change_provider,SUBSCRIPTION,assisted,ussd,2024-08-04T18:57:44Z,1.335981,1,1,ussd,True,True,ussd,1.000000,False,False,True,False,resolved
SYNTHETIC,J02090,C02090,invoices,BILLING,self_service_candidate,app,2024-06-09T13:17:19Z,1.153646,1,1,app,True,True,app,1.000000,False,False,True,False,resolved
SYNTHETIC,J02091,C02091,check_excess_data_charges,CONSUMPTION,self_service_candidate,ussd,2024-07-22T18:34:49Z,1.010137,1,1,ussd,True,True,ussd,1.000000,False,False,True,False,resolved
SYNTHETIC,J02092,C02092,report_problem,COMPLAINTS,complaint,web,2024-06-03T06:04:45Z,10.469687,2,2,web > ussd,True,False,ussd,2.000000,True,True,True,False,resolved
SYNTHETIC,J02093,C02093,change_plan,SUBSCRIPTION,assisted,web,2024-08-26T07:45:59Z,2.889586,2,2,web > app,True,False,app,2.000000,True,True,True,False,resolved
SYNTHETIC,J02094,C02094,pay,PAYMENT,assisted,app,2024-06-21T16:23:26Z,3.704459,1,1,app,True,True,app,1.000000,False,False,True,False,resolved
SYNTHETIC,J02095,C02095,deactivate_call_management_services,SERVICES,assisted,web,2024-06-04T23:21:34Z,2.862945,3,3,web > ussd > call,True,False,call,3.000000,True,True,True,True,resolved
SYNTHETIC,J02096,C02096,check_excess_data_charges,CONSUMPTION,self_service_candidate,app,2024-07-31T15:25:18Z,1.505854,2,2,app > call,True,False,call,2.000000,True,True,True,True,resolved
SYNTHETIC,J02097,C02097,human_agent,CONTACT,complaint,social,2024-08-26T07:09:32Z,40.294670,3,3,social > web > call,True,False,call,3.000000,True,True,True,True,resolved
SYNTHETIC,J02098,C02098,pay,PAYMENT,assisted,web,2024-07-16T23:12:05Z,3.877372,2,2,web > call,True,False,call,2.000000,True,True,True,True,resolved
SYNTHETIC,J02099,C02099,dispute_invoice,BILLING,complaint,app,2024-08-30T22:31:51Z,1.043849,1,1,app,True,True,app,1.000000,False,False,True,False,resolved
SYNTHETIC,J02100,C02100,payment_methods,PAYMENT,self_service_candidate,call,2024-08-04T15:33:33Z,7.613609,1,1,call,True,True,call,1.000000,False,False,False,False,resolved
SYNTHETIC,J02101,C02101,invoices,BILLING,self_service_candidate,call,2024-07-23T05:56:04Z,7.206295,1,1,call,True,True,call,1.000000,False,False,False,False,resolved
SYNTHETIC,J02102,C02102,check_usage,CONSUMPTION,self_service_candidate,call,2024-06-26T04:42:52Z,8.002460,1,1,call,True,True,call,1.000000,False,False,False,False,resolved
SYNTHETIC,J02103,C02103,activate_phone,SERVICES,assisted,app,2024-06-26T03:55:23Z,0.799643,4,3,app > app > social > call,True,False,call,4.000000,True,True,True,True,resolved
SYNTHETIC,J02104,C02104,cancel_plan,SUBSCRIPTION,assisted,ussd,2024-06-16T22:57:39Z,1.015667,2,1,ussd > ussd,True,False,ussd,2.000000,True,False,True,False,resolved
SYNTHETIC,J02105,C02105,report_problem,COMPLAINTS,complaint,call,2024-07-16T16:26:26Z,3.081272,1,1,call,True,True,call,1.000000,False,False,False,False,resolved
SYNTHETIC,J02106,C02106,check_excess_data_charges,CONSUMPTION,self_service_candidate,call,2024-08-04T05:39:06Z,4.785979,1,1,call,True,True,call,1.000000,False,False,False,False,resolved
SYNTHETIC,J02107,C02107,check_usage,CONSUMPTION,self_service_candidate,ussd,2024-06-28T19:25:40Z,1.887778,2,2,ussd > call,True,False,call,2.000000,True,True,True,True,resolved
SYNTHETIC,J02108,C02108,invoices,BILLING,self_service_candidate,social,2024-07-25T07:36:13Z,33.364435,2,2,social > call,True,False,call,2.000000,True,True,True,True,resolved
SYNTHETIC,J02109,C02109,change_provider,SUBSCRIPTION,assisted,app,2024-07-31T15:53:14Z,2.385613,1,1,app,True,True,app,1.000000,False,False,True,False,resolved
SYNTHETIC,J02110,C02110,activate_phone,SERVICES,assisted,ussd,2024-07-03T12:55:57Z,0.763633,1,1,ussd,True,True,ussd,1.000000,False,False,True,False,resolved
SYNTHETIC,J02111,C02111,invoices,BILLING,self_service_candidate,ussd,2024-07-30T09:50:55Z,0.899037,1,1,ussd,True,True,ussd,1.000000,False,False,True,False,resolved
SYNTHETIC,J02112,C02112,check_mobile_payments,PAYMENT,self_service_candidate,app,2024-06-03T09:17:17Z,1.413280,1,1,app,True,True,app,1.000000,False,False,True,False,resolved
SYNTHETIC,J02113,C02113,set_usage_limits,CONSUMPTION,assisted,social,2024-08-07T07:17:20Z,19.010797,3,2,social > call > call,False,False,,,True,True,True,True,chose_abandon
SYNTHETIC,J02114,C02114,check_usage,CONSUMPTION,self_service_candidate,social,2024-07-11T23:10:04Z,32.495750,4,2,social > call > call > call,True,False,call,4.000000,True,True,True,True,resolved
SYNTHETIC,J02115,C02115,check_usage,CONSUMPTION,self_service_candidate,call,2024-08-04T12:08:15Z,8.514717,1,1,call,True,True,call,1.000000,False,False,False,False,resolved
SYNTHETIC,J02116,C02116,report_problem,COMPLAINTS,complaint,ussd,2024-08-05T11:25:57Z,1.238365,2,2,ussd > call,True,False,call,2.000000,True,True,True,True,resolved
SYNTHETIC,J02117,C02117,get_compensation,COMPLAINTS,complaint,call,2024-07-14T21:26:25Z,15.837223,1,1,call,True,True,call,1.000000,False,False,False,False,resolved
SYNTHETIC,J02118,C02118,dispute_invoice,BILLING,complaint,ussd,2024-06-08T14:16:04Z,0.650844,1,1,ussd,True,True,ussd,1.000000,False,False,True,False,resolved
SYNTHETIC,J02119,C02119,deactivate_phone,SERVICES,assisted,ussd,2024-07-15T13:58:11Z,1.160099,2,2,ussd > call,True,False,call,2.000000,True,True,True,True,resolved
SYNTHETIC,J02120,C02120,check_usage,CONSUMPTION,self_service_candidate,ussd,2024-07-09T01:09:03Z,0.806027,1,1,ussd,True,True,ussd,1.000000,False,False,True,False,resolved
SYNTHETIC,J02121,C02121,check_excess_data_charges,CONSUMPTION,self_service_candidate,ussd,2024-07-11T14:50:09Z,1.688096,1,1,ussd,True,True,ussd,1.000000,False,False,True,False,resolved
SYNTHETIC,J02122,C02122,payment_methods,PAYMENT,self_service_candidate,ussd,2024-07-18T07:21:21Z,1.285446,1,1,ussd,True,True,ussd,1.000000,False,False,True,False,resolved
SYNTHETIC,J02123,C02123,invoices,BILLING,self_service_candidate,web,2024-07-22T11:46:56Z,1.298158,3,2,web > call > call,True,False,call,3.000000,True,True,True,True,resolved
SYNTHETIC,J02124,C02124,check_signal_coverage,SERVICES,self_service_candidate,web,2024-07-26T15:37:39Z,5.522611,1,1,web,True,True,web,1.000000,False,False,True,False,resolved
SYNTHETIC,J02125,C02125,pay,PAYMENT,assisted,web,2024-06-09T02:37:11Z,10.567614,1,1,web,True,True,web,1.000000,False,False,True,False,resolved
SYNTHETIC,J02126,C02126,dispute_invoice,BILLING,complaint,call,2024-06-11T13:22:04Z,4.729469,1,1,call,True,True,call,1.000000,False,False,False,False,resolved
SYNTHETIC,J02127,C02127,dispute_invoice,BILLING,complaint,call,2024-06-06T12:03:27Z,3.085503,1,1,call,True,True,call,1.000000,False,False,False,False,resolved
SYNTHETIC,J02128,C02128,payment_methods,PAYMENT,self_service_candidate,call,2024-07-28T09:12:25Z,7.409525,1,1,call,True,True,call,1.000000,False,False,False,False,resolved
SYNTHETIC,J02129,C02129,customer_service,CONTACT,assisted,ussd,2024-07-14T18:25:24Z,1.415666,2,2,ussd > app,True,False,app,2.000000,True,True,True,False,resolved
SYNTHETIC,J02130,C02130,customer_service,CONTACT,assisted,call,2024-06-16T00:34:40Z,5.146674,1,1,call,True,True,call,1.000000,False,False,False,False,resolved
SYNTHETIC,J02131,C02131,check_usage,CONSUMPTION,self_service_candidate,ussd,2024-06-28T20:06:17Z,1.606268,1,1,ussd,True,True,ussd,1.000000,False,False,True,False,resolved
SYNTHETIC,J02132,C02132,check_mobile_payments,PAYMENT,self_service_candidate,app,2024-08-06T04:49:13Z,3.165741,3,2,app > social > app,True,False,app,3.000000,True,True,True,False,resolved
SYNTHETIC,J02133,C02133,dispute_invoice,BILLING,complaint,call,2024-08-31T03:32:19Z,4.955688,1,1,call,True,True,call,1.000000,False,False,False,False,resolved
SYNTHETIC,J02134,C02134,get_compensation,COMPLAINTS,complaint,ussd,2024-06-16T12:33:56Z,0.655824,3,2,ussd > app > ussd,False,False,,,True,True,True,False,chose_abandon
SYNTHETIC,J02135,C02135,check_usage,CONSUMPTION,self_service_candidate,ussd,2024-06-09T06:29:30Z,0.649641,1,1,ussd,True,True,ussd,1.000000,False,False,True,False,resolved
SYNTHETIC,J02136,C02136,report_poor_signal_coverage,COMPLAINTS,complaint,app,2024-08-02T05:40:10Z,2.350912,1,1,app,False,False,,,False,False,True,False,chose_abandon
SYNTHETIC,J02137,C02137,activate_phone,SERVICES,assisted,web,2024-06-20T22:44:56Z,5.183729,1,1,web,True,True,web,1.000000,False,False,True,False,resolved
SYNTHETIC,J02138,C02138,check_mobile_payments,PAYMENT,self_service_candidate,social,2024-07-24T07:35:35Z,13.983206,1,1,social,False,False,,,False,False,True,False,chose_abandon
SYNTHETIC,J02139,C02139,check_mobile_payments,PAYMENT,self_service_candidate,ussd,2024-06-15T07:46:59Z,1.532762,1,1,ussd,True,True,ussd,1.000000,False,False,True,False,resolved
SYNTHETIC,J02140,C02140,deactivate_phone,SERVICES,assisted,social,2024-08-31T05:21:16Z,17.505370,2,2,social > call,True,False,call,2.000000,True,True,True,True,resolved
SYNTHETIC,J02141,C02141,check_mobile_payments,PAYMENT,self_service_candidate,web,2024-07-12T22:46:50Z,2.966002,2,2,web > call,True,False,call,2.000000,True,True,True,True,resolved
SYNTHETIC,J02142,C02142,check_excess_data_charges,CONSUMPTION,self_service_candidate,ussd,2024-06-08T23:19:49Z,2.273875,3,2,ussd > call > ussd,True,False,ussd,3.000000,True,True,True,True,resolved
SYNTHETIC,J02143,C02143,activate_roaming,SERVICES,assisted,call,2024-06-22T07:07:08Z,5.916850,1,1,call,True,True,call,1.000000,False,False,False,False,resolved
SYNTHETIC,J02144,C02144,schedule_payments,PAYMENT,assisted,ussd,2024-08-08T05:32:35Z,0.803413,4,2,ussd > ussd > ussd > app,False,False,,,True,True,True,False,max_contacts
SYNTHETIC,J02145,C02145,check_usage,CONSUMPTION,self_service_candidate,call,2024-08-09T14:30:10Z,4.881364,2,1,call > call,True,False,call,2.000000,True,False,False,False,resolved
SYNTHETIC,J02146,C02146,check_usage,CONSUMPTION,self_service_candidate,ussd,2024-07-09T00:04:34Z,0.795175,1,1,ussd,True,True,ussd,1.000000,False,False,True,False,resolved
SYNTHETIC,J02147,C02147,activate_roaming,SERVICES,assisted,ussd,2024-06-28T02:27:37Z,0.893477,1,1,ussd,True,True,ussd,1.000000,False,False,True,False,resolved
SYNTHETIC,J02148,C02148,report_problem,COMPLAINTS,complaint,call,2024-07-09T15:27:45Z,9.253501,2,1,call > call,True,False,call,2.000000,True,False,False,False,resolved
SYNTHETIC,J02149,C02149,report_problem,COMPLAINTS,complaint,social,2024-06-24T19:35:00Z,20.931033,4,2,social > social > call > call,True,False,call,4.000000,True,True,True,True,resolved
SYNTHETIC,J02150,C02150,check_usage,CONSUMPTION,self_service_candidate,ussd,2024-08-12T22:58:13Z,0.806037,1,1,ussd,True,True,ussd,1.000000,False,False,True,False,resolved
SYNTHETIC,J02151,C02151,change_provider,SUBSCRIPTION,assisted,web,2024-06-20T21:34:46Z,7.919552,1,1,web,True,True,web,1.000000,False,False,True,False,resolved
SYNTHETIC,J02152,C02152,pay,PAYMENT,assisted,call,2024-06-26T23:03:29Z,16.765307,1,1,call,True,True,call,1.000000,False,False,False,False,resolved
SYNTHETIC,J02153,C02153,customer_service,CONTACT,assisted,call,2024-08-26T07:31:24Z,4.608917,1,1,call,True,True,call,1.000000,False,False,False,False,resolved
SYNTHETIC,J02154,C02154,invoices,BILLING,self_service_candidate,call,2024-08-25T11:45:20Z,6.625176,1,1,call,True,True,call,1.000000,False,False,False,False,resolved
SYNTHETIC,J02155,C02155,pay,PAYMENT,assisted,web,2024-08-09T04:45:32Z,5.924275,1,1,web,True,True,web,1.000000,False,False,True,False,resolved
SYNTHETIC,J02156,C02156,change_plan,SUBSCRIPTION,assisted,ussd,2024-07-12T14:47:17Z,0.477674,1,1,ussd,True,True,ussd,1.000000,False,False,True,False,resolved
SYNTHETIC,J02157,C02157,check_excess_data_charges,CONSUMPTION,self_service_candidate,social,2024-07-11T19:26:21Z,10.990806,1,1,social,False,False,,,False,False,True,False,chose_abandon
SYNTHETIC,J02158,C02158,check_excess_data_charges,CONSUMPTION,self_service_candidate,ussd,2024-07-06T23:01:28Z,0.790438,3,2,ussd > app > app,False,False,,,True,True,True,False,chose_abandon
SYNTHETIC,J02159,C02159,check_usage,CONSUMPTION,self_service_candidate,call,2024-07-21T20:37:21Z,2.219910,2,1,call > call,True,False,call,2.000000,True,False,False,False,resolved
SYNTHETIC,J02160,C02160,check_usage,CONSUMPTION,self_service_candidate,ussd,2024-06-29T11:08:37Z,0.948626,1,1,ussd,True,True,ussd,1.000000,False,False,True,False,resolved
SYNTHETIC,J02161,C02161,check_usage,CONSUMPTION,self_service_candidate,ussd,2024-07-15T04:17:39Z,0.903005,1,1,ussd,True,True,ussd,1.000000,False,False,True,False,resolved
SYNTHETIC,J02162,C02162,report_poor_signal_coverage,COMPLAINTS,complaint,ussd,2024-07-20T13:50:14Z,2.404940,2,2,ussd > call,True,False,call,2.000000,True,True,True,True,resolved
SYNTHETIC,J02163,C02163,schedule_payments,PAYMENT,assisted,social,2024-08-02T07:20:46Z,36.466841,1,1,social,False,False,,,False,False,True,False,chose_abandon
SYNTHETIC,J02164,C02164,customer_service,CONTACT,assisted,call,2024-07-18T15:34:37Z,5.439866,1,1,call,True,True,call,1.000000,False,False,False,False,resolved
SYNTHETIC,J02165,C02165,check_usage,CONSUMPTION,self_service_candidate,call,2024-08-10T07:23:23Z,5.173772,1,1,call,True,True,call,1.000000,False,False,False,False,resolved
SYNTHETIC,J02166,C02166,install_internet,SERVICES,assisted,ussd,2024-07-16T06:18:45Z,1.016207,4,3,ussd > app > call > call,True,False,call,4.000000,True,True,True,True,resolved
SYNTHETIC,J02167,C02167,set_usage_limits,CONSUMPTION,assisted,call,2024-08-15T22:16:26Z,6.585583,1,1,call,True,True,call,1.000000,False,False,False,False,resolved
SYNTHETIC,J02168,C02168,check_cancellation_fee,SUBSCRIPTION,self_service_candidate,app,2024-08-21T21:02:23Z,3.202720,1,1,app,True,True,app,1.000000,False,False,True,False,resolved
SYNTHETIC,J02169,C02169,cancel_plan,SUBSCRIPTION,assisted,ussd,2024-08-23T05:43:26Z,1.322352,1,1,ussd,True,True,ussd,1.000000,False,False,True,False,resolved
SYNTHETIC,J02170,C02170,dispute_invoice,BILLING,complaint,call,2024-07-30T20:43:33Z,7.099568,1,1,call,False,False,,,False,False,False,False,chose_abandon
SYNTHETIC,J02171,C02171,check_usage,CONSUMPTION,self_service_candidate,app,2024-07-07T18:02:52Z,3.880769,2,2,app > call,True,False,call,2.000000,True,True,True,True,resolved
SYNTHETIC,J02172,C02172,check_mobile_payments,PAYMENT,self_service_candidate,app,2024-08-05T16:30:49Z,1.841529,1,1,app,True,True,app,1.000000,False,False,True,False,resolved
SYNTHETIC,J02173,C02173,activate_phone,SERVICES,assisted,call,2024-06-30T12:45:40Z,6.063623,1,1,call,True,True,call,1.000000,False,False,False,False,resolved
SYNTHETIC,J02174,C02174,check_usage,CONSUMPTION,self_service_candidate,ussd,2024-08-24T22:31:22Z,1.027020,1,1,ussd,True,True,ussd,1.000000,False,False,True,False,resolved
SYNTHETIC,J02175,C02175,deactivate_phone,SERVICES,assisted,app,2024-06-20T07:21:32Z,1.295134,3,3,app > social > call,False,False,,,True,True,True,True,chose_abandon
SYNTHETIC,J02176,C02176,invoices,BILLING,self_service_candidate,call,2024-06-22T16:49:31Z,3.845741,1,1,call,True,True,call,1.000000,False,False,False,False,resolved
SYNTHETIC,J02177,C02177,report_problem,COMPLAINTS,complaint,social,2024-08-07T21:07:11Z,65.542233,4,2,social > call > call > call,False,False,,,True,True,True,True,max_contacts
SYNTHETIC,J02178,C02178,change_plan,SUBSCRIPTION,assisted,web,2024-06-16T22:26:32Z,4.775126,2,2,web > call,True,False,call,2.000000,True,True,True,True,resolved
SYNTHETIC,J02179,C02179,get_compensation,COMPLAINTS,complaint,app,2024-07-09T20:30:41Z,1.809708,1,1,app,False,False,,,False,False,True,False,chose_abandon
SYNTHETIC,J02180,C02180,get_compensation,COMPLAINTS,complaint,app,2024-06-14T09:48:02Z,1.267067,1,1,app,False,False,,,False,False,True,False,chose_abandon
SYNTHETIC,J02181,C02181,check_excess_data_charges,CONSUMPTION,self_service_candidate,ussd,2024-07-31T05:10:16Z,1.727676,3,2,ussd > call > call,True,False,call,3.000000,True,True,True,True,resolved
SYNTHETIC,J02182,C02182,report_poor_signal_coverage,COMPLAINTS,complaint,ussd,2024-08-18T06:22:51Z,0.918413,3,2,ussd > ussd > call,True,False,call,3.000000,True,True,True,True,resolved
SYNTHETIC,J02183,C02183,invoices,BILLING,self_service_candidate,call,2024-08-17T01:28:16Z,9.890839,2,2,call > ussd,True,False,ussd,2.000000,True,True,False,False,resolved
SYNTHETIC,J02184,C02184,invoices,BILLING,self_service_candidate,ussd,2024-08-04T00:13:49Z,0.431214,1,1,ussd,False,False,,,False,False,True,False,chose_abandon
SYNTHETIC,J02185,C02185,change_plan,SUBSCRIPTION,assisted,call,2024-08-09T08:32:12Z,4.774066,1,1,call,True,True,call,1.000000,False,False,False,False,resolved
SYNTHETIC,J02186,C02186,cancel_plan,SUBSCRIPTION,assisted,ussd,2024-06-07T03:48:48Z,1.239650,1,1,ussd,True,True,ussd,1.000000,False,False,True,False,resolved
SYNTHETIC,J02187,C02187,get_compensation,COMPLAINTS,complaint,web,2024-08-04T20:03:20Z,1.779987,2,2,web > call,True,False,call,2.000000,True,True,True,True,resolved
SYNTHETIC,J02188,C02188,customer_service,CONTACT,assisted,call,2024-07-19T03:25:27Z,10.258548,4,2,call > call > social > call,False,False,,,True,True,False,False,max_contacts
SYNTHETIC,J02189,C02189,check_excess_data_charges,CONSUMPTION,self_service_candidate,web,2024-07-30T07:42:30Z,8.699442,1,1,web,True,True,web,1.000000,False,False,True,False,resolved
SYNTHETIC,J02190,C02190,dispute_invoice,BILLING,complaint,ussd,2024-06-10T14:10:13Z,1.385991,4,1,ussd > ussd > ussd > ussd,False,False,,,True,False,True,False,max_contacts
SYNTHETIC,J02191,C02191,pay,PAYMENT,assisted,call,2024-06-14T19:23:11Z,2.782841,1,1,call,True,True,call,1.000000,False,False,False,False,resolved
SYNTHETIC,J02192,C02192,activate_roaming,SERVICES,assisted,ussd,2024-08-21T08:09:34Z,2.153476,1,1,ussd,False,False,,,False,False,True,False,chose_abandon
SYNTHETIC,J02193,C02193,report_problem,COMPLAINTS,complaint,app,2024-07-02T14:24:56Z,5.345568,1,1,app,False,False,,,False,False,True,False,chose_abandon
SYNTHETIC,J02194,C02194,change_plan,SUBSCRIPTION,assisted,ussd,2024-07-29T13:16:04Z,0.983155,1,1,ussd,True,True,ussd,1.000000,False,False,True,False,resolved
SYNTHETIC,J02195,C02195,activate_roaming,SERVICES,assisted,call,2024-07-13T03:59:45Z,5.822194,1,1,call,True,True,call,1.000000,False,False,False,False,resolved
SYNTHETIC,J02196,C02196,report_problem,COMPLAINTS,complaint,call,2024-08-31T22:28:46Z,5.446275,1,1,call,True,True,call,1.000000,False,False,False,False,resolved
SYNTHETIC,J02197,C02197,check_excess_data_charges,CONSUMPTION,self_service_candidate,app,2024-06-09T18:00:08Z,2.712297,1,1,app,True,True,app,1.000000,False,False,True,False,resolved
SYNTHETIC,J02198,C02198,check_usage,CONSUMPTION,self_service_candidate,call,2024-08-23T04:20:33Z,10.276677,1,1,call,True,True,call,1.000000,False,False,False,False,resolved
SYNTHETIC,J02199,C02199,human_agent,CONTACT,complaint,call,2024-06-25T13:21:55Z,4.172804,1,1,call,True,True,call,1.000000,False,False,False,False,resolved
SYNTHETIC,J02200,C02200,report_problem,COMPLAINTS,complaint,call,2024-07-03T01:24:08Z,4.278415,4,2,call > call > social > call,False,False,,,True,True,False,False,max_contacts
SYNTHETIC,J02201,C02201,report_poor_signal_coverage,COMPLAINTS,complaint,ussd,2024-08-18T23:19:04Z,0.992643,2,2,ussd > call,True,False,call,2.000000,True,True,True,True,resolved
SYNTHETIC,J02202,C02202,pay,PAYMENT,assisted,app,2024-07-21T11:16:48Z,2.782205,1,1,app,True,True,app,1.000000,False,False,True,False,resolved
SYNTHETIC,J02203,C02203,install_internet,SERVICES,assisted,web,2024-08-02T03:26:11Z,1.902510,4,2,web > call > call > call,False,False,,,True,True,True,True,max_contacts
SYNTHETIC,J02204,C02204,check_usage,CONSUMPTION,self_service_candidate,social,2024-08-30T04:50:28Z,20.314755,2,2,social > app,True,False,app,2.000000,True,True,True,False,resolved
SYNTHETIC,J02205,C02205,report_problem,COMPLAINTS,complaint,web,2024-06-12T19:07:04Z,5.760934,1,1,web,False,False,,,False,False,True,False,chose_abandon
SYNTHETIC,J02206,C02206,pay,PAYMENT,assisted,call,2024-07-07T09:29:40Z,8.760590,1,1,call,True,True,call,1.000000,False,False,False,False,resolved
SYNTHETIC,J02207,C02207,pay,PAYMENT,assisted,app,2024-08-17T19:38:00Z,1.590438,1,1,app,True,True,app,1.000000,False,False,True,False,resolved
SYNTHETIC,J02208,C02208,dispute_invoice,BILLING,complaint,web,2024-06-30T00:59:22Z,2.893091,2,2,web > call,True,False,call,2.000000,True,True,True,True,resolved
SYNTHETIC,J02209,C02209,invoices,BILLING,self_service_candidate,ussd,2024-08-22T17:58:11Z,1.439233,1,1,ussd,True,True,ussd,1.000000,False,False,True,False,resolved
SYNTHETIC,J02210,C02210,check_signal_coverage,SERVICES,self_service_candidate,ussd,2024-06-22T20:19:33Z,0.864076,2,1,ussd > ussd,True,False,ussd,2.000000,True,False,True,False,resolved
SYNTHETIC,J02211,C02211,activate_call_management_services,SERVICES,assisted,call,2024-06-06T02:21:39Z,10.582643,1,1,call,False,False,,,False,False,False,False,chose_abandon
SYNTHETIC,J02212,C02212,activate_call_management_services,SERVICES,assisted,ussd,2024-07-27T21:39:55Z,1.264309,1,1,ussd,True,True,ussd,1.000000,False,False,True,False,resolved
SYNTHETIC,J02213,C02213,change_plan,SUBSCRIPTION,assisted,call,2024-08-25T08:45:34Z,8.069181,3,1,call > call > call,True,False,call,3.000000,True,False,False,False,resolved
SYNTHETIC,J02214,C02214,invoices,BILLING,self_service_candidate,app,2024-06-15T15:37:01Z,0.759726,1,1,app,True,True,app,1.000000,False,False,True,False,resolved
SYNTHETIC,J02215,C02215,human_agent,CONTACT,complaint,call,2024-07-09T20:07:45Z,4.908675,2,1,call > call,False,False,,,True,False,False,False,chose_abandon
SYNTHETIC,J02216,C02216,dispute_invoice,BILLING,complaint,app,2024-06-29T19:28:25Z,2.078046,1,1,app,False,False,,,False,False,True,False,chose_abandon
SYNTHETIC,J02217,C02217,check_usage,CONSUMPTION,self_service_candidate,web,2024-08-07T21:22:21Z,3.067939,1,1,web,True,True,web,1.000000,False,False,True,False,resolved
SYNTHETIC,J02218,C02218,invoices,BILLING,self_service_candidate,call,2024-06-11T11:28:48Z,9.203337,1,1,call,True,True,call,1.000000,False,False,False,False,resolved
SYNTHETIC,J02219,C02219,report_problem,COMPLAINTS,complaint,ussd,2024-06-12T11:30:03Z,0.786644,2,2,ussd > call,True,False,call,2.000000,True,True,True,True,resolved
SYNTHETIC,J02220,C02220,report_poor_signal_coverage,COMPLAINTS,complaint,app,2024-07-06T08:44:47Z,2.718070,2,2,app > call,True,False,call,2.000000,True,True,True,True,resolved
SYNTHETIC,J02221,C02221,check_usage,CONSUMPTION,self_service_candidate,app,2024-07-17T16:03:51Z,0.954953,1,1,app,True,True,app,1.000000,False,False,True,False,resolved
SYNTHETIC,J02222,C02222,pay,PAYMENT,assisted,app,2024-08-06T08:07:52Z,1.269709,1,1,app,True,True,app,1.000000,False,False,True,False,resolved
SYNTHETIC,J02223,C02223,report_problem,COMPLAINTS,complaint,ussd,2024-07-20T07:30:23Z,1.114736,2,2,ussd > call,True,False,call,2.000000,True,True,True,True,resolved
SYNTHETIC,J02224,C02224,activate_phone,SERVICES,assisted,ussd,2024-08-05T15:22:50Z,1.455535,2,2,ussd > call,True,False,call,2.000000,True,True,True,True,resolved
SYNTHETIC,J02225,C02225,pay,PAYMENT,assisted,social,2024-07-07T12:22:43Z,9.865265,2,2,social > call,True,False,call,2.000000,True,True,True,True,resolved
SYNTHETIC,J02226,C02226,install_internet,SERVICES,assisted,ussd,2024-07-01T23:35:05Z,1.164296,4,3,ussd > ussd > web > call,False,False,,,True,True,True,True,max_contacts
SYNTHETIC,J02227,C02227,check_excess_data_charges,CONSUMPTION,self_service_candidate,ussd,2024-06-23T12:13:21Z,0.445222,1,1,ussd,True,True,ussd,1.000000,False,False,True,False,resolved
SYNTHETIC,J02228,C02228,schedule_payments,PAYMENT,assisted,app,2024-06-11T19:33:06Z,1.956752,1,1,app,True,True,app,1.000000,False,False,True,False,resolved
SYNTHETIC,J02229,C02229,deactivate_call_management_services,SERVICES,assisted,ussd,2024-07-11T22:01:17Z,0.605749,1,1,ussd,True,True,ussd,1.000000,False,False,True,False,resolved
SYNTHETIC,J02230,C02230,invoices,BILLING,self_service_candidate,ussd,2024-06-28T23:30:39Z,1.568612,1,1,ussd,True,True,ussd,1.000000,False,False,True,False,resolved
SYNTHETIC,J02231,C02231,activate_roaming,SERVICES,assisted,call,2024-08-28T21:34:44Z,8.745409,1,1,call,True,True,call,1.000000,False,False,False,False,resolved
SYNTHETIC,J02232,C02232,check_signal_coverage,SERVICES,self_service_candidate,web,2024-07-27T23:34:11Z,4.696621,1,1,web,True,True,web,1.000000,False,False,True,False,resolved
SYNTHETIC,J02233,C02233,report_problem,COMPLAINTS,complaint,web,2024-06-19T06:39:30Z,9.844238,2,2,web > call,True,False,call,2.000000,True,True,True,True,resolved
SYNTHETIC,J02234,C02234,customer_service,CONTACT,assisted,call,2024-08-23T12:24:41Z,11.840345,1,1,call,True,True,call,1.000000,False,False,False,False,resolved
SYNTHETIC,J02235,C02235,pay,PAYMENT,assisted,call,2024-07-16T13:06:01Z,7.541882,1,1,call,True,True,call,1.000000,False,False,False,False,resolved
SYNTHETIC,J02236,C02236,cancel_plan,SUBSCRIPTION,assisted,call,2024-07-10T10:59:54Z,9.616075,1,1,call,True,True,call,1.000000,False,False,False,False,resolved
SYNTHETIC,J02237,C02237,set_usage_limits,CONSUMPTION,assisted,call,2024-07-16T14:42:30Z,5.273554,1,1,call,True,True,call,1.000000,False,False,False,False,resolved
SYNTHETIC,J02238,C02238,check_usage,CONSUMPTION,self_service_candidate,call,2024-07-15T03:49:03Z,6.299107,1,1,call,True,True,call,1.000000,False,False,False,False,resolved
SYNTHETIC,J02239,C02239,check_usage,CONSUMPTION,self_service_candidate,web,2024-06-12T15:48:40Z,2.079470,1,1,web,True,True,web,1.000000,False,False,True,False,resolved
SYNTHETIC,J02240,C02240,report_poor_signal_coverage,COMPLAINTS,complaint,social,2024-08-19T05:56:08Z,38.904534,4,2,social > call > call > call,False,False,,,True,True,True,True,max_contacts
SYNTHETIC,J02241,C02241,human_agent,CONTACT,complaint,call,2024-08-12T15:12:03Z,10.023767,1,1,call,False,False,,,False,False,False,False,chose_abandon
SYNTHETIC,J02242,C02242,install_internet,SERVICES,assisted,app,2024-08-25T00:55:13Z,2.760924,1,1,app,True,True,app,1.000000,False,False,True,False,resolved
SYNTHETIC,J02243,C02243,invoices,BILLING,self_service_candidate,ussd,2024-06-12T03:19:16Z,0.893414,1,1,ussd,True,True,ussd,1.000000,False,False,True,False,resolved
SYNTHETIC,J02244,C02244,check_usage,CONSUMPTION,self_service_candidate,web,2024-08-20T05:09:06Z,3.036479,1,1,web,True,True,web,1.000000,False,False,True,False,resolved
SYNTHETIC,J02245,C02245,check_usage,CONSUMPTION,self_service_candidate,app,2024-07-23T18:25:55Z,3.103773,1,1,app,True,True,app,1.000000,False,False,True,False,resolved
SYNTHETIC,J02246,C02246,get_compensation,COMPLAINTS,complaint,web,2024-07-03T15:43:40Z,6.561530,4,3,web > ussd > call > call,False,False,,,True,True,True,True,max_contacts
SYNTHETIC,J02247,C02247,report_poor_signal_coverage,COMPLAINTS,complaint,app,2024-07-29T09:56:01Z,2.435160,4,2,app > app > call > call,False,False,,,True,True,True,True,max_contacts
SYNTHETIC,J02248,C02248,pay,PAYMENT,assisted,app,2024-09-01T02:47:13Z,2.873243,2,2,app > call,True,False,call,2.000000,True,True,True,True,resolved
SYNTHETIC,J02249,C02249,check_mobile_payments,PAYMENT,self_service_candidate,ussd,2024-06-21T10:03:58Z,1.085531,1,1,ussd,True,True,ussd,1.000000,False,False,True,False,resolved
SYNTHETIC,J02250,C02250,invoices,BILLING,self_service_candidate,ussd,2024-08-23T20:29:55Z,0.907226,1,1,ussd,True,True,ussd,1.000000,False,False,True,False,resolved
SYNTHETIC,J02251,C02251,pay,PAYMENT,assisted,ussd,2024-07-02T10:35:58Z,1.178145,1,1,ussd,True,True,ussd,1.000000,False,False,True,False,resolved
SYNTHETIC,J02252,C02252,human_agent,CONTACT,complaint,call,2024-06-14T05:53:11Z,6.530523,1,1,call,True,True,call,1.000000,False,False,False,False,resolved
SYNTHETIC,J02253,C02253,report_poor_signal_coverage,COMPLAINTS,complaint,call,2024-06-17T17:51:46Z,31.001881,2,2,call > app,True,False,app,2.000000,True,True,False,False,resolved
SYNTHETIC,J02254,C02254,check_excess_data_charges,CONSUMPTION,self_service_candidate,call,2024-07-02T10:25:09Z,12.903459,1,1,call,True,True,call,1.000000,False,False,False,False,resolved
SYNTHETIC,J02255,C02255,pay,PAYMENT,assisted,app,2024-06-20T13:45:25Z,1.952958,2,2,app > call,False,False,,,True,True,True,True,chose_abandon
SYNTHETIC,J02256,C02256,check_cancellation_fee,SUBSCRIPTION,self_service_candidate,ussd,2024-06-25T11:36:31Z,1.087004,1,1,ussd,True,True,ussd,1.000000,False,False,True,False,resolved
SYNTHETIC,J02257,C02257,activate_roaming,SERVICES,assisted,call,2024-06-09T23:14:09Z,6.715963,1,1,call,True,True,call,1.000000,False,False,False,False,resolved
SYNTHETIC,J02258,C02258,human_agent,CONTACT,complaint,ussd,2024-06-22T12:29:04Z,0.820896,3,2,ussd > ussd > call,True,False,call,3.000000,True,True,True,True,resolved
SYNTHETIC,J02259,C02259,check_mobile_payments,PAYMENT,self_service_candidate,app,2024-06-21T01:37:26Z,2.560335,2,2,app > ussd,True,False,ussd,2.000000,True,True,True,False,resolved
SYNTHETIC,J02260,C02260,report_problem,COMPLAINTS,complaint,ussd,2024-06-13T09:50:48Z,0.641402,1,1,ussd,False,False,,,False,False,True,False,chose_abandon
SYNTHETIC,J02261,C02261,check_usage,CONSUMPTION,self_service_candidate,app,2024-06-12T16:34:20Z,4.931394,1,1,app,True,True,app,1.000000,False,False,True,False,resolved
SYNTHETIC,J02262,C02262,change_plan,SUBSCRIPTION,assisted,app,2024-08-23T09:05:08Z,0.934493,4,2,app > call > call > call,False,False,,,True,True,True,True,max_contacts
SYNTHETIC,J02263,C02263,activate_roaming,SERVICES,assisted,ussd,2024-07-15T14:43:15Z,0.680959,2,2,ussd > call,True,False,call,2.000000,True,True,True,True,resolved
SYNTHETIC,J02264,C02264,change_plan,SUBSCRIPTION,assisted,social,2024-08-10T06:25:07Z,44.960239,2,2,social > web,True,False,web,2.000000,True,True,True,False,resolved
SYNTHETIC,J02265,C02265,dispute_invoice,BILLING,complaint,ussd,2024-08-13T05:05:37Z,1.470968,2,2,ussd > call,False,False,,,True,True,True,True,chose_abandon
SYNTHETIC,J02266,C02266,payment_methods,PAYMENT,self_service_candidate,app,2024-08-30T10:11:35Z,1.233116,2,1,app > app,True,False,app,2.000000,True,False,True,False,resolved
SYNTHETIC,J02267,C02267,pay,PAYMENT,assisted,app,2024-07-08T17:36:06Z,2.144403,3,3,app > ussd > call,True,False,call,3.000000,True,True,True,True,resolved
SYNTHETIC,J02268,C02268,activate_roaming,SERVICES,assisted,call,2024-08-09T09:06:31Z,10.802894,3,2,call > call > ussd,False,False,,,True,True,False,False,chose_abandon
SYNTHETIC,J02269,C02269,check_mobile_payments,PAYMENT,self_service_candidate,call,2024-08-02T06:36:32Z,13.217308,1,1,call,True,True,call,1.000000,False,False,False,False,resolved
SYNTHETIC,J02270,C02270,pay,PAYMENT,assisted,app,2024-08-02T22:42:23Z,2.960650,1,1,app,True,True,app,1.000000,False,False,True,False,resolved
SYNTHETIC,J02271,C02271,check_signal_coverage,SERVICES,self_service_candidate,social,2024-07-28T12:47:28Z,57.320538,2,2,social > call,True,False,call,2.000000,True,True,True,True,resolved
SYNTHETIC,J02272,C02272,check_usage,CONSUMPTION,self_service_candidate,ussd,2024-06-17T04:08:02Z,1.302004,2,2,ussd > call,True,False,call,2.000000,True,True,True,True,resolved
SYNTHETIC,J02273,C02273,check_usage,CONSUMPTION,self_service_candidate,ussd,2024-08-23T09:55:47Z,0.771523,1,1,ussd,True,True,ussd,1.000000,False,False,True,False,resolved
SYNTHETIC,J02274,C02274,check_usage,CONSUMPTION,self_service_candidate,app,2024-07-27T06:59:39Z,2.457273,1,1,app,True,True,app,1.000000,False,False,True,False,resolved
SYNTHETIC,J02275,C02275,report_problem,COMPLAINTS,complaint,app,2024-06-20T20:32:34Z,1.072456,1,1,app,True,True,app,1.000000,False,False,True,False,resolved
SYNTHETIC,J02276,C02276,activate_call_management_services,SERVICES,assisted,call,2024-06-14T19:00:42Z,4.150101,1,1,call,True,True,call,1.000000,False,False,False,False,resolved
SYNTHETIC,J02277,C02277,change_plan,SUBSCRIPTION,assisted,ussd,2024-07-19T06:56:06Z,0.760208,1,1,ussd,False,False,,,False,False,True,False,chose_abandon
SYNTHETIC,J02278,C02278,human_agent,CONTACT,complaint,web,2024-07-21T17:06:05Z,2.638988,2,2,web > call,False,False,,,True,True,True,True,chose_abandon
SYNTHETIC,J02279,C02279,schedule_payments,PAYMENT,assisted,app,2024-07-09T05:14:32Z,1.359047,1,1,app,True,True,app,1.000000,False,False,True,False,resolved
SYNTHETIC,J02280,C02280,invoices,BILLING,self_service_candidate,call,2024-07-27T09:58:00Z,11.853275,1,1,call,True,True,call,1.000000,False,False,False,False,resolved
SYNTHETIC,J02281,C02281,activate_phone,SERVICES,assisted,web,2024-07-08T10:46:21Z,3.433235,1,1,web,True,True,web,1.000000,False,False,True,False,resolved
SYNTHETIC,J02282,C02282,check_usage,CONSUMPTION,self_service_candidate,ussd,2024-06-29T15:10:34Z,1.211483,1,1,ussd,True,True,ussd,1.000000,False,False,True,False,resolved
SYNTHETIC,J02283,C02283,check_usage,CONSUMPTION,self_service_candidate,ussd,2024-06-12T00:47:05Z,0.917160,1,1,ussd,True,True,ussd,1.000000,False,False,True,False,resolved
SYNTHETIC,J02284,C02284,customer_service,CONTACT,assisted,social,2024-06-25T09:04:56Z,80.586740,1,1,social,True,True,social,1.000000,False,False,True,False,resolved
SYNTHETIC,J02285,C02285,report_problem,COMPLAINTS,complaint,app,2024-08-24T18:28:52Z,2.387494,2,2,app > ussd,True,False,ussd,2.000000,True,True,True,False,resolved
SYNTHETIC,J02286,C02286,check_mobile_payments,PAYMENT,self_service_candidate,ussd,2024-06-27T13:56:57Z,1.148994,1,1,ussd,True,True,ussd,1.000000,False,False,True,False,resolved
SYNTHETIC,J02287,C02287,set_usage_limits,CONSUMPTION,assisted,ussd,2024-07-25T06:58:25Z,1.162332,2,2,ussd > call,True,False,call,2.000000,True,True,True,True,resolved
SYNTHETIC,J02288,C02288,sign_up_for_plan,SUBSCRIPTION,assisted,web,2024-08-10T01:12:59Z,4.019058,1,1,web,True,True,web,1.000000,False,False,True,False,resolved
SYNTHETIC,J02289,C02289,invoices,BILLING,self_service_candidate,ussd,2024-07-14T04:43:22Z,1.637043,1,1,ussd,True,True,ussd,1.000000,False,False,True,False,resolved
SYNTHETIC,J02290,C02290,check_usage,CONSUMPTION,self_service_candidate,ussd,2024-08-27T16:42:11Z,2.772165,1,1,ussd,True,True,ussd,1.000000,False,False,True,False,resolved
SYNTHETIC,J02291,C02291,schedule_payments,PAYMENT,assisted,ussd,2024-06-22T01:35:03Z,0.894898,3,2,ussd > call > call,True,False,call,3.000000,True,True,True,True,resolved
SYNTHETIC,J02292,C02292,pay,PAYMENT,assisted,ussd,2024-07-08T09:09:14Z,1.463246,4,2,ussd > ussd > ussd > call,False,False,,,True,True,True,True,max_contacts
SYNTHETIC,J02293,C02293,invoices,BILLING,self_service_candidate,ussd,2024-08-22T12:35:20Z,0.703528,1,1,ussd,True,True,ussd,1.000000,False,False,True,False,resolved
SYNTHETIC,J02294,C02294,schedule_payments,PAYMENT,assisted,ussd,2024-07-30T04:55:16Z,0.950113,2,2,ussd > call,True,False,call,2.000000,True,True,True,True,resolved
SYNTHETIC,J02295,C02295,report_poor_signal_coverage,COMPLAINTS,complaint,app,2024-07-05T14:52:43Z,2.984242,2,2,app > call,True,False,call,2.000000,True,True,True,True,resolved
SYNTHETIC,J02296,C02296,check_usage,CONSUMPTION,self_service_candidate,app,2024-06-20T16:51:10Z,1.716392,2,2,app > call,True,False,call,2.000000,True,True,True,True,resolved
SYNTHETIC,J02297,C02297,activate_phone,SERVICES,assisted,ussd,2024-08-26T20:25:51Z,0.848900,2,2,ussd > call,True,False,call,2.000000,True,True,True,True,resolved
SYNTHETIC,J02298,C02298,invoices,BILLING,self_service_candidate,app,2024-06-24T02:11:20Z,3.590924,1,1,app,True,True,app,1.000000,False,False,True,False,resolved
SYNTHETIC,J02299,C02299,human_agent,CONTACT,complaint,ussd,2024-07-11T00:15:44Z,0.968185,4,3,ussd > call > app > call,True,False,call,4.000000,True,True,True,True,resolved
SYNTHETIC,J02300,C02300,deactivate_phone,SERVICES,assisted,ussd,2024-07-20T09:36:04Z,0.735308,2,2,ussd > call,True,False,call,2.000000,True,True,True,True,resolved
SYNTHETIC,J02301,C02301,check_usage,CONSUMPTION,self_service_candidate,call,2024-08-13T11:47:34Z,32.027040,1,1,call,True,True,call,1.000000,False,False,False,False,resolved
SYNTHETIC,J02302,C02302,invoices,BILLING,self_service_candidate,ussd,2024-09-01T05:41:13Z,1.370010,1,1,ussd,True,True,ussd,1.000000,False,False,True,False,resolved
SYNTHETIC,J02303,C02303,install_internet,SERVICES,assisted,social,2024-06-30T12:24:26Z,32.221057,4,3,social > app > app > web,True,False,web,4.000000,True,True,True,False,resolved
SYNTHETIC,J02304,C02304,cancel_plan,SUBSCRIPTION,assisted,app,2024-08-09T10:47:17Z,1.661200,2,2,app > call,True,False,call,2.000000,True,True,True,True,resolved
SYNTHETIC,J02305,C02305,invoices,BILLING,self_service_candidate,ussd,2024-07-01T03:22:01Z,1.389978,2,2,ussd > call,True,False,call,2.000000,True,True,True,True,resolved
SYNTHETIC,J02306,C02306,report_problem,COMPLAINTS,complaint,call,2024-08-30T03:36:16Z,4.552285,1,1,call,True,True,call,1.000000,False,False,False,False,resolved
SYNTHETIC,J02307,C02307,dispute_invoice,BILLING,complaint,app,2024-07-14T08:15:57Z,1.392696,2,2,app > call,True,False,call,2.000000,True,True,True,True,resolved
SYNTHETIC,J02308,C02308,cancel_plan,SUBSCRIPTION,assisted,app,2024-08-19T10:20:51Z,3.308888,3,2,app > call > call,True,False,call,3.000000,True,True,True,True,resolved
SYNTHETIC,J02309,C02309,activate_roaming,SERVICES,assisted,call,2024-07-20T05:45:43Z,2.851559,1,1,call,True,True,call,1.000000,False,False,False,False,resolved
SYNTHETIC,J02310,C02310,check_excess_data_charges,CONSUMPTION,self_service_candidate,call,2024-08-25T11:19:16Z,6.282093,1,1,call,True,True,call,1.000000,False,False,False,False,resolved
SYNTHETIC,J02311,C02311,change_provider,SUBSCRIPTION,assisted,ussd,2024-07-09T00:26:19Z,0.811104,2,1,ussd > ussd,True,False,ussd,2.000000,True,False,True,False,resolved
SYNTHETIC,J02312,C02312,pay,PAYMENT,assisted,app,2024-07-11T13:58:58Z,1.937878,1,1,app,True,True,app,1.000000,False,False,True,False,resolved
SYNTHETIC,J02313,C02313,check_excess_data_charges,CONSUMPTION,self_service_candidate,call,2024-06-21T14:15:52Z,2.952686,1,1,call,True,True,call,1.000000,False,False,False,False,resolved
SYNTHETIC,J02314,C02314,payment_methods,PAYMENT,self_service_candidate,app,2024-07-15T18:01:06Z,2.374660,1,1,app,True,True,app,1.000000,False,False,True,False,resolved
SYNTHETIC,J02315,C02315,dispute_invoice,BILLING,complaint,web,2024-08-14T11:40:45Z,5.146802,1,1,web,False,False,,,False,False,True,False,chose_abandon
SYNTHETIC,J02316,C02316,check_usage,CONSUMPTION,self_service_candidate,web,2024-07-29T23:32:39Z,4.186685,1,1,web,True,True,web,1.000000,False,False,True,False,resolved
SYNTHETIC,J02317,C02317,invoices,BILLING,self_service_candidate,web,2024-07-26T18:33:49Z,2.281775,1,1,web,True,True,web,1.000000,False,False,True,False,resolved
SYNTHETIC,J02318,C02318,pay,PAYMENT,assisted,app,2024-07-11T18:48:54Z,4.686518,1,1,app,True,True,app,1.000000,False,False,True,False,resolved
SYNTHETIC,J02319,C02319,deactivate_phone,SERVICES,assisted,web,2024-08-18T04:48:01Z,6.370068,1,1,web,False,False,,,False,False,True,False,chose_abandon
SYNTHETIC,J02320,C02320,activate_roaming,SERVICES,assisted,ussd,2024-06-09T19:40:35Z,1.929197,1,1,ussd,False,False,,,False,False,True,False,chose_abandon
SYNTHETIC,J02321,C02321,get_compensation,COMPLAINTS,complaint,web,2024-07-22T01:58:12Z,3.685203,4,2,web > social > social > social,False,False,,,True,True,True,False,max_contacts
SYNTHETIC,J02322,C02322,check_mobile_payments,PAYMENT,self_service_candidate,call,2024-07-17T16:55:12Z,4.550906,2,1,call > call,True,False,call,2.000000,True,False,False,False,resolved
SYNTHETIC,J02323,C02323,change_plan,SUBSCRIPTION,assisted,social,2024-07-05T16:31:44Z,18.332084,2,2,social > call,True,False,call,2.000000,True,True,True,True,resolved
SYNTHETIC,J02324,C02324,invoices,BILLING,self_service_candidate,call,2024-06-15T14:24:39Z,8.799705,1,1,call,True,True,call,1.000000,False,False,False,False,resolved
SYNTHETIC,J02325,C02325,pay,PAYMENT,assisted,web,2024-06-21T01:08:12Z,10.240357,1,1,web,True,True,web,1.000000,False,False,True,False,resolved
SYNTHETIC,J02326,C02326,sign_up_for_plan,SUBSCRIPTION,assisted,ussd,2024-08-27T07:07:37Z,0.796961,1,1,ussd,True,True,ussd,1.000000,False,False,True,False,resolved
SYNTHETIC,J02327,C02327,invoices,BILLING,self_service_candidate,call,2024-07-20T01:19:16Z,5.137884,1,1,call,True,True,call,1.000000,False,False,False,False,resolved
SYNTHETIC,J02328,C02328,cancel_plan,SUBSCRIPTION,assisted,ussd,2024-07-05T19:10:55Z,1.380072,1,1,ussd,True,True,ussd,1.000000,False,False,True,False,resolved
SYNTHETIC,J02329,C02329,invoices,BILLING,self_service_candidate,call,2024-06-04T03:37:59Z,2.491122,1,1,call,True,True,call,1.000000,False,False,False,False,resolved
SYNTHETIC,J02330,C02330,sign_up_for_plan,SUBSCRIPTION,assisted,call,2024-06-24T16:13:22Z,2.140399,2,1,call > call,True,False,call,2.000000,True,False,False,False,resolved
SYNTHETIC,J02331,C02331,check_mobile_payments,PAYMENT,self_service_candidate,social,2024-07-21T12:21:13Z,77.917235,1,1,social,True,True,social,1.000000,False,False,True,False,resolved
SYNTHETIC,J02332,C02332,check_mobile_payments,PAYMENT,self_service_candidate,app,2024-08-02T14:22:46Z,0.928056,1,1,app,True,True,app,1.000000,False,False,True,False,resolved
SYNTHETIC,J02333,C02333,report_poor_signal_coverage,COMPLAINTS,complaint,ussd,2024-08-17T16:56:52Z,0.991426,2,2,ussd > call,False,False,,,True,True,True,True,chose_abandon
SYNTHETIC,J02334,C02334,dispute_invoice,BILLING,complaint,web,2024-08-05T12:19:05Z,7.058467,4,3,web > app > call > call,True,False,call,4.000000,True,True,True,True,resolved
SYNTHETIC,J02335,C02335,check_usage,CONSUMPTION,self_service_candidate,ussd,2024-08-28T03:34:36Z,2.125134,1,1,ussd,True,True,ussd,1.000000,False,False,True,False,resolved
SYNTHETIC,J02336,C02336,activate_call_management_services,SERVICES,assisted,app,2024-06-08T21:43:59Z,1.827944,2,2,app > call,True,False,call,2.000000,True,True,True,True,resolved
SYNTHETIC,J02337,C02337,dispute_invoice,BILLING,complaint,ussd,2024-07-11T15:45:18Z,0.884676,4,3,ussd > app > call > call,False,False,,,True,True,True,True,max_contacts
SYNTHETIC,J02338,C02338,cancel_plan,SUBSCRIPTION,assisted,call,2024-06-03T09:26:12Z,6.138389,1,1,call,True,True,call,1.000000,False,False,False,False,resolved
SYNTHETIC,J02339,C02339,change_plan,SUBSCRIPTION,assisted,app,2024-07-15T12:43:01Z,1.360171,1,1,app,True,True,app,1.000000,False,False,True,False,resolved
SYNTHETIC,J02340,C02340,activate_phone,SERVICES,assisted,ussd,2024-06-18T15:44:58Z,1.391360,1,1,ussd,False,False,,,False,False,True,False,chose_abandon
SYNTHETIC,J02341,C02341,get_compensation,COMPLAINTS,complaint,ussd,2024-07-26T19:47:34Z,0.404189,3,2,ussd > call > call,True,False,call,3.000000,True,True,True,True,resolved
SYNTHETIC,J02342,C02342,check_signal_coverage,SERVICES,self_service_candidate,ussd,2024-06-19T09:03:14Z,1.030826,1,1,ussd,False,False,,,False,False,True,False,chose_abandon
SYNTHETIC,J02343,C02343,check_signal_coverage,SERVICES,self_service_candidate,web,2024-06-25T01:13:32Z,4.890284,1,1,web,True,True,web,1.000000,False,False,True,False,resolved
SYNTHETIC,J02344,C02344,activate_roaming,SERVICES,assisted,app,2024-06-25T14:21:25Z,2.077098,1,1,app,True,True,app,1.000000,False,False,True,False,resolved
SYNTHETIC,J02345,C02345,set_usage_limits,CONSUMPTION,assisted,web,2024-06-04T16:16:41Z,10.871824,1,1,web,True,True,web,1.000000,False,False,True,False,resolved
SYNTHETIC,J02346,C02346,report_poor_signal_coverage,COMPLAINTS,complaint,call,2024-08-17T00:39:43Z,14.511279,1,1,call,True,True,call,1.000000,False,False,False,False,resolved
SYNTHETIC,J02347,C02347,check_mobile_payments,PAYMENT,self_service_candidate,web,2024-06-18T08:34:54Z,2.126131,1,1,web,True,True,web,1.000000,False,False,True,False,resolved
SYNTHETIC,J02348,C02348,change_plan,SUBSCRIPTION,assisted,social,2024-08-22T06:55:30Z,5.400239,4,2,social > call > social > call,True,False,call,4.000000,True,True,True,True,resolved
SYNTHETIC,J02349,C02349,pay,PAYMENT,assisted,app,2024-06-13T19:25:14Z,1.791819,1,1,app,True,True,app,1.000000,False,False,True,False,resolved
SYNTHETIC,J02350,C02350,change_plan,SUBSCRIPTION,assisted,ussd,2024-07-14T22:31:11Z,0.545951,2,2,ussd > call,True,False,call,2.000000,True,True,True,True,resolved
SYNTHETIC,J02351,C02351,check_mobile_payments,PAYMENT,self_service_candidate,web,2024-07-16T08:57:59Z,2.778645,2,2,web > call,True,False,call,2.000000,True,True,True,True,resolved
SYNTHETIC,J02352,C02352,get_compensation,COMPLAINTS,complaint,web,2024-08-15T15:50:32Z,8.580397,1,1,web,True,True,web,1.000000,False,False,True,False,resolved
SYNTHETIC,J02353,C02353,report_problem,COMPLAINTS,complaint,app,2024-07-08T04:01:12Z,1.618314,4,3,app > social > call > call,True,False,call,4.000000,True,True,True,True,resolved
SYNTHETIC,J02354,C02354,dispute_invoice,BILLING,complaint,ussd,2024-06-23T09:51:19Z,0.964201,4,3,ussd > web > call > call,False,False,,,True,True,True,True,max_contacts
SYNTHETIC,J02355,C02355,sign_up_for_plan,SUBSCRIPTION,assisted,call,2024-06-27T06:20:39Z,3.324416,1,1,call,True,True,call,1.000000,False,False,False,False,resolved
SYNTHETIC,J02356,C02356,activate_phone,SERVICES,assisted,ussd,2024-06-30T15:14:24Z,1.095539,2,2,ussd > call,True,False,call,2.000000,True,True,True,True,resolved
SYNTHETIC,J02357,C02357,report_poor_signal_coverage,COMPLAINTS,complaint,app,2024-08-25T06:29:35Z,1.460645,2,2,app > call,True,False,call,2.000000,True,True,True,True,resolved
SYNTHETIC,J02358,C02358,check_mobile_payments,PAYMENT,self_service_candidate,ussd,2024-08-16T21:35:20Z,0.920066,1,1,ussd,True,True,ussd,1.000000,False,False,True,False,resolved
SYNTHETIC,J02359,C02359,pay,PAYMENT,assisted,social,2024-07-09T08:05:39Z,38.168406,2,2,social > web,True,False,web,2.000000,True,True,True,False,resolved
SYNTHETIC,J02360,C02360,check_excess_data_charges,CONSUMPTION,self_service_candidate,web,2024-08-13T06:36:53Z,10.405407,3,1,web > web > web,True,False,web,3.000000,True,False,True,False,resolved
SYNTHETIC,J02361,C02361,install_internet,SERVICES,assisted,ussd,2024-08-04T01:36:12Z,0.878097,1,1,ussd,False,False,,,False,False,True,False,chose_abandon
SYNTHETIC,J02362,C02362,check_cancellation_fee,SUBSCRIPTION,self_service_candidate,ussd,2024-07-13T21:13:37Z,2.026933,1,1,ussd,True,True,ussd,1.000000,False,False,True,False,resolved
SYNTHETIC,J02363,C02363,check_mobile_payments,PAYMENT,self_service_candidate,app,2024-08-08T19:25:17Z,2.193830,1,1,app,True,True,app,1.000000,False,False,True,False,resolved
SYNTHETIC,J02364,C02364,dispute_invoice,BILLING,complaint,app,2024-08-08T22:04:53Z,2.807809,1,1,app,True,True,app,1.000000,False,False,True,False,resolved
SYNTHETIC,J02365,C02365,install_internet,SERVICES,assisted,web,2024-06-13T07:57:21Z,3.960009,1,1,web,True,True,web,1.000000,False,False,True,False,resolved
SYNTHETIC,J02366,C02366,check_usage,CONSUMPTION,self_service_candidate,ussd,2024-06-05T07:58:36Z,0.512947,1,1,ussd,True,True,ussd,1.000000,False,False,True,False,resolved
SYNTHETIC,J02367,C02367,change_plan,SUBSCRIPTION,assisted,call,2024-06-23T03:49:44Z,3.526900,1,1,call,True,True,call,1.000000,False,False,False,False,resolved
SYNTHETIC,J02368,C02368,report_poor_signal_coverage,COMPLAINTS,complaint,call,2024-08-02T21:24:46Z,4.637600,1,1,call,True,True,call,1.000000,False,False,False,False,resolved
SYNTHETIC,J02369,C02369,report_poor_signal_coverage,COMPLAINTS,complaint,app,2024-08-05T11:37:56Z,1.951314,3,2,app > call > call,True,False,call,3.000000,True,True,True,True,resolved
SYNTHETIC,J02370,C02370,human_agent,CONTACT,complaint,ussd,2024-07-18T04:53:18Z,2.399058,2,2,ussd > call,True,False,call,2.000000,True,True,True,True,resolved
SYNTHETIC,J02371,C02371,check_signal_coverage,SERVICES,self_service_candidate,call,2024-08-03T16:34:58Z,4.857783,1,1,call,True,True,call,1.000000,False,False,False,False,resolved
SYNTHETIC,J02372,C02372,set_usage_limits,CONSUMPTION,assisted,ussd,2024-07-19T22:44:15Z,0.691210,1,1,ussd,True,True,ussd,1.000000,False,False,True,False,resolved
SYNTHETIC,J02373,C02373,human_agent,CONTACT,complaint,ussd,2024-06-14T04:48:20Z,2.339310,1,1,ussd,False,False,,,False,False,True,False,chose_abandon
SYNTHETIC,J02374,C02374,human_agent,CONTACT,complaint,web,2024-08-15T10:49:07Z,7.155571,4,3,web > web > ussd > call,True,False,call,4.000000,True,True,True,True,resolved
SYNTHETIC,J02375,C02375,check_usage,CONSUMPTION,self_service_candidate,call,2024-07-09T02:29:34Z,7.370598,1,1,call,True,True,call,1.000000,False,False,False,False,resolved
SYNTHETIC,J02376,C02376,invoices,BILLING,self_service_candidate,ussd,2024-07-14T00:29:34Z,0.836846,1,1,ussd,True,True,ussd,1.000000,False,False,True,False,resolved
SYNTHETIC,J02377,C02377,report_problem,COMPLAINTS,complaint,ussd,2024-08-19T08:58:27Z,0.910534,1,1,ussd,True,True,ussd,1.000000,False,False,True,False,resolved
SYNTHETIC,J02378,C02378,customer_service,CONTACT,assisted,ussd,2024-08-17T15:42:24Z,1.158976,1,1,ussd,True,True,ussd,1.000000,False,False,True,False,resolved
SYNTHETIC,J02379,C02379,dispute_invoice,BILLING,complaint,app,2024-06-17T23:54:35Z,3.971502,1,1,app,True,True,app,1.000000,False,False,True,False,resolved
SYNTHETIC,J02380,C02380,set_usage_limits,CONSUMPTION,assisted,call,2024-08-29T08:34:23Z,3.109224,1,1,call,True,True,call,1.000000,False,False,False,False,resolved
SYNTHETIC,J02381,C02381,change_provider,SUBSCRIPTION,assisted,web,2024-08-25T20:07:11Z,2.502175,3,3,web > app > call,True,False,call,3.000000,True,True,True,True,resolved
SYNTHETIC,J02382,C02382,report_poor_signal_coverage,COMPLAINTS,complaint,ussd,2024-08-13T04:47:40Z,0.988098,3,2,ussd > call > call,False,False,,,True,True,True,True,chose_abandon
SYNTHETIC,J02383,C02383,pay,PAYMENT,assisted,call,2024-08-16T03:07:19Z,5.763936,1,1,call,True,True,call,1.000000,False,False,False,False,resolved
SYNTHETIC,J02384,C02384,change_provider,SUBSCRIPTION,assisted,call,2024-07-18T05:29:13Z,2.047910,1,1,call,True,True,call,1.000000,False,False,False,False,resolved
SYNTHETIC,J02385,C02385,report_poor_signal_coverage,COMPLAINTS,complaint,ussd,2024-07-26T06:22:27Z,1.677747,2,2,ussd > call,False,False,,,True,True,True,True,chose_abandon
SYNTHETIC,J02386,C02386,check_signal_coverage,SERVICES,self_service_candidate,ussd,2024-07-11T18:28:44Z,1.750861,1,1,ussd,True,True,ussd,1.000000,False,False,True,False,resolved
SYNTHETIC,J02387,C02387,payment_methods,PAYMENT,self_service_candidate,web,2024-06-20T02:52:12Z,2.491608,1,1,web,True,True,web,1.000000,False,False,True,False,resolved
SYNTHETIC,J02388,C02388,check_usage,CONSUMPTION,self_service_candidate,web,2024-06-22T18:00:25Z,9.014942,2,2,web > call,True,False,call,2.000000,True,True,True,True,resolved
SYNTHETIC,J02389,C02389,check_usage,CONSUMPTION,self_service_candidate,web,2024-06-21T03:57:25Z,5.310942,3,2,web > call > call,True,False,call,3.000000,True,True,True,True,resolved
SYNTHETIC,J02390,C02390,change_plan,SUBSCRIPTION,assisted,call,2024-06-11T09:02:06Z,10.335687,1,1,call,True,True,call,1.000000,False,False,False,False,resolved
SYNTHETIC,J02391,C02391,cancel_plan,SUBSCRIPTION,assisted,call,2024-08-20T02:15:26Z,4.895092,1,1,call,True,True,call,1.000000,False,False,False,False,resolved
SYNTHETIC,J02392,C02392,report_poor_signal_coverage,COMPLAINTS,complaint,ussd,2024-08-17T15:03:31Z,0.862058,2,2,ussd > call,True,False,call,2.000000,True,True,True,True,resolved
SYNTHETIC,J02393,C02393,schedule_payments,PAYMENT,assisted,app,2024-07-20T15:52:30Z,2.602509,1,1,app,True,True,app,1.000000,False,False,True,False,resolved
SYNTHETIC,J02394,C02394,get_compensation,COMPLAINTS,complaint,call,2024-08-13T21:19:06Z,3.131676,4,2,call > call > call > app,False,False,,,True,True,False,False,max_contacts
SYNTHETIC,J02395,C02395,check_usage,CONSUMPTION,self_service_candidate,app,2024-07-21T04:58:47Z,3.389583,1,1,app,True,True,app,1.000000,False,False,True,False,resolved
SYNTHETIC,J02396,C02396,invoices,BILLING,self_service_candidate,ussd,2024-08-10T19:58:03Z,0.983746,1,1,ussd,True,True,ussd,1.000000,False,False,True,False,resolved
SYNTHETIC,J02397,C02397,get_compensation,COMPLAINTS,complaint,ussd,2024-07-31T03:56:37Z,1.648493,3,3,ussd > social > call,True,False,call,3.000000,True,True,True,True,resolved
SYNTHETIC,J02398,C02398,set_usage_limits,CONSUMPTION,assisted,app,2024-07-16T18:45:01Z,1.291286,2,2,app > call,True,False,call,2.000000,True,True,True,True,resolved
SYNTHETIC,J02399,C02399,payment_methods,PAYMENT,self_service_candidate,app,2024-07-15T19:17:22Z,1.760552,1,1,app,True,True,app,1.000000,False,False,True,False,resolved
SYNTHETIC,J02400,C02400,payment_methods,PAYMENT,self_service_candidate,call,2024-06-25T23:17:45Z,6.040264,1,1,call,True,True,call,1.000000,False,False,False,False,resolved
SYNTHETIC,J02401,C02401,check_signal_coverage,SERVICES,self_service_candidate,social,2024-07-13T12:35:01Z,10.549720,2,2,social > call,True,False,call,2.000000,True,True,True,True,resolved
SYNTHETIC,J02402,C02402,check_usage,CONSUMPTION,self_service_candidate,web,2024-07-03T22:10:26Z,2.710990,1,1,web,True,True,web,1.000000,False,False,True,False,resolved
SYNTHETIC,J02403,C02403,check_usage,CONSUMPTION,self_service_candidate,web,2024-08-01T18:11:08Z,7.077830,1,1,web,True,True,web,1.000000,False,False,True,False,resolved
SYNTHETIC,J02404,C02404,check_signal_coverage,SERVICES,self_service_candidate,web,2024-08-01T06:03:38Z,7.735468,2,2,web > call,True,False,call,2.000000,True,True,True,True,resolved
SYNTHETIC,J02405,C02405,human_agent,CONTACT,complaint,ussd,2024-08-08T01:50:02Z,0.979592,2,2,ussd > call,True,False,call,2.000000,True,True,True,True,resolved
SYNTHETIC,J02406,C02406,pay,PAYMENT,assisted,web,2024-08-23T16:09:51Z,4.584204,1,1,web,True,True,web,1.000000,False,False,True,False,resolved
SYNTHETIC,J02407,C02407,human_agent,CONTACT,complaint,social,2024-07-09T21:49:16Z,15.115798,1,1,social,False,False,,,False,False,True,False,chose_abandon
SYNTHETIC,J02408,C02408,deactivate_phone,SERVICES,assisted,app,2024-06-30T16:17:04Z,0.672727,1,1,app,True,True,app,1.000000,False,False,True,False,resolved
SYNTHETIC,J02409,C02409,deactivate_phone,SERVICES,assisted,web,2024-06-06T06:41:03Z,10.839072,1,1,web,True,True,web,1.000000,False,False,True,False,resolved
SYNTHETIC,J02410,C02410,install_internet,SERVICES,assisted,ussd,2024-07-25T13:29:54Z,1.194642,2,1,ussd > ussd,False,False,,,True,False,True,False,chose_abandon
SYNTHETIC,J02411,C02411,customer_service,CONTACT,assisted,ussd,2024-08-04T13:26:54Z,1.093582,1,1,ussd,True,True,ussd,1.000000,False,False,True,False,resolved
SYNTHETIC,J02412,C02412,activate_phone,SERVICES,assisted,ussd,2024-06-27T23:19:30Z,0.739866,4,2,ussd > call > call > call,False,False,,,True,True,True,True,max_contacts
SYNTHETIC,J02413,C02413,check_usage,CONSUMPTION,self_service_candidate,call,2024-06-14T06:38:41Z,4.889287,1,1,call,True,True,call,1.000000,False,False,False,False,resolved
SYNTHETIC,J02414,C02414,deactivate_call_management_services,SERVICES,assisted,app,2024-06-04T14:55:04Z,3.608600,2,2,app > call,True,False,call,2.000000,True,True,True,True,resolved
SYNTHETIC,J02415,C02415,check_mobile_payments,PAYMENT,self_service_candidate,ussd,2024-08-23T13:54:18Z,1.509628,1,1,ussd,True,True,ussd,1.000000,False,False,True,False,resolved
SYNTHETIC,J02416,C02416,check_excess_data_charges,CONSUMPTION,self_service_candidate,call,2024-07-09T13:25:20Z,5.092124,1,1,call,True,True,call,1.000000,False,False,False,False,resolved
SYNTHETIC,J02417,C02417,invoices,BILLING,self_service_candidate,ussd,2024-08-22T18:51:32Z,0.490445,4,3,ussd > app > call > ussd,True,False,ussd,4.000000,True,True,True,True,resolved
SYNTHETIC,J02418,C02418,check_usage,CONSUMPTION,self_service_candidate,app,2024-07-24T21:32:15Z,3.981916,1,1,app,True,True,app,1.000000,False,False,True,False,resolved
SYNTHETIC,J02419,C02419,pay,PAYMENT,assisted,call,2024-08-26T13:44:06Z,3.231544,1,1,call,True,True,call,1.000000,False,False,False,False,resolved
SYNTHETIC,J02420,C02420,check_signal_coverage,SERVICES,self_service_candidate,app,2024-08-24T03:18:44Z,2.435488,4,4,app > web > ussd > call,True,False,call,4.000000,True,True,True,True,resolved
SYNTHETIC,J02421,C02421,set_usage_limits,CONSUMPTION,assisted,app,2024-06-15T19:04:47Z,0.819458,1,1,app,True,True,app,1.000000,False,False,True,False,resolved
SYNTHETIC,J02422,C02422,pay,PAYMENT,assisted,call,2024-08-20T01:30:29Z,2.516107,1,1,call,True,True,call,1.000000,False,False,False,False,resolved
SYNTHETIC,J02423,C02423,check_excess_data_charges,CONSUMPTION,self_service_candidate,app,2024-08-27T17:50:18Z,1.592675,1,1,app,True,True,app,1.000000,False,False,True,False,resolved
SYNTHETIC,J02424,C02424,check_usage,CONSUMPTION,self_service_candidate,app,2024-08-11T14:12:07Z,1.657885,1,1,app,True,True,app,1.000000,False,False,True,False,resolved
SYNTHETIC,J02425,C02425,sign_up_for_plan,SUBSCRIPTION,assisted,web,2024-07-26T05:22:32Z,3.273181,3,2,web > web > call,True,False,call,3.000000,True,True,True,True,resolved
SYNTHETIC,J02426,C02426,report_poor_signal_coverage,COMPLAINTS,complaint,ussd,2024-06-25T19:17:24Z,1.003471,2,2,ussd > call,True,False,call,2.000000,True,True,True,True,resolved
SYNTHETIC,J02427,C02427,check_excess_data_charges,CONSUMPTION,self_service_candidate,social,2024-07-15T06:55:26Z,6.196715,3,2,social > social > call,True,False,call,3.000000,True,True,True,True,resolved
SYNTHETIC,J02428,C02428,human_agent,CONTACT,complaint,ussd,2024-08-10T20:56:08Z,1.684437,2,2,ussd > social,True,False,social,2.000000,True,True,True,False,resolved
SYNTHETIC,J02429,C02429,human_agent,CONTACT,complaint,social,2024-06-18T16:38:44Z,101.779537,1,1,social,False,False,,,False,False,True,False,chose_abandon
SYNTHETIC,J02430,C02430,customer_service,CONTACT,assisted,web,2024-08-13T08:59:29Z,4.643199,3,2,web > app > web,True,False,web,3.000000,True,True,True,False,resolved
SYNTHETIC,J02431,C02431,payment_methods,PAYMENT,self_service_candidate,call,2024-06-17T02:46:43Z,6.132172,1,1,call,True,True,call,1.000000,False,False,False,False,resolved
SYNTHETIC,J02432,C02432,report_problem,COMPLAINTS,complaint,social,2024-07-05T08:49:40Z,33.363005,2,2,social > call,True,False,call,2.000000,True,True,True,True,resolved
SYNTHETIC,J02433,C02433,get_compensation,COMPLAINTS,complaint,call,2024-08-21T06:14:00Z,5.213170,1,1,call,False,False,,,False,False,False,False,chose_abandon
SYNTHETIC,J02434,C02434,activate_roaming,SERVICES,assisted,app,2024-08-16T21:36:04Z,2.049214,2,2,app > call,True,False,call,2.000000,True,True,True,True,resolved
SYNTHETIC,J02435,C02435,invoices,BILLING,self_service_candidate,app,2024-07-10T12:30:00Z,1.956503,3,2,app > call > call,True,False,call,3.000000,True,True,True,True,resolved
SYNTHETIC,J02436,C02436,customer_service,CONTACT,assisted,ussd,2024-08-22T12:57:09Z,1.500073,1,1,ussd,True,True,ussd,1.000000,False,False,True,False,resolved
SYNTHETIC,J02437,C02437,check_usage,CONSUMPTION,self_service_candidate,ussd,2024-06-14T08:50:05Z,1.208259,1,1,ussd,True,True,ussd,1.000000,False,False,True,False,resolved
SYNTHETIC,J02438,C02438,check_usage,CONSUMPTION,self_service_candidate,ussd,2024-06-25T06:16:04Z,1.031855,1,1,ussd,True,True,ussd,1.000000,False,False,True,False,resolved
SYNTHETIC,J02439,C02439,check_usage,CONSUMPTION,self_service_candidate,ussd,2024-07-14T15:23:35Z,2.521247,1,1,ussd,True,True,ussd,1.000000,False,False,True,False,resolved
SYNTHETIC,J02440,C02440,set_usage_limits,CONSUMPTION,assisted,social,2024-06-17T06:30:17Z,55.207314,2,2,social > call,True,False,call,2.000000,True,True,True,True,resolved
SYNTHETIC,J02441,C02441,set_usage_limits,CONSUMPTION,assisted,social,2024-08-03T18:54:38Z,69.930940,1,1,social,False,False,,,False,False,True,False,chose_abandon
SYNTHETIC,J02442,C02442,deactivate_phone,SERVICES,assisted,ussd,2024-08-12T07:31:28Z,1.237464,2,2,ussd > app,True,False,app,2.000000,True,True,True,False,resolved
SYNTHETIC,J02443,C02443,change_plan,SUBSCRIPTION,assisted,app,2024-07-23T07:07:46Z,2.520604,2,2,app > call,True,False,call,2.000000,True,True,True,True,resolved
SYNTHETIC,J02444,C02444,report_problem,COMPLAINTS,complaint,ussd,2024-08-02T16:16:25Z,0.361011,2,2,ussd > social,False,False,,,True,True,True,False,chose_abandon
SYNTHETIC,J02445,C02445,check_mobile_payments,PAYMENT,self_service_candidate,app,2024-08-06T22:15:44Z,1.519507,2,2,app > call,True,False,call,2.000000,True,True,True,True,resolved
SYNTHETIC,J02446,C02446,dispute_invoice,BILLING,complaint,ussd,2024-06-15T02:12:23Z,0.992193,2,2,ussd > call,False,False,,,True,True,True,True,chose_abandon
SYNTHETIC,J02447,C02447,check_mobile_payments,PAYMENT,self_service_candidate,ussd,2024-06-05T23:43:24Z,0.969783,1,1,ussd,True,True,ussd,1.000000,False,False,True,False,resolved
SYNTHETIC,J02448,C02448,check_signal_coverage,SERVICES,self_service_candidate,app,2024-07-19T10:04:36Z,2.510672,1,1,app,True,True,app,1.000000,False,False,True,False,resolved
SYNTHETIC,J02449,C02449,deactivate_phone,SERVICES,assisted,ussd,2024-06-03T23:45:46Z,0.880042,1,1,ussd,False,False,,,False,False,True,False,chose_abandon
SYNTHETIC,J02450,C02450,check_usage,CONSUMPTION,self_service_candidate,call,2024-07-14T12:01:16Z,3.170907,1,1,call,True,True,call,1.000000,False,False,False,False,resolved
SYNTHETIC,J02451,C02451,check_usage,CONSUMPTION,self_service_candidate,call,2024-07-25T10:22:08Z,8.477243,1,1,call,True,True,call,1.000000,False,False,False,False,resolved
SYNTHETIC,J02452,C02452,check_excess_data_charges,CONSUMPTION,self_service_candidate,call,2024-06-13T14:11:39Z,11.210188,1,1,call,True,True,call,1.000000,False,False,False,False,resolved
SYNTHETIC,J02453,C02453,check_signal_coverage,SERVICES,self_service_candidate,ussd,2024-08-03T06:06:02Z,0.914890,1,1,ussd,True,True,ussd,1.000000,False,False,True,False,resolved
SYNTHETIC,J02454,C02454,check_excess_data_charges,CONSUMPTION,self_service_candidate,ussd,2024-06-30T14:56:29Z,0.739839,1,1,ussd,True,True,ussd,1.000000,False,False,True,False,resolved
SYNTHETIC,J02455,C02455,invoices,BILLING,self_service_candidate,call,2024-07-04T09:56:58Z,13.061097,1,1,call,True,True,call,1.000000,False,False,False,False,resolved
SYNTHETIC,J02456,C02456,check_usage,CONSUMPTION,self_service_candidate,web,2024-07-03T10:54:13Z,6.937809,1,1,web,True,True,web,1.000000,False,False,True,False,resolved
SYNTHETIC,J02457,C02457,pay,PAYMENT,assisted,call,2024-08-21T02:18:53Z,4.564780,1,1,call,True,True,call,1.000000,False,False,False,False,resolved
SYNTHETIC,J02458,C02458,invoices,BILLING,self_service_candidate,ussd,2024-08-04T05:16:13Z,0.806714,1,1,ussd,True,True,ussd,1.000000,False,False,True,False,resolved
SYNTHETIC,J02459,C02459,cancel_plan,SUBSCRIPTION,assisted,social,2024-07-12T06:20:19Z,262.229145,2,1,social > social,True,False,social,2.000000,True,False,True,False,resolved
SYNTHETIC,J02460,C02460,activate_roaming,SERVICES,assisted,web,2024-06-22T23:19:06Z,4.905776,2,2,web > call,False,False,,,True,True,True,True,chose_abandon
SYNTHETIC,J02461,C02461,schedule_payments,PAYMENT,assisted,app,2024-07-17T19:43:47Z,0.702900,4,3,app > social > call > call,True,False,call,4.000000,True,True,True,True,resolved
SYNTHETIC,J02462,C02462,change_plan,SUBSCRIPTION,assisted,app,2024-06-14T14:00:35Z,3.071128,1,1,app,True,True,app,1.000000,False,False,True,False,resolved
SYNTHETIC,J02463,C02463,check_cancellation_fee,SUBSCRIPTION,self_service_candidate,ussd,2024-07-31T16:40:14Z,0.638310,1,1,ussd,True,True,ussd,1.000000,False,False,True,False,resolved
SYNTHETIC,J02464,C02464,change_plan,SUBSCRIPTION,assisted,social,2024-08-11T22:19:32Z,25.949338,3,2,social > social > call,True,False,call,3.000000,True,True,True,True,resolved
SYNTHETIC,J02465,C02465,dispute_invoice,BILLING,complaint,web,2024-07-19T11:34:16Z,19.447403,3,3,web > app > call,True,False,call,3.000000,True,True,True,True,resolved
SYNTHETIC,J02466,C02466,report_poor_signal_coverage,COMPLAINTS,complaint,app,2024-06-15T17:08:50Z,1.711381,3,2,app > social > social,False,False,,,True,True,True,False,chose_abandon
SYNTHETIC,J02467,C02467,invoices,BILLING,self_service_candidate,social,2024-08-17T03:24:05Z,10.439974,2,2,social > call,True,False,call,2.000000,True,True,True,True,resolved
SYNTHETIC,J02468,C02468,activate_call_management_services,SERVICES,assisted,social,2024-08-27T01:28:25Z,76.803215,2,2,social > call,False,False,,,True,True,True,True,chose_abandon
SYNTHETIC,J02469,C02469,set_usage_limits,CONSUMPTION,assisted,call,2024-08-07T01:48:24Z,4.123265,1,1,call,True,True,call,1.000000,False,False,False,False,resolved
SYNTHETIC,J02470,C02470,cancel_plan,SUBSCRIPTION,assisted,web,2024-07-30T23:42:38Z,6.618362,1,1,web,True,True,web,1.000000,False,False,True,False,resolved
SYNTHETIC,J02471,C02471,pay,PAYMENT,assisted,call,2024-06-22T11:18:43Z,7.409474,1,1,call,True,True,call,1.000000,False,False,False,False,resolved
SYNTHETIC,J02472,C02472,check_mobile_payments,PAYMENT,self_service_candidate,ussd,2024-07-06T23:26:47Z,1.499484,1,1,ussd,True,True,ussd,1.000000,False,False,True,False,resolved
SYNTHETIC,J02473,C02473,report_poor_signal_coverage,COMPLAINTS,complaint,app,2024-07-15T01:51:45Z,1.059769,1,1,app,True,True,app,1.000000,False,False,True,False,resolved
SYNTHETIC,J02474,C02474,pay,PAYMENT,assisted,app,2024-07-13T02:40:01Z,1.216075,1,1,app,True,True,app,1.000000,False,False,True,False,resolved
SYNTHETIC,J02475,C02475,cancel_plan,SUBSCRIPTION,assisted,ussd,2024-06-09T05:37:31Z,0.872229,1,1,ussd,True,True,ussd,1.000000,False,False,True,False,resolved
SYNTHETIC,J02476,C02476,check_signal_coverage,SERVICES,self_service_candidate,app,2024-07-05T13:50:37Z,0.871654,1,1,app,True,True,app,1.000000,False,False,True,False,resolved
SYNTHETIC,J02477,C02477,schedule_payments,PAYMENT,assisted,web,2024-06-22T11:14:18Z,5.196006,1,1,web,True,True,web,1.000000,False,False,True,False,resolved
SYNTHETIC,J02478,C02478,cancel_plan,SUBSCRIPTION,assisted,web,2024-08-19T15:14:30Z,3.779592,2,2,web > social,True,False,social,2.000000,True,True,True,False,resolved
SYNTHETIC,J02479,C02479,check_usage,CONSUMPTION,self_service_candidate,ussd,2024-07-25T17:21:31Z,1.522528,1,1,ussd,True,True,ussd,1.000000,False,False,True,False,resolved
SYNTHETIC,J02480,C02480,get_compensation,COMPLAINTS,complaint,app,2024-07-22T05:25:57Z,1.477910,3,3,app > social > call,True,False,call,3.000000,True,True,True,True,resolved
SYNTHETIC,J02481,C02481,customer_service,CONTACT,assisted,call,2024-06-04T06:22:38Z,4.716649,1,1,call,True,True,call,1.000000,False,False,False,False,resolved
SYNTHETIC,J02482,C02482,dispute_invoice,BILLING,complaint,call,2024-07-28T02:39:55Z,5.378139,1,1,call,True,True,call,1.000000,False,False,False,False,resolved
SYNTHETIC,J02483,C02483,install_internet,SERVICES,assisted,app,2024-07-03T18:09:53Z,2.838191,2,2,app > call,True,False,call,2.000000,True,True,True,True,resolved
SYNTHETIC,J02484,C02484,pay,PAYMENT,assisted,ussd,2024-07-08T18:20:17Z,1.209476,1,1,ussd,True,True,ussd,1.000000,False,False,True,False,resolved
SYNTHETIC,J02485,C02485,check_mobile_payments,PAYMENT,self_service_candidate,call,2024-07-20T06:13:25Z,5.241371,1,1,call,True,True,call,1.000000,False,False,False,False,resolved
SYNTHETIC,J02486,C02486,pay,PAYMENT,assisted,call,2024-06-16T23:27:33Z,18.097114,1,1,call,True,True,call,1.000000,False,False,False,False,resolved
SYNTHETIC,J02487,C02487,schedule_payments,PAYMENT,assisted,call,2024-08-28T08:00:17Z,2.572249,1,1,call,True,True,call,1.000000,False,False,False,False,resolved
SYNTHETIC,J02488,C02488,report_problem,COMPLAINTS,complaint,ussd,2024-08-06T05:39:31Z,0.963708,1,1,ussd,False,False,,,False,False,True,False,chose_abandon
SYNTHETIC,J02489,C02489,pay,PAYMENT,assisted,ussd,2024-06-07T13:37:27Z,0.613105,1,1,ussd,False,False,,,False,False,True,False,chose_abandon
SYNTHETIC,J02490,C02490,activate_call_management_services,SERVICES,assisted,web,2024-07-11T13:35:04Z,4.522912,3,2,web > web > call,True,False,call,3.000000,True,True,True,True,resolved
SYNTHETIC,J02491,C02491,invoices,BILLING,self_service_candidate,ussd,2024-07-31T09:44:32Z,0.908465,1,1,ussd,True,True,ussd,1.000000,False,False,True,False,resolved
SYNTHETIC,J02492,C02492,deactivate_call_management_services,SERVICES,assisted,call,2024-07-13T05:11:34Z,5.858546,1,1,call,True,True,call,1.000000,False,False,False,False,resolved
SYNTHETIC,J02493,C02493,human_agent,CONTACT,complaint,app,2024-06-14T01:25:31Z,0.898795,4,2,app > call > call > call,True,False,call,4.000000,True,True,True,True,resolved
SYNTHETIC,J02494,C02494,check_usage,CONSUMPTION,self_service_candidate,social,2024-07-19T15:55:34Z,51.401288,2,2,social > call,True,False,call,2.000000,True,True,True,True,resolved
SYNTHETIC,J02495,C02495,invoices,BILLING,self_service_candidate,web,2024-07-11T16:50:48Z,1.758880,1,1,web,True,True,web,1.000000,False,False,True,False,resolved
SYNTHETIC,J02496,C02496,check_mobile_payments,PAYMENT,self_service_candidate,call,2024-06-24T10:19:21Z,14.210731,1,1,call,True,True,call,1.000000,False,False,False,False,resolved
SYNTHETIC,J02497,C02497,change_plan,SUBSCRIPTION,assisted,ussd,2024-06-26T15:03:44Z,1.799211,3,2,ussd > ussd > call,True,False,call,3.000000,True,True,True,True,resolved
SYNTHETIC,J02498,C02498,check_usage,CONSUMPTION,self_service_candidate,ussd,2024-06-29T11:55:24Z,1.192966,2,1,ussd > ussd,True,False,ussd,2.000000,True,False,True,False,resolved
SYNTHETIC,J02499,C02499,cancel_plan,SUBSCRIPTION,assisted,ussd,2024-06-03T15:06:46Z,1.168451,1,1,ussd,True,True,ussd,1.000000,False,False,True,False,resolved
SYNTHETIC,J02500,C02500,pay,PAYMENT,assisted,call,2024-06-28T22:07:38Z,8.428244,1,1,call,True,True,call,1.000000,False,False,False,False,resolved
SYNTHETIC,J02501,C02501,report_problem,COMPLAINTS,complaint,call,2024-07-03T07:58:22Z,6.446736,1,1,call,True,True,call,1.000000,False,False,False,False,resolved
SYNTHETIC,J02502,C02502,cancel_plan,SUBSCRIPTION,assisted,ussd,2024-08-05T17:37:43Z,0.702686,1,1,ussd,True,True,ussd,1.000000,False,False,True,False,resolved
SYNTHETIC,J02503,C02503,check_mobile_payments,PAYMENT,self_service_candidate,ussd,2024-08-26T15:34:36Z,0.804998,1,1,ussd,True,True,ussd,1.000000,False,False,True,False,resolved
SYNTHETIC,J02504,C02504,report_problem,COMPLAINTS,complaint,web,2024-06-27T10:16:01Z,4.790537,1,1,web,False,False,,,False,False,True,False,chose_abandon
SYNTHETIC,J02505,C02505,report_poor_signal_coverage,COMPLAINTS,complaint,app,2024-08-01T08:07:19Z,1.386907,2,2,app > call,True,False,call,2.000000,True,True,True,True,resolved
SYNTHETIC,J02506,C02506,install_internet,SERVICES,assisted,social,2024-06-10T00:31:45Z,17.434966,1,1,social,False,False,,,False,False,True,False,chose_abandon
SYNTHETIC,J02507,C02507,check_cancellation_fee,SUBSCRIPTION,self_service_candidate,app,2024-08-29T22:48:20Z,4.409016,1,1,app,True,True,app,1.000000,False,False,True,False,resolved
SYNTHETIC,J02508,C02508,check_usage,CONSUMPTION,self_service_candidate,app,2024-07-10T20:09:20Z,2.589694,1,1,app,True,True,app,1.000000,False,False,True,False,resolved
SYNTHETIC,J02509,C02509,pay,PAYMENT,assisted,call,2024-08-04T07:31:47Z,3.530323,1,1,call,True,True,call,1.000000,False,False,False,False,resolved
SYNTHETIC,J02510,C02510,report_problem,COMPLAINTS,complaint,app,2024-08-19T23:31:54Z,1.205788,1,1,app,True,True,app,1.000000,False,False,True,False,resolved
SYNTHETIC,J02511,C02511,human_agent,CONTACT,complaint,web,2024-08-06T16:01:57Z,5.035661,2,1,web > web,True,False,web,2.000000,True,False,True,False,resolved
SYNTHETIC,J02512,C02512,check_usage,CONSUMPTION,self_service_candidate,web,2024-07-16T23:15:01Z,4.196852,1,1,web,True,True,web,1.000000,False,False,True,False,resolved
SYNTHETIC,J02513,C02513,report_problem,COMPLAINTS,complaint,ussd,2024-07-03T21:46:24Z,1.057025,1,1,ussd,True,True,ussd,1.000000,False,False,True,False,resolved
SYNTHETIC,J02514,C02514,activate_roaming,SERVICES,assisted,app,2024-07-03T15:17:35Z,2.797111,3,3,app > web > call,True,False,call,3.000000,True,True,True,True,resolved
SYNTHETIC,J02515,C02515,report_problem,COMPLAINTS,complaint,call,2024-06-26T03:54:41Z,4.517745,3,1,call > call > call,True,False,call,3.000000,True,False,False,False,resolved
SYNTHETIC,J02516,C02516,check_usage,CONSUMPTION,self_service_candidate,ussd,2024-06-16T07:00:39Z,1.164629,1,1,ussd,True,True,ussd,1.000000,False,False,True,False,resolved
SYNTHETIC,J02517,C02517,invoices,BILLING,self_service_candidate,ussd,2024-07-17T19:52:31Z,0.900165,1,1,ussd,True,True,ussd,1.000000,False,False,True,False,resolved
SYNTHETIC,J02518,C02518,pay,PAYMENT,assisted,ussd,2024-08-11T01:35:50Z,0.795996,3,2,ussd > call > call,True,False,call,3.000000,True,True,True,True,resolved
SYNTHETIC,J02519,C02519,check_excess_data_charges,CONSUMPTION,self_service_candidate,web,2024-08-28T04:58:06Z,7.346908,2,2,web > call,True,False,call,2.000000,True,True,True,True,resolved
SYNTHETIC,J02520,C02520,activate_phone,SERVICES,assisted,web,2024-07-19T15:31:11Z,2.350053,1,1,web,False,False,,,False,False,True,False,chose_abandon
SYNTHETIC,J02521,C02521,check_mobile_payments,PAYMENT,self_service_candidate,web,2024-08-12T06:41:07Z,2.748379,1,1,web,True,True,web,1.000000,False,False,True,False,resolved
SYNTHETIC,J02522,C02522,invoices,BILLING,self_service_candidate,call,2024-07-03T00:27:17Z,12.821617,1,1,call,True,True,call,1.000000,False,False,False,False,resolved
SYNTHETIC,J02523,C02523,dispute_invoice,BILLING,complaint,social,2024-06-26T19:42:26Z,63.344316,2,2,social > call,True,False,call,2.000000,True,True,True,True,resolved
SYNTHETIC,J02524,C02524,human_agent,CONTACT,complaint,ussd,2024-07-06T10:51:48Z,1.607295,2,2,ussd > call,True,False,call,2.000000,True,True,True,True,resolved
SYNTHETIC,J02525,C02525,dispute_invoice,BILLING,complaint,call,2024-08-11T02:19:52Z,5.591124,1,1,call,True,True,call,1.000000,False,False,False,False,resolved
SYNTHETIC,J02526,C02526,dispute_invoice,BILLING,complaint,call,2024-06-26T13:01:42Z,5.622786,1,1,call,True,True,call,1.000000,False,False,False,False,resolved
SYNTHETIC,J02527,C02527,get_compensation,COMPLAINTS,complaint,ussd,2024-08-15T12:55:56Z,0.892708,2,1,ussd > ussd,False,False,,,True,False,True,False,chose_abandon
SYNTHETIC,J02528,C02528,pay,PAYMENT,assisted,call,2024-07-17T05:48:02Z,3.469039,1,1,call,True,True,call,1.000000,False,False,False,False,resolved
SYNTHETIC,J02529,C02529,activate_roaming,SERVICES,assisted,call,2024-06-14T20:35:30Z,7.027689,1,1,call,True,True,call,1.000000,False,False,False,False,resolved
SYNTHETIC,J02530,C02530,check_mobile_payments,PAYMENT,self_service_candidate,ussd,2024-07-10T23:56:43Z,0.475141,2,2,ussd > call,True,False,call,2.000000,True,True,True,True,resolved
SYNTHETIC,J02531,C02531,change_plan,SUBSCRIPTION,assisted,ussd,2024-07-12T04:44:37Z,0.746843,2,2,ussd > app,True,False,app,2.000000,True,True,True,False,resolved
SYNTHETIC,J02532,C02532,report_problem,COMPLAINTS,complaint,ussd,2024-06-25T05:08:33Z,1.299919,2,2,ussd > web,False,False,,,True,True,True,False,chose_abandon
SYNTHETIC,J02533,C02533,check_excess_data_charges,CONSUMPTION,self_service_candidate,ussd,2024-07-01T03:06:04Z,0.648742,1,1,ussd,True,True,ussd,1.000000,False,False,True,False,resolved
SYNTHETIC,J02534,C02534,check_usage,CONSUMPTION,self_service_candidate,ussd,2024-08-19T13:57:04Z,0.861133,1,1,ussd,True,True,ussd,1.000000,False,False,True,False,resolved
SYNTHETIC,J02535,C02535,invoices,BILLING,self_service_candidate,ussd,2024-07-24T13:09:51Z,0.949730,1,1,ussd,True,True,ussd,1.000000,False,False,True,False,resolved
SYNTHETIC,J02536,C02536,invoices,BILLING,self_service_candidate,app,2024-08-29T06:42:19Z,1.539979,1,1,app,True,True,app,1.000000,False,False,True,False,resolved
SYNTHETIC,J02537,C02537,report_problem,COMPLAINTS,complaint,ussd,2024-06-30T13:20:39Z,0.906567,2,2,ussd > social,False,False,,,True,True,True,False,chose_abandon
SYNTHETIC,J02538,C02538,invoices,BILLING,self_service_candidate,call,2024-07-10T17:35:26Z,3.989382,2,1,call > call,True,False,call,2.000000,True,False,False,False,resolved
SYNTHETIC,J02539,C02539,customer_service,CONTACT,assisted,app,2024-06-25T23:26:23Z,1.449634,1,1,app,True,True,app,1.000000,False,False,True,False,resolved
SYNTHETIC,J02540,C02540,set_usage_limits,CONSUMPTION,assisted,social,2024-08-19T06:01:22Z,45.638777,1,1,social,False,False,,,False,False,True,False,chose_abandon
SYNTHETIC,J02541,C02541,invoices,BILLING,self_service_candidate,app,2024-07-14T13:44:53Z,3.161402,1,1,app,True,True,app,1.000000,False,False,True,False,resolved
SYNTHETIC,J02542,C02542,change_plan,SUBSCRIPTION,assisted,call,2024-06-11T17:43:53Z,8.453818,3,2,call > app > call,True,False,call,3.000000,True,True,False,False,resolved
SYNTHETIC,J02543,C02543,report_problem,COMPLAINTS,complaint,app,2024-08-03T16:51:15Z,2.052528,4,4,app > web > call > ussd,False,False,,,True,True,True,True,max_contacts
SYNTHETIC,J02544,C02544,human_agent,CONTACT,complaint,call,2024-08-01T15:02:31Z,3.457727,1,1,call,True,True,call,1.000000,False,False,False,False,resolved
SYNTHETIC,J02545,C02545,check_mobile_payments,PAYMENT,self_service_candidate,call,2024-08-12T06:58:32Z,3.502946,1,1,call,True,True,call,1.000000,False,False,False,False,resolved
SYNTHETIC,J02546,C02546,check_excess_data_charges,CONSUMPTION,self_service_candidate,web,2024-08-09T10:48:28Z,2.442756,1,1,web,True,True,web,1.000000,False,False,True,False,resolved
SYNTHETIC,J02547,C02547,customer_service,CONTACT,assisted,app,2024-07-31T11:51:15Z,2.408489,1,1,app,True,True,app,1.000000,False,False,True,False,resolved
SYNTHETIC,J02548,C02548,report_problem,COMPLAINTS,complaint,web,2024-08-21T01:24:12Z,4.975491,3,3,web > ussd > call,True,False,call,3.000000,True,True,True,True,resolved
SYNTHETIC,J02549,C02549,activate_call_management_services,SERVICES,assisted,app,2024-07-22T05:52:08Z,1.962273,1,1,app,True,True,app,1.000000,False,False,True,False,resolved
SYNTHETIC,J02550,C02550,check_usage,CONSUMPTION,self_service_candidate,app,2024-08-10T00:29:26Z,0.634368,1,1,app,True,True,app,1.000000,False,False,True,False,resolved
SYNTHETIC,J02551,C02551,activate_phone,SERVICES,assisted,ussd,2024-07-27T05:48:58Z,1.092667,3,3,ussd > app > call,True,False,call,3.000000,True,True,True,True,resolved
SYNTHETIC,J02552,C02552,set_usage_limits,CONSUMPTION,assisted,app,2024-08-02T00:37:45Z,1.432954,1,1,app,True,True,app,1.000000,False,False,True,False,resolved
SYNTHETIC,J02553,C02553,deactivate_call_management_services,SERVICES,assisted,ussd,2024-06-04T14:30:37Z,1.613778,2,2,ussd > call,True,False,call,2.000000,True,True,True,True,resolved
SYNTHETIC,J02554,C02554,sign_up_for_plan,SUBSCRIPTION,assisted,ussd,2024-07-31T10:41:32Z,1.110463,1,1,ussd,True,True,ussd,1.000000,False,False,True,False,resolved
SYNTHETIC,J02555,C02555,change_plan,SUBSCRIPTION,assisted,ussd,2024-06-09T18:52:40Z,1.327938,1,1,ussd,True,True,ussd,1.000000,False,False,True,False,resolved
SYNTHETIC,J02556,C02556,check_usage,CONSUMPTION,self_service_candidate,social,2024-07-20T06:27:59Z,22.000015,2,2,social > app,True,False,app,2.000000,True,True,True,False,resolved
SYNTHETIC,J02557,C02557,invoices,BILLING,self_service_candidate,ussd,2024-08-31T16:19:52Z,0.512770,2,2,ussd > call,True,False,call,2.000000,True,True,True,True,resolved
SYNTHETIC,J02558,C02558,invoices,BILLING,self_service_candidate,web,2024-07-17T13:17:22Z,7.203198,1,1,web,True,True,web,1.000000,False,False,True,False,resolved
SYNTHETIC,J02559,C02559,check_excess_data_charges,CONSUMPTION,self_service_candidate,ussd,2024-08-09T16:03:07Z,0.544894,1,1,ussd,True,True,ussd,1.000000,False,False,True,False,resolved
SYNTHETIC,J02560,C02560,get_compensation,COMPLAINTS,complaint,ussd,2024-08-07T23:37:50Z,1.085392,4,2,ussd > ussd > call > call,False,False,,,True,True,True,True,max_contacts
SYNTHETIC,J02561,C02561,check_usage,CONSUMPTION,self_service_candidate,web,2024-07-20T19:25:39Z,3.160843,2,2,web > call,True,False,call,2.000000,True,True,True,True,resolved
SYNTHETIC,J02562,C02562,check_usage,CONSUMPTION,self_service_candidate,social,2024-08-19T10:40:01Z,29.760553,1,1,social,True,True,social,1.000000,False,False,True,False,resolved
SYNTHETIC,J02563,C02563,pay,PAYMENT,assisted,call,2024-08-08T07:34:57Z,10.571845,3,2,call > ussd > call,True,False,call,3.000000,True,True,False,False,resolved
SYNTHETIC,J02564,C02564,check_usage,CONSUMPTION,self_service_candidate,call,2024-06-19T18:51:30Z,7.527734,1,1,call,True,True,call,1.000000,False,False,False,False,resolved
SYNTHETIC,J02565,C02565,human_agent,CONTACT,complaint,call,2024-07-02T23:07:41Z,4.262443,1,1,call,True,True,call,1.000000,False,False,False,False,resolved
SYNTHETIC,J02566,C02566,schedule_payments,PAYMENT,assisted,social,2024-08-01T14:48:47Z,58.239152,2,2,social > call,True,False,call,2.000000,True,True,True,True,resolved
SYNTHETIC,J02567,C02567,customer_service,CONTACT,assisted,app,2024-06-12T02:14:03Z,3.353815,2,2,app > call,True,False,call,2.000000,True,True,True,True,resolved
SYNTHETIC,J02568,C02568,report_problem,COMPLAINTS,complaint,ussd,2024-08-07T06:07:03Z,1.495687,3,3,ussd > social > call,True,False,call,3.000000,True,True,True,True,resolved
SYNTHETIC,J02569,C02569,pay,PAYMENT,assisted,web,2024-08-04T15:34:21Z,5.185447,1,1,web,True,True,web,1.000000,False,False,True,False,resolved
SYNTHETIC,J02570,C02570,check_usage,CONSUMPTION,self_service_candidate,social,2024-07-26T07:28:39Z,27.037869,2,2,social > call,True,False,call,2.000000,True,True,True,True,resolved
SYNTHETIC,J02571,C02571,check_mobile_payments,PAYMENT,self_service_candidate,ussd,2024-06-03T12:55:54Z,0.420187,1,1,ussd,True,True,ussd,1.000000,False,False,True,False,resolved
SYNTHETIC,J02572,C02572,activate_call_management_services,SERVICES,assisted,call,2024-08-23T16:05:31Z,14.375962,1,1,call,True,True,call,1.000000,False,False,False,False,resolved
SYNTHETIC,J02573,C02573,check_excess_data_charges,CONSUMPTION,self_service_candidate,ussd,2024-08-18T19:58:57Z,0.654958,1,1,ussd,True,True,ussd,1.000000,False,False,True,False,resolved
SYNTHETIC,J02574,C02574,get_compensation,COMPLAINTS,complaint,ussd,2024-06-30T06:25:13Z,1.327470,1,1,ussd,True,True,ussd,1.000000,False,False,True,False,resolved
SYNTHETIC,J02575,C02575,deactivate_phone,SERVICES,assisted,ussd,2024-08-02T00:58:14Z,1.028020,2,1,ussd > ussd,True,False,ussd,2.000000,True,False,True,False,resolved
SYNTHETIC,J02576,C02576,invoices,BILLING,self_service_candidate,ussd,2024-08-25T10:27:09Z,1.669365,1,1,ussd,True,True,ussd,1.000000,False,False,True,False,resolved
SYNTHETIC,J02577,C02577,check_cancellation_fee,SUBSCRIPTION,self_service_candidate,app,2024-06-07T10:25:06Z,2.567291,1,1,app,True,True,app,1.000000,False,False,True,False,resolved
SYNTHETIC,J02578,C02578,get_compensation,COMPLAINTS,complaint,app,2024-08-17T16:03:10Z,3.832265,1,1,app,True,True,app,1.000000,False,False,True,False,resolved
SYNTHETIC,J02579,C02579,activate_call_management_services,SERVICES,assisted,ussd,2024-07-25T17:14:42Z,0.688094,1,1,ussd,True,True,ussd,1.000000,False,False,True,False,resolved
SYNTHETIC,J02580,C02580,report_poor_signal_coverage,COMPLAINTS,complaint,call,2024-08-13T11:41:14Z,3.925430,1,1,call,False,False,,,False,False,False,False,chose_abandon
SYNTHETIC,J02581,C02581,check_excess_data_charges,CONSUMPTION,self_service_candidate,ussd,2024-06-13T08:17:26Z,0.924149,1,1,ussd,True,True,ussd,1.000000,False,False,True,False,resolved
SYNTHETIC,J02582,C02582,payment_methods,PAYMENT,self_service_candidate,app,2024-06-05T05:23:51Z,1.807322,1,1,app,True,True,app,1.000000,False,False,True,False,resolved
SYNTHETIC,J02583,C02583,check_usage,CONSUMPTION,self_service_candidate,web,2024-06-12T07:50:12Z,2.923812,1,1,web,False,False,,,False,False,True,False,chose_abandon
SYNTHETIC,J02584,C02584,pay,PAYMENT,assisted,call,2024-06-28T08:43:22Z,6.266100,2,1,call > call,True,False,call,2.000000,True,False,False,False,resolved
SYNTHETIC,J02585,C02585,dispute_invoice,BILLING,complaint,ussd,2024-07-09T14:39:25Z,0.608192,3,2,ussd > ussd > call,False,False,,,True,True,True,True,chose_abandon
SYNTHETIC,J02586,C02586,check_cancellation_fee,SUBSCRIPTION,self_service_candidate,ussd,2024-08-26T00:08:04Z,1.256352,2,1,ussd > ussd,True,False,ussd,2.000000,True,False,True,False,resolved
SYNTHETIC,J02587,C02587,dispute_invoice,BILLING,complaint,call,2024-06-14T16:23:32Z,8.387933,1,1,call,True,True,call,1.000000,False,False,False,False,resolved
SYNTHETIC,J02588,C02588,report_problem,COMPLAINTS,complaint,social,2024-08-23T17:55:58Z,23.221769,4,4,social > web > app > call,True,False,call,4.000000,True,True,True,True,resolved
SYNTHETIC,J02589,C02589,install_internet,SERVICES,assisted,app,2024-08-26T11:22:45Z,1.984622,2,2,app > call,False,False,,,True,True,True,True,chose_abandon
SYNTHETIC,J02590,C02590,activate_roaming,SERVICES,assisted,app,2024-08-24T18:45:05Z,4.831829,1,1,app,True,True,app,1.000000,False,False,True,False,resolved
SYNTHETIC,J02591,C02591,activate_call_management_services,SERVICES,assisted,call,2024-06-04T04:56:09Z,4.787747,1,1,call,False,False,,,False,False,False,False,chose_abandon
SYNTHETIC,J02592,C02592,activate_phone,SERVICES,assisted,app,2024-08-26T22:07:26Z,2.237209,1,1,app,True,True,app,1.000000,False,False,True,False,resolved
SYNTHETIC,J02593,C02593,human_agent,CONTACT,complaint,social,2024-08-15T11:03:21Z,66.913257,3,2,social > call > call,False,False,,,True,True,True,True,chose_abandon
SYNTHETIC,J02594,C02594,customer_service,CONTACT,assisted,ussd,2024-07-23T21:36:45Z,2.765592,1,1,ussd,True,True,ussd,1.000000,False,False,True,False,resolved
SYNTHETIC,J02595,C02595,pay,PAYMENT,assisted,call,2024-06-30T00:56:37Z,10.449035,1,1,call,True,True,call,1.000000,False,False,False,False,resolved
SYNTHETIC,J02596,C02596,invoices,BILLING,self_service_candidate,web,2024-07-13T15:23:32Z,3.565336,1,1,web,False,False,,,False,False,True,False,chose_abandon
SYNTHETIC,J02597,C02597,set_usage_limits,CONSUMPTION,assisted,call,2024-07-13T16:01:18Z,15.332691,2,1,call > call,True,False,call,2.000000,True,False,False,False,resolved
SYNTHETIC,J02598,C02598,activate_roaming,SERVICES,assisted,app,2024-06-29T06:54:41Z,1.126972,2,2,app > call,True,False,call,2.000000,True,True,True,True,resolved
SYNTHETIC,J02599,C02599,get_compensation,COMPLAINTS,complaint,app,2024-08-12T07:42:32Z,1.419960,4,3,app > social > call > call,True,False,call,4.000000,True,True,True,True,resolved
SYNTHETIC,J02600,C02600,customer_service,CONTACT,assisted,call,2024-08-17T18:59:04Z,3.819020,1,1,call,False,False,,,False,False,False,False,chose_abandon
SYNTHETIC,J02601,C02601,check_mobile_payments,PAYMENT,self_service_candidate,call,2024-07-14T01:49:36Z,4.116652,1,1,call,True,True,call,1.000000,False,False,False,False,resolved
SYNTHETIC,J02602,C02602,check_mobile_payments,PAYMENT,self_service_candidate,call,2024-08-06T21:49:26Z,9.499993,1,1,call,True,True,call,1.000000,False,False,False,False,resolved
SYNTHETIC,J02603,C02603,get_compensation,COMPLAINTS,complaint,call,2024-08-27T11:47:32Z,4.371681,1,1,call,True,True,call,1.000000,False,False,False,False,resolved
SYNTHETIC,J02604,C02604,report_problem,COMPLAINTS,complaint,ussd,2024-07-10T15:31:24Z,0.740405,2,1,ussd > ussd,False,False,,,True,False,True,False,chose_abandon
SYNTHETIC,J02605,C02605,report_poor_signal_coverage,COMPLAINTS,complaint,call,2024-06-05T02:53:21Z,3.298411,1,1,call,False,False,,,False,False,False,False,chose_abandon
SYNTHETIC,J02606,C02606,check_mobile_payments,PAYMENT,self_service_candidate,web,2024-06-06T07:52:47Z,3.091407,1,1,web,True,True,web,1.000000,False,False,True,False,resolved
SYNTHETIC,J02607,C02607,report_problem,COMPLAINTS,complaint,call,2024-07-25T03:48:31Z,6.714847,2,1,call > call,True,False,call,2.000000,True,False,False,False,resolved
SYNTHETIC,J02608,C02608,install_internet,SERVICES,assisted,call,2024-08-19T02:05:03Z,4.981682,4,2,call > social > call > call,False,False,,,True,True,False,False,max_contacts
SYNTHETIC,J02609,C02609,cancel_plan,SUBSCRIPTION,assisted,call,2024-08-02T02:37:41Z,8.066568,1,1,call,True,True,call,1.000000,False,False,False,False,resolved
SYNTHETIC,J02610,C02610,dispute_invoice,BILLING,complaint,call,2024-06-21T06:58:27Z,2.409613,1,1,call,True,True,call,1.000000,False,False,False,False,resolved
SYNTHETIC,J02611,C02611,activate_phone,SERVICES,assisted,web,2024-07-10T07:05:01Z,1.874607,1,1,web,True,True,web,1.000000,False,False,True,False,resolved
SYNTHETIC,J02612,C02612,dispute_invoice,BILLING,complaint,ussd,2024-06-05T06:10:50Z,1.230561,4,2,ussd > call > call > call,False,False,,,True,True,True,True,max_contacts
SYNTHETIC,J02613,C02613,activate_phone,SERVICES,assisted,call,2024-07-18T08:35:51Z,8.694907,1,1,call,True,True,call,1.000000,False,False,False,False,resolved
SYNTHETIC,J02614,C02614,report_problem,COMPLAINTS,complaint,ussd,2024-08-15T21:19:10Z,0.986650,3,2,ussd > ussd > call,False,False,,,True,True,True,True,chose_abandon
SYNTHETIC,J02615,C02615,report_problem,COMPLAINTS,complaint,ussd,2024-08-07T23:56:09Z,1.136158,4,2,ussd > app > ussd > app,False,False,,,True,True,True,False,max_contacts
SYNTHETIC,J02616,C02616,set_usage_limits,CONSUMPTION,assisted,ussd,2024-08-03T23:18:19Z,1.840741,1,1,ussd,False,False,,,False,False,True,False,chose_abandon
SYNTHETIC,J02617,C02617,check_usage,CONSUMPTION,self_service_candidate,ussd,2024-09-01T00:01:19Z,1.454238,1,1,ussd,True,True,ussd,1.000000,False,False,True,False,resolved
SYNTHETIC,J02618,C02618,check_usage,CONSUMPTION,self_service_candidate,app,2024-06-21T16:19:39Z,1.872706,1,1,app,True,True,app,1.000000,False,False,True,False,resolved
SYNTHETIC,J02619,C02619,schedule_payments,PAYMENT,assisted,ussd,2024-07-21T00:23:21Z,0.737374,1,1,ussd,True,True,ussd,1.000000,False,False,True,False,resolved
SYNTHETIC,J02620,C02620,check_usage,CONSUMPTION,self_service_candidate,app,2024-08-15T20:41:13Z,1.131096,1,1,app,True,True,app,1.000000,False,False,True,False,resolved
SYNTHETIC,J02621,C02621,sign_up_for_plan,SUBSCRIPTION,assisted,ussd,2024-07-20T22:10:37Z,0.941025,4,2,ussd > ussd > call > call,True,False,call,4.000000,True,True,True,True,resolved
SYNTHETIC,J02622,C02622,report_poor_signal_coverage,COMPLAINTS,complaint,social,2024-07-02T13:31:32Z,24.102805,2,2,social > web,False,False,,,True,True,True,False,chose_abandon
SYNTHETIC,J02623,C02623,customer_service,CONTACT,assisted,call,2024-08-14T07:48:58Z,6.914211,3,3,call > web > ussd,True,False,ussd,3.000000,True,True,False,False,resolved
SYNTHETIC,J02624,C02624,check_usage,CONSUMPTION,self_service_candidate,ussd,2024-08-05T19:17:57Z,1.244242,1,1,ussd,True,True,ussd,1.000000,False,False,True,False,resolved
SYNTHETIC,J02625,C02625,report_poor_signal_coverage,COMPLAINTS,complaint,social,2024-08-20T08:40:31Z,36.546140,3,3,social > call > web,False,False,,,True,True,True,True,chose_abandon
SYNTHETIC,J02626,C02626,sign_up_for_plan,SUBSCRIPTION,assisted,ussd,2024-07-08T23:55:17Z,1.717637,2,2,ussd > call,True,False,call,2.000000,True,True,True,True,resolved
SYNTHETIC,J02627,C02627,deactivate_call_management_services,SERVICES,assisted,ussd,2024-08-29T09:36:20Z,0.906520,1,1,ussd,True,True,ussd,1.000000,False,False,True,False,resolved
SYNTHETIC,J02628,C02628,set_usage_limits,CONSUMPTION,assisted,call,2024-07-23T08:56:11Z,7.941670,2,1,call > call,True,False,call,2.000000,True,False,False,False,resolved
SYNTHETIC,J02629,C02629,invoices,BILLING,self_service_candidate,ussd,2024-06-25T03:20:55Z,1.150449,2,2,ussd > call,False,False,,,True,True,True,True,chose_abandon
SYNTHETIC,J02630,C02630,pay,PAYMENT,assisted,app,2024-06-28T10:25:44Z,3.881392,2,2,app > call,False,False,,,True,True,True,True,chose_abandon
SYNTHETIC,J02631,C02631,invoices,BILLING,self_service_candidate,ussd,2024-07-07T18:42:36Z,0.443478,1,1,ussd,True,True,ussd,1.000000,False,False,True,False,resolved
SYNTHETIC,J02632,C02632,check_signal_coverage,SERVICES,self_service_candidate,call,2024-07-23T07:32:35Z,6.172276,1,1,call,True,True,call,1.000000,False,False,False,False,resolved
SYNTHETIC,J02633,C02633,invoices,BILLING,self_service_candidate,ussd,2024-07-11T01:17:59Z,0.526794,1,1,ussd,False,False,,,False,False,True,False,chose_abandon
SYNTHETIC,J02634,C02634,human_agent,CONTACT,complaint,app,2024-06-05T03:56:58Z,1.765106,2,2,app > call,True,False,call,2.000000,True,True,True,True,resolved
SYNTHETIC,J02635,C02635,sign_up_for_plan,SUBSCRIPTION,assisted,call,2024-07-01T19:52:52Z,11.779850,1,1,call,True,True,call,1.000000,False,False,False,False,resolved
SYNTHETIC,J02636,C02636,dispute_invoice,BILLING,complaint,call,2024-07-30T02:25:10Z,7.109784,1,1,call,True,True,call,1.000000,False,False,False,False,resolved
SYNTHETIC,J02637,C02637,check_usage,CONSUMPTION,self_service_candidate,app,2024-06-23T14:04:32Z,2.092923,1,1,app,True,True,app,1.000000,False,False,True,False,resolved
SYNTHETIC,J02638,C02638,cancel_plan,SUBSCRIPTION,assisted,social,2024-06-10T09:23:16Z,31.654167,2,2,social > call,True,False,call,2.000000,True,True,True,True,resolved
SYNTHETIC,J02639,C02639,customer_service,CONTACT,assisted,ussd,2024-08-15T11:25:34Z,1.033976,3,3,ussd > web > call,False,False,,,True,True,True,True,chose_abandon
SYNTHETIC,J02640,C02640,invoices,BILLING,self_service_candidate,ussd,2024-08-21T14:37:31Z,0.580878,1,1,ussd,True,True,ussd,1.000000,False,False,True,False,resolved
SYNTHETIC,J02641,C02641,check_usage,CONSUMPTION,self_service_candidate,call,2024-07-23T04:16:12Z,10.419184,1,1,call,True,True,call,1.000000,False,False,False,False,resolved
SYNTHETIC,J02642,C02642,check_excess_data_charges,CONSUMPTION,self_service_candidate,call,2024-08-10T06:58:21Z,5.409865,1,1,call,True,True,call,1.000000,False,False,False,False,resolved
SYNTHETIC,J02643,C02643,check_usage,CONSUMPTION,self_service_candidate,web,2024-07-02T08:25:46Z,10.809879,1,1,web,True,True,web,1.000000,False,False,True,False,resolved
SYNTHETIC,J02644,C02644,invoices,BILLING,self_service_candidate,web,2024-06-16T14:48:54Z,20.049866,1,1,web,True,True,web,1.000000,False,False,True,False,resolved
SYNTHETIC,J02645,C02645,pay,PAYMENT,assisted,ussd,2024-08-17T01:50:04Z,0.979847,2,2,ussd > app,True,False,app,2.000000,True,True,True,False,resolved
SYNTHETIC,J02646,C02646,customer_service,CONTACT,assisted,social,2024-08-23T19:10:05Z,15.089133,1,1,social,False,False,,,False,False,True,False,chose_abandon
SYNTHETIC,J02647,C02647,sign_up_for_plan,SUBSCRIPTION,assisted,call,2024-07-26T21:59:48Z,5.289755,1,1,call,True,True,call,1.000000,False,False,False,False,resolved
SYNTHETIC,J02648,C02648,sign_up_for_plan,SUBSCRIPTION,assisted,web,2024-07-15T12:58:32Z,11.400883,3,2,web > call > call,True,False,call,3.000000,True,True,True,True,resolved
SYNTHETIC,J02649,C02649,cancel_plan,SUBSCRIPTION,assisted,web,2024-07-21T22:56:43Z,6.573307,4,3,web > call > ussd > ussd,False,False,,,True,True,True,True,max_contacts
SYNTHETIC,J02650,C02650,report_problem,COMPLAINTS,complaint,web,2024-07-23T18:27:14Z,3.407201,2,2,web > call,True,False,call,2.000000,True,True,True,True,resolved
SYNTHETIC,J02651,C02651,payment_methods,PAYMENT,self_service_candidate,call,2024-07-27T18:44:56Z,11.533301,1,1,call,True,True,call,1.000000,False,False,False,False,resolved
SYNTHETIC,J02652,C02652,schedule_payments,PAYMENT,assisted,app,2024-08-22T03:00:59Z,1.237658,1,1,app,True,True,app,1.000000,False,False,True,False,resolved
SYNTHETIC,J02653,C02653,human_agent,CONTACT,complaint,call,2024-08-10T03:39:16Z,5.618140,1,1,call,True,True,call,1.000000,False,False,False,False,resolved
SYNTHETIC,J02654,C02654,install_internet,SERVICES,assisted,web,2024-08-12T20:11:45Z,5.052024,1,1,web,True,True,web,1.000000,False,False,True,False,resolved
SYNTHETIC,J02655,C02655,dispute_invoice,BILLING,complaint,call,2024-07-31T16:16:58Z,8.154631,1,1,call,True,True,call,1.000000,False,False,False,False,resolved
SYNTHETIC,J02656,C02656,invoices,BILLING,self_service_candidate,ussd,2024-06-26T05:40:16Z,1.138242,1,1,ussd,True,True,ussd,1.000000,False,False,True,False,resolved
SYNTHETIC,J02657,C02657,get_compensation,COMPLAINTS,complaint,web,2024-08-01T01:41:45Z,5.595353,4,3,web > app > call > call,False,False,,,True,True,True,True,max_contacts
SYNTHETIC,J02658,C02658,check_usage,CONSUMPTION,self_service_candidate,call,2024-09-01T03:02:01Z,6.860979,1,1,call,True,True,call,1.000000,False,False,False,False,resolved
SYNTHETIC,J02659,C02659,deactivate_phone,SERVICES,assisted,app,2024-07-05T23:29:38Z,3.288542,1,1,app,True,True,app,1.000000,False,False,True,False,resolved
SYNTHETIC,J02660,C02660,check_usage,CONSUMPTION,self_service_candidate,call,2024-08-04T13:50:41Z,13.275598,1,1,call,True,True,call,1.000000,False,False,False,False,resolved
SYNTHETIC,J02661,C02661,invoices,BILLING,self_service_candidate,ussd,2024-06-16T22:10:22Z,1.623774,1,1,ussd,True,True,ussd,1.000000,False,False,True,False,resolved
SYNTHETIC,J02662,C02662,set_usage_limits,CONSUMPTION,assisted,ussd,2024-07-19T13:53:23Z,1.841692,1,1,ussd,True,True,ussd,1.000000,False,False,True,False,resolved
SYNTHETIC,J02663,C02663,schedule_payments,PAYMENT,assisted,ussd,2024-08-23T02:36:20Z,1.040066,1,1,ussd,True,True,ussd,1.000000,False,False,True,False,resolved
SYNTHETIC,J02664,C02664,check_excess_data_charges,CONSUMPTION,self_service_candidate,call,2024-06-20T16:51:13Z,8.487604,1,1,call,True,True,call,1.000000,False,False,False,False,resolved
SYNTHETIC,J02665,C02665,pay,PAYMENT,assisted,call,2024-08-13T21:09:59Z,3.779670,1,1,call,True,True,call,1.000000,False,False,False,False,resolved
SYNTHETIC,J02666,C02666,schedule_payments,PAYMENT,assisted,ussd,2024-08-17T05:57:15Z,0.509037,3,2,ussd > call > call,True,False,call,3.000000,True,True,True,True,resolved
SYNTHETIC,J02667,C02667,payment_methods,PAYMENT,self_service_candidate,call,2024-07-27T01:25:23Z,8.223365,1,1,call,True,True,call,1.000000,False,False,False,False,resolved
SYNTHETIC,J02668,C02668,check_usage,CONSUMPTION,self_service_candidate,web,2024-08-07T16:13:46Z,3.703382,1,1,web,True,True,web,1.000000,False,False,True,False,resolved
SYNTHETIC,J02669,C02669,check_usage,CONSUMPTION,self_service_candidate,ussd,2024-06-21T09:51:26Z,0.962495,1,1,ussd,False,False,,,False,False,True,False,chose_abandon
SYNTHETIC,J02670,C02670,invoices,BILLING,self_service_candidate,call,2024-08-14T15:12:44Z,17.416306,2,2,call > web,True,False,web,2.000000,True,True,False,False,resolved
SYNTHETIC,J02671,C02671,schedule_payments,PAYMENT,assisted,ussd,2024-06-08T10:44:32Z,1.091658,2,2,ussd > call,True,False,call,2.000000,True,True,True,True,resolved
SYNTHETIC,J02672,C02672,check_signal_coverage,SERVICES,self_service_candidate,social,2024-08-19T05:05:29Z,46.117176,3,2,social > social > call,True,False,call,3.000000,True,True,True,True,resolved
SYNTHETIC,J02673,C02673,check_usage,CONSUMPTION,self_service_candidate,app,2024-06-27T02:34:58Z,3.847816,1,1,app,True,True,app,1.000000,False,False,True,False,resolved
SYNTHETIC,J02674,C02674,check_usage,CONSUMPTION,self_service_candidate,call,2024-07-04T16:05:16Z,12.310301,1,1,call,True,True,call,1.000000,False,False,False,False,resolved
SYNTHETIC,J02675,C02675,report_poor_signal_coverage,COMPLAINTS,complaint,call,2024-07-11T07:42:12Z,10.610757,1,1,call,True,True,call,1.000000,False,False,False,False,resolved
SYNTHETIC,J02676,C02676,report_problem,COMPLAINTS,complaint,app,2024-08-30T19:43:02Z,4.029949,2,2,app > call,True,False,call,2.000000,True,True,True,True,resolved
SYNTHETIC,J02677,C02677,check_signal_coverage,SERVICES,self_service_candidate,app,2024-06-15T17:37:51Z,1.853415,1,1,app,True,True,app,1.000000,False,False,True,False,resolved
SYNTHETIC,J02678,C02678,check_usage,CONSUMPTION,self_service_candidate,social,2024-07-31T22:41:57Z,33.146163,2,2,social > call,True,False,call,2.000000,True,True,True,True,resolved
SYNTHETIC,J02679,C02679,human_agent,CONTACT,complaint,ussd,2024-06-23T08:53:45Z,0.540924,2,1,ussd > ussd,True,False,ussd,2.000000,True,False,True,False,resolved
SYNTHETIC,J02680,C02680,pay,PAYMENT,assisted,web,2024-08-21T03:05:57Z,8.864765,2,2,web > call,True,False,call,2.000000,True,True,True,True,resolved
SYNTHETIC,J02681,C02681,deactivate_phone,SERVICES,assisted,call,2024-06-07T12:57:53Z,3.054029,1,1,call,False,False,,,False,False,False,False,chose_abandon
SYNTHETIC,J02682,C02682,pay,PAYMENT,assisted,app,2024-07-13T22:17:03Z,1.804302,2,2,app > call,True,False,call,2.000000,True,True,True,True,resolved
SYNTHETIC,J02683,C02683,check_cancellation_fee,SUBSCRIPTION,self_service_candidate,ussd,2024-07-09T17:05:23Z,0.845955,2,2,ussd > call,True,False,call,2.000000,True,True,True,True,resolved
SYNTHETIC,J02684,C02684,dispute_invoice,BILLING,complaint,web,2024-07-13T05:29:04Z,4.216036,2,2,web > call,True,False,call,2.000000,True,True,True,True,resolved
SYNTHETIC,J02685,C02685,invoices,BILLING,self_service_candidate,app,2024-06-23T19:36:56Z,1.729120,1,1,app,True,True,app,1.000000,False,False,True,False,resolved
SYNTHETIC,J02686,C02686,human_agent,CONTACT,complaint,app,2024-07-17T20:51:09Z,1.628512,4,2,app > app > call > call,False,False,,,True,True,True,True,max_contacts
SYNTHETIC,J02687,C02687,invoices,BILLING,self_service_candidate,ussd,2024-06-30T05:18:20Z,1.744168,1,1,ussd,True,True,ussd,1.000000,False,False,True,False,resolved
SYNTHETIC,J02688,C02688,change_plan,SUBSCRIPTION,assisted,ussd,2024-08-30T10:47:25Z,0.445007,1,1,ussd,True,True,ussd,1.000000,False,False,True,False,resolved
SYNTHETIC,J02689,C02689,check_excess_data_charges,CONSUMPTION,self_service_candidate,ussd,2024-08-03T20:20:50Z,0.803667,1,1,ussd,True,True,ussd,1.000000,False,False,True,False,resolved
SYNTHETIC,J02690,C02690,pay,PAYMENT,assisted,ussd,2024-07-07T16:43:12Z,1.039462,2,1,ussd > ussd,True,False,ussd,2.000000,True,False,True,False,resolved
SYNTHETIC,J02691,C02691,install_internet,SERVICES,assisted,app,2024-08-25T01:56:04Z,0.896960,2,2,app > call,True,False,call,2.000000,True,True,True,True,resolved
SYNTHETIC,J02692,C02692,sign_up_for_plan,SUBSCRIPTION,assisted,ussd,2024-07-02T08:49:10Z,0.713877,1,1,ussd,True,True,ussd,1.000000,False,False,True,False,resolved
SYNTHETIC,J02693,C02693,check_usage,CONSUMPTION,self_service_candidate,ussd,2024-07-07T19:51:56Z,1.332585,1,1,ussd,True,True,ussd,1.000000,False,False,True,False,resolved
SYNTHETIC,J02694,C02694,dispute_invoice,BILLING,complaint,web,2024-08-11T20:51:33Z,8.921202,2,2,web > call,True,False,call,2.000000,True,True,True,True,resolved
SYNTHETIC,J02695,C02695,check_mobile_payments,PAYMENT,self_service_candidate,call,2024-06-26T15:59:02Z,4.465186,1,1,call,True,True,call,1.000000,False,False,False,False,resolved
SYNTHETIC,J02696,C02696,change_plan,SUBSCRIPTION,assisted,social,2024-07-28T03:58:19Z,219.716734,3,2,social > call > call,True,False,call,3.000000,True,True,True,True,resolved
SYNTHETIC,J02697,C02697,customer_service,CONTACT,assisted,ussd,2024-07-31T14:21:00Z,0.720862,2,2,ussd > call,True,False,call,2.000000,True,True,True,True,resolved
SYNTHETIC,J02698,C02698,customer_service,CONTACT,assisted,app,2024-08-08T07:56:17Z,1.453893,1,1,app,True,True,app,1.000000,False,False,True,False,resolved
SYNTHETIC,J02699,C02699,customer_service,CONTACT,assisted,call,2024-07-05T19:45:17Z,6.668858,1,1,call,True,True,call,1.000000,False,False,False,False,resolved
SYNTHETIC,J02700,C02700,invoices,BILLING,self_service_candidate,call,2024-08-25T06:00:26Z,2.753029,1,1,call,True,True,call,1.000000,False,False,False,False,resolved
SYNTHETIC,J02701,C02701,report_problem,COMPLAINTS,complaint,call,2024-08-11T09:32:44Z,5.985429,3,2,call > social > call,True,False,call,3.000000,True,True,False,False,resolved
SYNTHETIC,J02702,C02702,sign_up_for_plan,SUBSCRIPTION,assisted,ussd,2024-08-19T17:24:32Z,0.696153,1,1,ussd,True,True,ussd,1.000000,False,False,True,False,resolved
SYNTHETIC,J02703,C02703,customer_service,CONTACT,assisted,app,2024-07-19T20:23:59Z,1.613764,2,2,app > web,True,False,web,2.000000,True,True,True,False,resolved
SYNTHETIC,J02704,C02704,sign_up_for_plan,SUBSCRIPTION,assisted,ussd,2024-08-09T21:08:59Z,2.024429,2,2,ussd > call,True,False,call,2.000000,True,True,True,True,resolved
SYNTHETIC,J02705,C02705,report_problem,COMPLAINTS,complaint,ussd,2024-08-17T22:58:34Z,1.644554,3,2,ussd > call > call,True,False,call,3.000000,True,True,True,True,resolved
SYNTHETIC,J02706,C02706,activate_call_management_services,SERVICES,assisted,app,2024-08-22T22:06:16Z,1.674752,2,2,app > call,True,False,call,2.000000,True,True,True,True,resolved
SYNTHETIC,J02707,C02707,activate_roaming,SERVICES,assisted,ussd,2024-08-11T12:29:48Z,0.963147,1,1,ussd,True,True,ussd,1.000000,False,False,True,False,resolved
SYNTHETIC,J02708,C02708,pay,PAYMENT,assisted,app,2024-08-24T03:10:18Z,3.870057,1,1,app,True,True,app,1.000000,False,False,True,False,resolved
SYNTHETIC,J02709,C02709,check_usage,CONSUMPTION,self_service_candidate,ussd,2024-08-10T04:35:47Z,1.469878,1,1,ussd,True,True,ussd,1.000000,False,False,True,False,resolved
SYNTHETIC,J02710,C02710,schedule_payments,PAYMENT,assisted,app,2024-08-15T01:09:37Z,5.156105,1,1,app,True,True,app,1.000000,False,False,True,False,resolved
SYNTHETIC,J02711,C02711,change_plan,SUBSCRIPTION,assisted,call,2024-06-27T01:18:48Z,5.572254,1,1,call,True,True,call,1.000000,False,False,False,False,resolved
SYNTHETIC,J02712,C02712,report_poor_signal_coverage,COMPLAINTS,complaint,app,2024-08-27T00:47:57Z,2.348265,4,2,app > call > app > call,False,False,,,True,True,True,True,max_contacts
SYNTHETIC,J02713,C02713,check_usage,CONSUMPTION,self_service_candidate,ussd,2024-07-01T14:07:30Z,1.328870,1,1,ussd,True,True,ussd,1.000000,False,False,True,False,resolved
SYNTHETIC,J02714,C02714,change_plan,SUBSCRIPTION,assisted,ussd,2024-07-27T10:08:37Z,1.108668,1,1,ussd,True,True,ussd,1.000000,False,False,True,False,resolved
SYNTHETIC,J02715,C02715,check_signal_coverage,SERVICES,self_service_candidate,app,2024-07-10T07:41:33Z,1.911532,1,1,app,True,True,app,1.000000,False,False,True,False,resolved
SYNTHETIC,J02716,C02716,check_usage,CONSUMPTION,self_service_candidate,call,2024-07-28T05:31:37Z,3.901070,1,1,call,True,True,call,1.000000,False,False,False,False,resolved
SYNTHETIC,J02717,C02717,report_poor_signal_coverage,COMPLAINTS,complaint,ussd,2024-06-08T04:14:16Z,0.864600,1,1,ussd,False,False,,,False,False,True,False,chose_abandon
SYNTHETIC,J02718,C02718,report_poor_signal_coverage,COMPLAINTS,complaint,social,2024-08-13T18:11:33Z,17.330295,2,2,social > call,True,False,call,2.000000,True,True,True,True,resolved
SYNTHETIC,J02719,C02719,dispute_invoice,BILLING,complaint,call,2024-06-20T03:43:20Z,14.327803,1,1,call,True,True,call,1.000000,False,False,False,False,resolved
SYNTHETIC,J02720,C02720,install_internet,SERVICES,assisted,call,2024-07-05T21:24:44Z,10.322549,2,1,call > call,True,False,call,2.000000,True,False,False,False,resolved
SYNTHETIC,J02721,C02721,invoices,BILLING,self_service_candidate,app,2024-07-20T02:39:21Z,1.849491,1,1,app,True,True,app,1.000000,False,False,True,False,resolved
SYNTHETIC,J02722,C02722,invoices,BILLING,self_service_candidate,app,2024-07-10T17:31:28Z,2.065692,2,1,app > app,False,False,,,True,False,True,False,chose_abandon
SYNTHETIC,J02723,C02723,check_cancellation_fee,SUBSCRIPTION,self_service_candidate,ussd,2024-08-18T15:42:51Z,0.671676,1,1,ussd,True,True,ussd,1.000000,False,False,True,False,resolved
SYNTHETIC,J02724,C02724,report_problem,COMPLAINTS,complaint,app,2024-08-29T23:23:33Z,1.094612,1,1,app,True,True,app,1.000000,False,False,True,False,resolved
SYNTHETIC,J02725,C02725,change_plan,SUBSCRIPTION,assisted,app,2024-06-10T17:40:10Z,3.162733,2,2,app > call,True,False,call,2.000000,True,True,True,True,resolved
SYNTHETIC,J02726,C02726,check_signal_coverage,SERVICES,self_service_candidate,web,2024-07-25T21:46:53Z,11.432378,2,2,web > call,True,False,call,2.000000,True,True,True,True,resolved
SYNTHETIC,J02727,C02727,cancel_plan,SUBSCRIPTION,assisted,call,2024-08-10T00:52:02Z,2.369545,1,1,call,True,True,call,1.000000,False,False,False,False,resolved
SYNTHETIC,J02728,C02728,change_provider,SUBSCRIPTION,assisted,call,2024-07-14T01:51:14Z,9.980105,1,1,call,True,True,call,1.000000,False,False,False,False,resolved
SYNTHETIC,J02729,C02729,report_problem,COMPLAINTS,complaint,web,2024-06-17T13:31:00Z,5.310060,3,3,web > ussd > call,True,False,call,3.000000,True,True,True,True,resolved
SYNTHETIC,J02730,C02730,dispute_invoice,BILLING,complaint,web,2024-08-17T16:25:09Z,1.708818,4,2,web > call > call > call,False,False,,,True,True,True,True,max_contacts
SYNTHETIC,J02731,C02731,check_usage,CONSUMPTION,self_service_candidate,app,2024-08-13T02:08:16Z,3.567215,1,1,app,True,True,app,1.000000,False,False,True,False,resolved
SYNTHETIC,J02732,C02732,invoices,BILLING,self_service_candidate,call,2024-06-11T13:04:48Z,7.115258,1,1,call,True,True,call,1.000000,False,False,False,False,resolved
SYNTHETIC,J02733,C02733,check_signal_coverage,SERVICES,self_service_candidate,social,2024-07-18T15:02:15Z,43.364165,2,2,social > call,True,False,call,2.000000,True,True,True,True,resolved
SYNTHETIC,J02734,C02734,install_internet,SERVICES,assisted,web,2024-08-07T21:09:20Z,1.640559,1,1,web,True,True,web,1.000000,False,False,True,False,resolved
SYNTHETIC,J02735,C02735,check_mobile_payments,PAYMENT,self_service_candidate,app,2024-08-05T03:05:45Z,1.655300,1,1,app,True,True,app,1.000000,False,False,True,False,resolved
SYNTHETIC,J02736,C02736,invoices,BILLING,self_service_candidate,ussd,2024-08-26T11:42:22Z,0.667655,2,2,ussd > call,True,False,call,2.000000,True,True,True,True,resolved
SYNTHETIC,J02737,C02737,activate_phone,SERVICES,assisted,call,2024-08-06T23:37:38Z,6.588457,1,1,call,True,True,call,1.000000,False,False,False,False,resolved
SYNTHETIC,J02738,C02738,check_excess_data_charges,CONSUMPTION,self_service_candidate,call,2024-06-16T20:35:31Z,11.498653,1,1,call,True,True,call,1.000000,False,False,False,False,resolved
SYNTHETIC,J02739,C02739,check_usage,CONSUMPTION,self_service_candidate,app,2024-06-19T17:48:49Z,1.162086,1,1,app,True,True,app,1.000000,False,False,True,False,resolved
SYNTHETIC,J02740,C02740,activate_call_management_services,SERVICES,assisted,app,2024-08-05T03:02:04Z,2.283346,3,2,app > app > ussd,True,False,ussd,3.000000,True,True,True,False,resolved
SYNTHETIC,J02741,C02741,invoices,BILLING,self_service_candidate,app,2024-08-20T11:29:40Z,2.530659,2,1,app > app,True,False,app,2.000000,True,False,True,False,resolved
SYNTHETIC,J02742,C02742,get_compensation,COMPLAINTS,complaint,call,2024-07-06T07:32:06Z,12.224164,1,1,call,True,True,call,1.000000,False,False,False,False,resolved
SYNTHETIC,J02743,C02743,invoices,BILLING,self_service_candidate,ussd,2024-06-23T14:18:32Z,2.713721,2,2,ussd > call,True,False,call,2.000000,True,True,True,True,resolved
SYNTHETIC,J02744,C02744,report_problem,COMPLAINTS,complaint,call,2024-08-29T16:18:05Z,4.990499,1,1,call,True,True,call,1.000000,False,False,False,False,resolved
SYNTHETIC,J02745,C02745,cancel_plan,SUBSCRIPTION,assisted,app,2024-06-05T23:19:19Z,2.038548,4,4,app > web > ussd > call,True,False,call,4.000000,True,True,True,True,resolved
SYNTHETIC,J02746,C02746,check_excess_data_charges,CONSUMPTION,self_service_candidate,social,2024-08-10T13:18:02Z,23.461088,2,2,social > call,True,False,call,2.000000,True,True,True,True,resolved
SYNTHETIC,J02747,C02747,report_problem,COMPLAINTS,complaint,web,2024-06-07T07:35:45Z,4.061220,3,3,web > ussd > call,True,False,call,3.000000,True,True,True,True,resolved
SYNTHETIC,J02748,C02748,install_internet,SERVICES,assisted,call,2024-07-07T05:25:38Z,3.000202,1,1,call,False,False,,,False,False,False,False,chose_abandon
SYNTHETIC,J02749,C02749,deactivate_phone,SERVICES,assisted,call,2024-07-31T17:23:40Z,4.039754,1,1,call,True,True,call,1.000000,False,False,False,False,resolved
SYNTHETIC,J02750,C02750,check_excess_data_charges,CONSUMPTION,self_service_candidate,ussd,2024-06-03T07:30:31Z,0.984278,3,2,ussd > web > web,True,False,web,3.000000,True,True,True,False,resolved
SYNTHETIC,J02751,C02751,payment_methods,PAYMENT,self_service_candidate,app,2024-07-08T19:33:00Z,3.812703,2,2,app > call,True,False,call,2.000000,True,True,True,True,resolved
SYNTHETIC,J02752,C02752,report_problem,COMPLAINTS,complaint,app,2024-06-17T21:45:05Z,3.851951,1,1,app,True,True,app,1.000000,False,False,True,False,resolved
SYNTHETIC,J02753,C02753,check_signal_coverage,SERVICES,self_service_candidate,ussd,2024-07-02T23:39:59Z,0.652028,1,1,ussd,True,True,ussd,1.000000,False,False,True,False,resolved
SYNTHETIC,J02754,C02754,sign_up_for_plan,SUBSCRIPTION,assisted,web,2024-08-05T20:03:33Z,6.287644,2,1,web > web,True,False,web,2.000000,True,False,True,False,resolved
SYNTHETIC,J02755,C02755,human_agent,CONTACT,complaint,ussd,2024-06-13T16:13:25Z,1.935451,1,1,ussd,True,True,ussd,1.000000,False,False,True,False,resolved
SYNTHETIC,J02756,C02756,cancel_plan,SUBSCRIPTION,assisted,ussd,2024-08-29T01:32:59Z,0.860892,1,1,ussd,True,True,ussd,1.000000,False,False,True,False,resolved
SYNTHETIC,J02757,C02757,check_excess_data_charges,CONSUMPTION,self_service_candidate,call,2024-07-21T04:09:10Z,4.098365,1,1,call,True,True,call,1.000000,False,False,False,False,resolved
SYNTHETIC,J02758,C02758,payment_methods,PAYMENT,self_service_candidate,social,2024-07-22T03:52:33Z,21.768854,3,2,social > call > call,False,False,,,True,True,True,True,chose_abandon
SYNTHETIC,J02759,C02759,check_usage,CONSUMPTION,self_service_candidate,ussd,2024-08-30T06:09:50Z,0.461075,1,1,ussd,True,True,ussd,1.000000,False,False,True,False,resolved
SYNTHETIC,J02760,C02760,check_signal_coverage,SERVICES,self_service_candidate,ussd,2024-07-26T18:05:46Z,1.107158,1,1,ussd,True,True,ussd,1.000000,False,False,True,False,resolved
SYNTHETIC,J02761,C02761,change_plan,SUBSCRIPTION,assisted,web,2024-06-24T03:02:43Z,3.298543,1,1,web,True,True,web,1.000000,False,False,True,False,resolved
SYNTHETIC,J02762,C02762,report_problem,COMPLAINTS,complaint,call,2024-08-20T14:09:14Z,6.479293,1,1,call,True,True,call,1.000000,False,False,False,False,resolved
SYNTHETIC,J02763,C02763,report_poor_signal_coverage,COMPLAINTS,complaint,social,2024-07-04T11:50:42Z,26.266204,4,2,social > social > call > call,False,False,,,True,True,True,True,max_contacts
SYNTHETIC,J02764,C02764,check_usage,CONSUMPTION,self_service_candidate,ussd,2024-08-24T09:24:50Z,0.729979,2,1,ussd > ussd,True,False,ussd,2.000000,True,False,True,False,resolved
SYNTHETIC,J02765,C02765,check_usage,CONSUMPTION,self_service_candidate,ussd,2024-08-26T13:42:25Z,0.721554,1,1,ussd,True,True,ussd,1.000000,False,False,True,False,resolved
SYNTHETIC,J02766,C02766,activate_phone,SERVICES,assisted,call,2024-08-12T14:16:26Z,4.188786,1,1,call,True,True,call,1.000000,False,False,False,False,resolved
SYNTHETIC,J02767,C02767,set_usage_limits,CONSUMPTION,assisted,app,2024-06-06T22:30:21Z,4.088717,1,1,app,True,True,app,1.000000,False,False,True,False,resolved
SYNTHETIC,J02768,C02768,check_signal_coverage,SERVICES,self_service_candidate,call,2024-08-18T22:25:25Z,11.196535,1,1,call,True,True,call,1.000000,False,False,False,False,resolved
SYNTHETIC,J02769,C02769,schedule_payments,PAYMENT,assisted,app,2024-06-17T19:03:45Z,1.954600,4,3,app > call > web > app,False,False,,,True,True,True,True,max_contacts
SYNTHETIC,J02770,C02770,set_usage_limits,CONSUMPTION,assisted,web,2024-06-19T22:16:39Z,4.200355,1,1,web,True,True,web,1.000000,False,False,True,False,resolved
SYNTHETIC,J02771,C02771,pay,PAYMENT,assisted,web,2024-06-09T19:59:07Z,1.055125,1,1,web,True,True,web,1.000000,False,False,True,False,resolved
SYNTHETIC,J02772,C02772,check_usage,CONSUMPTION,self_service_candidate,call,2024-06-08T15:49:17Z,7.129009,1,1,call,False,False,,,False,False,False,False,chose_abandon
SYNTHETIC,J02773,C02773,get_compensation,COMPLAINTS,complaint,app,2024-08-30T03:04:18Z,5.284018,2,1,app > app,False,False,,,True,False,True,False,chose_abandon
SYNTHETIC,J02774,C02774,report_problem,COMPLAINTS,complaint,web,2024-06-17T05:30:47Z,4.886653,1,1,web,True,True,web,1.000000,False,False,True,False,resolved
SYNTHETIC,J02775,C02775,invoices,BILLING,self_service_candidate,app,2024-08-31T04:28:03Z,3.165220,1,1,app,True,True,app,1.000000,False,False,True,False,resolved
SYNTHETIC,J02776,C02776,schedule_payments,PAYMENT,assisted,social,2024-06-18T06:42:53Z,53.111236,1,1,social,True,True,social,1.000000,False,False,True,False,resolved
SYNTHETIC,J02777,C02777,human_agent,CONTACT,complaint,call,2024-07-28T04:36:05Z,5.254202,1,1,call,False,False,,,False,False,False,False,chose_abandon
SYNTHETIC,J02778,C02778,dispute_invoice,BILLING,complaint,call,2024-06-20T05:44:40Z,4.541414,3,2,call > call > ussd,True,False,ussd,3.000000,True,True,False,False,resolved
SYNTHETIC,J02779,C02779,check_cancellation_fee,SUBSCRIPTION,self_service_candidate,app,2024-07-22T22:16:46Z,1.745259,1,1,app,True,True,app,1.000000,False,False,True,False,resolved
SYNTHETIC,J02780,C02780,report_problem,COMPLAINTS,complaint,call,2024-08-25T17:41:25Z,5.934931,1,1,call,True,True,call,1.000000,False,False,False,False,resolved
SYNTHETIC,J02781,C02781,change_plan,SUBSCRIPTION,assisted,ussd,2024-07-10T23:58:43Z,1.706863,1,1,ussd,True,True,ussd,1.000000,False,False,True,False,resolved
SYNTHETIC,J02782,C02782,change_plan,SUBSCRIPTION,assisted,web,2024-07-26T22:48:11Z,5.449750,3,2,web > call > call,True,False,call,3.000000,True,True,True,True,resolved
SYNTHETIC,J02783,C02783,check_usage,CONSUMPTION,self_service_candidate,web,2024-07-29T10:32:10Z,4.997149,4,3,web > call > call > social,False,False,,,True,True,True,True,max_contacts
SYNTHETIC,J02784,C02784,human_agent,CONTACT,complaint,web,2024-08-08T12:51:30Z,4.254067,4,3,web > ussd > call > call,False,False,,,True,True,True,True,max_contacts
SYNTHETIC,J02785,C02785,check_cancellation_fee,SUBSCRIPTION,self_service_candidate,ussd,2024-08-20T23:45:53Z,1.380130,1,1,ussd,True,True,ussd,1.000000,False,False,True,False,resolved
SYNTHETIC,J02786,C02786,install_internet,SERVICES,assisted,ussd,2024-07-10T23:18:39Z,0.775484,4,2,ussd > call > call > call,False,False,,,True,True,True,True,max_contacts
SYNTHETIC,J02787,C02787,check_signal_coverage,SERVICES,self_service_candidate,ussd,2024-07-07T00:39:37Z,2.224161,1,1,ussd,True,True,ussd,1.000000,False,False,True,False,resolved
SYNTHETIC,J02788,C02788,report_poor_signal_coverage,COMPLAINTS,complaint,call,2024-07-26T03:41:33Z,2.772211,4,2,call > app > call > call,True,False,call,4.000000,True,True,False,False,resolved
SYNTHETIC,J02789,C02789,deactivate_call_management_services,SERVICES,assisted,ussd,2024-06-05T01:33:41Z,1.410431,1,1,ussd,False,False,,,False,False,True,False,chose_abandon
SYNTHETIC,J02790,C02790,schedule_payments,PAYMENT,assisted,social,2024-06-10T02:26:07Z,40.470505,3,2,social > call > call,True,False,call,3.000000,True,True,True,True,resolved
SYNTHETIC,J02791,C02791,activate_call_management_services,SERVICES,assisted,social,2024-06-14T09:24:06Z,18.590627,2,2,social > call,True,False,call,2.000000,True,True,True,True,resolved
SYNTHETIC,J02792,C02792,report_problem,COMPLAINTS,complaint,web,2024-07-23T06:33:56Z,5.181624,1,1,web,True,True,web,1.000000,False,False,True,False,resolved
SYNTHETIC,J02793,C02793,human_agent,CONTACT,complaint,web,2024-07-19T05:18:05Z,5.256652,2,2,web > call,False,False,,,True,True,True,True,chose_abandon
SYNTHETIC,J02794,C02794,check_mobile_payments,PAYMENT,self_service_candidate,call,2024-08-17T16:06:18Z,9.706629,1,1,call,True,True,call,1.000000,False,False,False,False,resolved
SYNTHETIC,J02795,C02795,report_poor_signal_coverage,COMPLAINTS,complaint,web,2024-08-29T12:41:01Z,2.192574,1,1,web,True,True,web,1.000000,False,False,True,False,resolved
SYNTHETIC,J02796,C02796,install_internet,SERVICES,assisted,ussd,2024-06-13T23:05:43Z,1.503564,1,1,ussd,False,False,,,False,False,True,False,chose_abandon
SYNTHETIC,J02797,C02797,change_plan,SUBSCRIPTION,assisted,web,2024-06-03T16:17:29Z,4.930129,1,1,web,True,True,web,1.000000,False,False,True,False,resolved
SYNTHETIC,J02798,C02798,pay,PAYMENT,assisted,call,2024-06-24T22:13:03Z,5.942483,1,1,call,True,True,call,1.000000,False,False,False,False,resolved
SYNTHETIC,J02799,C02799,deactivate_phone,SERVICES,assisted,call,2024-06-17T11:16:10Z,8.726652,2,1,call > call,True,False,call,2.000000,True,False,False,False,resolved
SYNTHETIC,J02800,C02800,schedule_payments,PAYMENT,assisted,app,2024-07-21T01:03:48Z,3.297515,1,1,app,True,True,app,1.000000,False,False,True,False,resolved
SYNTHETIC,J02801,C02801,check_excess_data_charges,CONSUMPTION,self_service_candidate,ussd,2024-07-09T19:50:20Z,0.847696,1,1,ussd,True,True,ussd,1.000000,False,False,True,False,resolved
SYNTHETIC,J02802,C02802,report_poor_signal_coverage,COMPLAINTS,complaint,call,2024-07-11T08:45:38Z,5.681048,1,1,call,True,True,call,1.000000,False,False,False,False,resolved
SYNTHETIC,J02803,C02803,set_usage_limits,CONSUMPTION,assisted,ussd,2024-08-13T23:27:47Z,0.756286,1,1,ussd,True,True,ussd,1.000000,False,False,True,False,resolved
SYNTHETIC,J02804,C02804,check_mobile_payments,PAYMENT,self_service_candidate,app,2024-07-12T14:39:42Z,1.150178,1,1,app,True,True,app,1.000000,False,False,True,False,resolved
SYNTHETIC,J02805,C02805,install_internet,SERVICES,assisted,app,2024-08-18T05:05:58Z,2.634330,1,1,app,True,True,app,1.000000,False,False,True,False,resolved
SYNTHETIC,J02806,C02806,deactivate_call_management_services,SERVICES,assisted,ussd,2024-07-15T13:11:16Z,2.167853,1,1,ussd,False,False,,,False,False,True,False,chose_abandon
SYNTHETIC,J02807,C02807,cancel_plan,SUBSCRIPTION,assisted,ussd,2024-07-31T21:21:04Z,2.389356,3,2,ussd > call > call,True,False,call,3.000000,True,True,True,True,resolved
SYNTHETIC,J02808,C02808,dispute_invoice,BILLING,complaint,ussd,2024-07-25T10:57:52Z,2.097224,1,1,ussd,False,False,,,False,False,True,False,chose_abandon
SYNTHETIC,J02809,C02809,customer_service,CONTACT,assisted,ussd,2024-06-28T04:07:55Z,1.102073,4,3,ussd > app > ussd > call,False,False,,,True,True,True,True,max_contacts
SYNTHETIC,J02810,C02810,check_usage,CONSUMPTION,self_service_candidate,app,2024-08-31T01:39:23Z,1.714279,1,1,app,True,True,app,1.000000,False,False,True,False,resolved
SYNTHETIC,J02811,C02811,check_usage,CONSUMPTION,self_service_candidate,ussd,2024-07-27T09:59:52Z,0.817944,1,1,ussd,True,True,ussd,1.000000,False,False,True,False,resolved
SYNTHETIC,J02812,C02812,dispute_invoice,BILLING,complaint,call,2024-07-23T19:32:17Z,7.337211,1,1,call,True,True,call,1.000000,False,False,False,False,resolved
SYNTHETIC,J02813,C02813,report_problem,COMPLAINTS,complaint,app,2024-07-29T02:32:04Z,3.478479,1,1,app,False,False,,,False,False,True,False,chose_abandon
SYNTHETIC,J02814,C02814,schedule_payments,PAYMENT,assisted,web,2024-08-21T00:35:19Z,4.140044,1,1,web,True,True,web,1.000000,False,False,True,False,resolved
SYNTHETIC,J02815,C02815,pay,PAYMENT,assisted,ussd,2024-08-29T10:05:31Z,1.139285,2,2,ussd > call,True,False,call,2.000000,True,True,True,True,resolved
SYNTHETIC,J02816,C02816,deactivate_phone,SERVICES,assisted,call,2024-08-27T22:35:54Z,5.473636,1,1,call,True,True,call,1.000000,False,False,False,False,resolved
SYNTHETIC,J02817,C02817,activate_phone,SERVICES,assisted,app,2024-07-11T15:25:05Z,1.502875,1,1,app,True,True,app,1.000000,False,False,True,False,resolved
SYNTHETIC,J02818,C02818,dispute_invoice,BILLING,complaint,call,2024-08-03T03:05:47Z,4.045177,1,1,call,True,True,call,1.000000,False,False,False,False,resolved
SYNTHETIC,J02819,C02819,invoices,BILLING,self_service_candidate,call,2024-08-27T04:33:41Z,2.913787,1,1,call,True,True,call,1.000000,False,False,False,False,resolved
SYNTHETIC,J02820,C02820,payment_methods,PAYMENT,self_service_candidate,ussd,2024-07-06T23:53:47Z,0.917695,1,1,ussd,True,True,ussd,1.000000,False,False,True,False,resolved
SYNTHETIC,J02821,C02821,check_usage,CONSUMPTION,self_service_candidate,ussd,2024-07-28T10:03:04Z,0.357181,1,1,ussd,True,True,ussd,1.000000,False,False,True,False,resolved
SYNTHETIC,J02822,C02822,dispute_invoice,BILLING,complaint,web,2024-08-31T19:39:13Z,14.372664,3,2,web > web > call,True,False,call,3.000000,True,True,True,True,resolved
SYNTHETIC,J02823,C02823,human_agent,CONTACT,complaint,app,2024-07-03T14:02:41Z,6.693926,4,3,app > call > web > call,False,False,,,True,True,True,True,max_contacts
SYNTHETIC,J02824,C02824,check_mobile_payments,PAYMENT,self_service_candidate,ussd,2024-06-11T08:29:19Z,0.878159,1,1,ussd,True,True,ussd,1.000000,False,False,True,False,resolved
SYNTHETIC,J02825,C02825,report_problem,COMPLAINTS,complaint,web,2024-08-02T18:10:28Z,4.601512,4,2,web > web > ussd > ussd,False,False,,,True,True,True,False,max_contacts
SYNTHETIC,J02826,C02826,human_agent,CONTACT,complaint,call,2024-06-28T17:49:51Z,3.685069,2,1,call > call,True,False,call,2.000000,True,False,False,False,resolved
SYNTHETIC,J02827,C02827,change_provider,SUBSCRIPTION,assisted,ussd,2024-07-07T07:40:19Z,1.147934,2,1,ussd > ussd,False,False,,,True,False,True,False,chose_abandon
SYNTHETIC,J02828,C02828,payment_methods,PAYMENT,self_service_candidate,app,2024-08-18T11:55:11Z,2.686559,1,1,app,True,True,app,1.000000,False,False,True,False,resolved
SYNTHETIC,J02829,C02829,check_usage,CONSUMPTION,self_service_candidate,call,2024-08-24T16:31:08Z,8.482807,1,1,call,True,True,call,1.000000,False,False,False,False,resolved
SYNTHETIC,J02830,C02830,report_problem,COMPLAINTS,complaint,call,2024-06-27T06:48:11Z,4.301269,1,1,call,True,True,call,1.000000,False,False,False,False,resolved
SYNTHETIC,J02831,C02831,activate_call_management_services,SERVICES,assisted,app,2024-07-06T16:17:38Z,1.755921,1,1,app,True,True,app,1.000000,False,False,True,False,resolved
SYNTHETIC,J02832,C02832,sign_up_for_plan,SUBSCRIPTION,assisted,web,2024-06-03T21:49:19Z,11.473215,4,3,web > app > call > call,True,False,call,4.000000,True,True,True,True,resolved
SYNTHETIC,J02833,C02833,sign_up_for_plan,SUBSCRIPTION,assisted,call,2024-06-14T15:12:57Z,6.334272,2,1,call > call,True,False,call,2.000000,True,False,False,False,resolved
SYNTHETIC,J02834,C02834,activate_roaming,SERVICES,assisted,call,2024-08-09T14:56:02Z,2.873264,1,1,call,True,True,call,1.000000,False,False,False,False,resolved
SYNTHETIC,J02835,C02835,report_poor_signal_coverage,COMPLAINTS,complaint,call,2024-07-24T18:21:23Z,3.085185,3,1,call > call > call,True,False,call,3.000000,True,False,False,False,resolved
SYNTHETIC,J02836,C02836,install_internet,SERVICES,assisted,app,2024-07-30T15:38:43Z,2.506471,2,1,app > app,False,False,,,True,False,True,False,chose_abandon
SYNTHETIC,J02837,C02837,get_compensation,COMPLAINTS,complaint,ussd,2024-07-03T23:20:45Z,0.909754,2,2,ussd > call,True,False,call,2.000000,True,True,True,True,resolved
SYNTHETIC,J02838,C02838,check_signal_coverage,SERVICES,self_service_candidate,call,2024-06-09T12:28:42Z,4.661386,1,1,call,True,True,call,1.000000,False,False,False,False,resolved
SYNTHETIC,J02839,C02839,invoices,BILLING,self_service_candidate,ussd,2024-08-20T02:30:56Z,1.359507,1,1,ussd,True,True,ussd,1.000000,False,False,True,False,resolved
SYNTHETIC,J02840,C02840,check_usage,CONSUMPTION,self_service_candidate,web,2024-06-05T05:46:33Z,1.999563,1,1,web,True,True,web,1.000000,False,False,True,False,resolved
SYNTHETIC,J02841,C02841,payment_methods,PAYMENT,self_service_candidate,call,2024-07-07T10:01:08Z,2.093242,1,1,call,True,True,call,1.000000,False,False,False,False,resolved
SYNTHETIC,J02842,C02842,cancel_plan,SUBSCRIPTION,assisted,web,2024-08-11T20:28:01Z,1.939389,3,2,web > call > call,False,False,,,True,True,True,True,chose_abandon
SYNTHETIC,J02843,C02843,pay,PAYMENT,assisted,web,2024-08-12T12:33:24Z,7.874104,1,1,web,True,True,web,1.000000,False,False,True,False,resolved
SYNTHETIC,J02844,C02844,sign_up_for_plan,SUBSCRIPTION,assisted,social,2024-06-12T13:00:08Z,38.771735,2,2,social > call,True,False,call,2.000000,True,True,True,True,resolved
SYNTHETIC,J02845,C02845,check_mobile_payments,PAYMENT,self_service_candidate,ussd,2024-07-09T08:19:21Z,1.022794,1,1,ussd,True,True,ussd,1.000000,False,False,True,False,resolved
SYNTHETIC,J02846,C02846,activate_roaming,SERVICES,assisted,ussd,2024-08-02T08:27:18Z,0.623400,1,1,ussd,True,True,ussd,1.000000,False,False,True,False,resolved
SYNTHETIC,J02847,C02847,dispute_invoice,BILLING,complaint,web,2024-07-04T19:36:45Z,10.914975,1,1,web,False,False,,,False,False,True,False,chose_abandon
SYNTHETIC,J02848,C02848,human_agent,CONTACT,complaint,app,2024-08-28T06:10:51Z,0.949584,3,2,app > app > ussd,False,False,,,True,True,True,False,chose_abandon
SYNTHETIC,J02849,C02849,invoices,BILLING,self_service_candidate,social,2024-06-18T23:48:42Z,19.085438,2,2,social > call,True,False,call,2.000000,True,True,True,True,resolved
SYNTHETIC,J02850,C02850,report_poor_signal_coverage,COMPLAINTS,complaint,web,2024-07-16T13:01:11Z,3.776778,1,1,web,True,True,web,1.000000,False,False,True,False,resolved
SYNTHETIC,J02851,C02851,check_cancellation_fee,SUBSCRIPTION,self_service_candidate,call,2024-07-18T14:19:53Z,4.885929,1,1,call,True,True,call,1.000000,False,False,False,False,resolved
SYNTHETIC,J02852,C02852,report_poor_signal_coverage,COMPLAINTS,complaint,call,2024-06-07T14:35:24Z,8.286052,1,1,call,True,True,call,1.000000,False,False,False,False,resolved
SYNTHETIC,J02853,C02853,check_signal_coverage,SERVICES,self_service_candidate,ussd,2024-06-30T00:59:55Z,1.027064,2,1,ussd > ussd,True,False,ussd,2.000000,True,False,True,False,resolved
SYNTHETIC,J02854,C02854,schedule_payments,PAYMENT,assisted,app,2024-07-21T05:25:00Z,1.408754,1,1,app,True,True,app,1.000000,False,False,True,False,resolved
SYNTHETIC,J02855,C02855,report_poor_signal_coverage,COMPLAINTS,complaint,app,2024-06-23T18:53:50Z,1.145533,1,1,app,True,True,app,1.000000,False,False,True,False,resolved
SYNTHETIC,J02856,C02856,check_mobile_payments,PAYMENT,self_service_candidate,ussd,2024-08-18T06:43:12Z,0.724208,1,1,ussd,True,True,ussd,1.000000,False,False,True,False,resolved
SYNTHETIC,J02857,C02857,report_problem,COMPLAINTS,complaint,ussd,2024-07-17T16:26:00Z,0.383906,2,1,ussd > ussd,False,False,,,True,False,True,False,chose_abandon
SYNTHETIC,J02858,C02858,report_poor_signal_coverage,COMPLAINTS,complaint,ussd,2024-08-25T19:52:29Z,1.209200,1,1,ussd,False,False,,,False,False,True,False,chose_abandon
SYNTHETIC,J02859,C02859,human_agent,CONTACT,complaint,ussd,2024-07-03T06:06:15Z,1.235135,3,2,ussd > ussd > web,False,False,,,True,True,True,False,chose_abandon
SYNTHETIC,J02860,C02860,check_mobile_payments,PAYMENT,self_service_candidate,ussd,2024-06-07T18:34:26Z,0.492260,1,1,ussd,True,True,ussd,1.000000,False,False,True,False,resolved
SYNTHETIC,J02861,C02861,check_signal_coverage,SERVICES,self_service_candidate,app,2024-08-05T15:29:04Z,3.971804,1,1,app,True,True,app,1.000000,False,False,True,False,resolved
SYNTHETIC,J02862,C02862,human_agent,CONTACT,complaint,call,2024-08-23T20:36:06Z,3.851032,1,1,call,True,True,call,1.000000,False,False,False,False,resolved
SYNTHETIC,J02863,C02863,dispute_invoice,BILLING,complaint,ussd,2024-06-03T07:58:23Z,0.642980,1,1,ussd,True,True,ussd,1.000000,False,False,True,False,resolved
SYNTHETIC,J02864,C02864,check_usage,CONSUMPTION,self_service_candidate,app,2024-08-07T17:37:33Z,1.424999,1,1,app,True,True,app,1.000000,False,False,True,False,resolved
SYNTHETIC,J02865,C02865,change_provider,SUBSCRIPTION,assisted,ussd,2024-08-13T14:49:59Z,1.280717,1,1,ussd,True,True,ussd,1.000000,False,False,True,False,resolved
SYNTHETIC,J02866,C02866,report_problem,COMPLAINTS,complaint,call,2024-07-05T11:14:44Z,5.826324,1,1,call,True,True,call,1.000000,False,False,False,False,resolved
SYNTHETIC,J02867,C02867,pay,PAYMENT,assisted,ussd,2024-08-03T20:28:26Z,0.714818,1,1,ussd,True,True,ussd,1.000000,False,False,True,False,resolved
SYNTHETIC,J02868,C02868,dispute_invoice,BILLING,complaint,ussd,2024-06-11T02:45:44Z,1.386432,3,2,ussd > ussd > app,False,False,,,True,True,True,False,chose_abandon
SYNTHETIC,J02869,C02869,check_mobile_payments,PAYMENT,self_service_candidate,ussd,2024-07-15T08:52:08Z,0.928823,1,1,ussd,True,True,ussd,1.000000,False,False,True,False,resolved
SYNTHETIC,J02870,C02870,human_agent,CONTACT,complaint,ussd,2024-06-08T03:21:50Z,1.489409,4,2,ussd > call > ussd > call,True,False,call,4.000000,True,True,True,True,resolved
SYNTHETIC,J02871,C02871,cancel_plan,SUBSCRIPTION,assisted,ussd,2024-06-11T01:45:01Z,0.610671,1,1,ussd,True,True,ussd,1.000000,False,False,True,False,resolved
SYNTHETIC,J02872,C02872,check_signal_coverage,SERVICES,self_service_candidate,ussd,2024-06-21T01:43:33Z,1.707500,1,1,ussd,False,False,,,False,False,True,False,chose_abandon
SYNTHETIC,J02873,C02873,invoices,BILLING,self_service_candidate,call,2024-08-02T18:53:45Z,6.471376,1,1,call,True,True,call,1.000000,False,False,False,False,resolved
SYNTHETIC,J02874,C02874,customer_service,CONTACT,assisted,social,2024-06-15T04:07:15Z,28.035122,3,2,social > call > call,True,False,call,3.000000,True,True,True,True,resolved
SYNTHETIC,J02875,C02875,check_usage,CONSUMPTION,self_service_candidate,app,2024-08-03T19:59:52Z,2.128434,1,1,app,True,True,app,1.000000,False,False,True,False,resolved
SYNTHETIC,J02876,C02876,check_usage,CONSUMPTION,self_service_candidate,app,2024-07-12T17:44:33Z,3.174338,1,1,app,True,True,app,1.000000,False,False,True,False,resolved
SYNTHETIC,J02877,C02877,invoices,BILLING,self_service_candidate,app,2024-08-28T15:49:28Z,0.862395,1,1,app,True,True,app,1.000000,False,False,True,False,resolved
SYNTHETIC,J02878,C02878,check_signal_coverage,SERVICES,self_service_candidate,call,2024-07-26T05:52:49Z,9.453770,1,1,call,True,True,call,1.000000,False,False,False,False,resolved
SYNTHETIC,J02879,C02879,dispute_invoice,BILLING,complaint,call,2024-06-19T11:48:46Z,7.279976,1,1,call,False,False,,,False,False,False,False,chose_abandon
SYNTHETIC,J02880,C02880,human_agent,CONTACT,complaint,app,2024-07-03T02:48:04Z,3.510556,2,2,app > social,False,False,,,True,True,True,False,chose_abandon
SYNTHETIC,J02881,C02881,install_internet,SERVICES,assisted,call,2024-06-20T19:19:34Z,11.097980,2,1,call > call,True,False,call,2.000000,True,False,False,False,resolved
SYNTHETIC,J02882,C02882,check_usage,CONSUMPTION,self_service_candidate,call,2024-06-25T04:18:42Z,5.724986,2,2,call > app,True,False,app,2.000000,True,True,False,False,resolved
SYNTHETIC,J02883,C02883,report_poor_signal_coverage,COMPLAINTS,complaint,web,2024-08-02T09:29:31Z,5.275213,2,2,web > app,True,False,app,2.000000,True,True,True,False,resolved
SYNTHETIC,J02884,C02884,dispute_invoice,BILLING,complaint,app,2024-06-04T13:54:50Z,1.384578,1,1,app,True,True,app,1.000000,False,False,True,False,resolved
SYNTHETIC,J02885,C02885,activate_roaming,SERVICES,assisted,call,2024-07-07T07:44:04Z,6.669674,1,1,call,True,True,call,1.000000,False,False,False,False,resolved
SYNTHETIC,J02886,C02886,report_problem,COMPLAINTS,complaint,ussd,2024-08-04T06:11:18Z,0.812687,1,1,ussd,True,True,ussd,1.000000,False,False,True,False,resolved
SYNTHETIC,J02887,C02887,invoices,BILLING,self_service_candidate,call,2024-06-16T16:29:48Z,9.835039,1,1,call,True,True,call,1.000000,False,False,False,False,resolved
SYNTHETIC,J02888,C02888,report_poor_signal_coverage,COMPLAINTS,complaint,ussd,2024-07-08T05:31:26Z,0.927188,1,1,ussd,True,True,ussd,1.000000,False,False,True,False,resolved
SYNTHETIC,J02889,C02889,change_plan,SUBSCRIPTION,assisted,ussd,2024-08-10T21:20:11Z,1.349976,2,1,ussd > ussd,False,False,,,True,False,True,False,chose_abandon
SYNTHETIC,J02890,C02890,customer_service,CONTACT,assisted,web,2024-06-24T11:48:39Z,3.786986,2,2,web > app,True,False,app,2.000000,True,True,True,False,resolved
SYNTHETIC,J02891,C02891,check_usage,CONSUMPTION,self_service_candidate,app,2024-07-22T09:03:46Z,1.977548,1,1,app,True,True,app,1.000000,False,False,True,False,resolved
SYNTHETIC,J02892,C02892,report_problem,COMPLAINTS,complaint,app,2024-07-23T15:38:09Z,2.630276,3,3,app > ussd > call,False,False,,,True,True,True,True,chose_abandon
SYNTHETIC,J02893,C02893,invoices,BILLING,self_service_candidate,ussd,2024-07-16T03:53:23Z,0.860151,1,1,ussd,False,False,,,False,False,True,False,chose_abandon
SYNTHETIC,J02894,C02894,report_problem,COMPLAINTS,complaint,ussd,2024-08-21T18:42:13Z,2.004501,3,3,ussd > web > call,False,False,,,True,True,True,True,chose_abandon
SYNTHETIC,J02895,C02895,report_problem,COMPLAINTS,complaint,call,2024-06-21T09:47:55Z,3.240446,1,1,call,True,True,call,1.000000,False,False,False,False,resolved
SYNTHETIC,J02896,C02896,check_usage,CONSUMPTION,self_service_candidate,app,2024-07-12T22:35:25Z,1.165625,1,1,app,True,True,app,1.000000,False,False,True,False,resolved
SYNTHETIC,J02897,C02897,check_signal_coverage,SERVICES,self_service_candidate,ussd,2024-08-15T22:01:46Z,0.462867,1,1,ussd,True,True,ussd,1.000000,False,False,True,False,resolved
SYNTHETIC,J02898,C02898,change_plan,SUBSCRIPTION,assisted,ussd,2024-07-17T16:52:36Z,1.078324,2,1,ussd > ussd,True,False,ussd,2.000000,True,False,True,False,resolved
SYNTHETIC,J02899,C02899,dispute_invoice,BILLING,complaint,call,2024-06-18T23:56:09Z,6.363229,1,1,call,True,True,call,1.000000,False,False,False,False,resolved
SYNTHETIC,J02900,C02900,activate_roaming,SERVICES,assisted,app,2024-08-14T17:43:58Z,2.207428,1,1,app,False,False,,,False,False,True,False,chose_abandon
SYNTHETIC,J02901,C02901,report_problem,COMPLAINTS,complaint,app,2024-07-19T10:00:47Z,1.407433,2,2,app > social,False,False,,,True,True,True,False,chose_abandon
SYNTHETIC,J02902,C02902,report_problem,COMPLAINTS,complaint,social,2024-06-15T06:33:24Z,12.502353,4,2,social > call > call > call,False,False,,,True,True,True,True,max_contacts
SYNTHETIC,J02903,C02903,activate_phone,SERVICES,assisted,app,2024-08-15T15:06:22Z,2.012004,1,1,app,True,True,app,1.000000,False,False,True,False,resolved
SYNTHETIC,J02904,C02904,check_cancellation_fee,SUBSCRIPTION,self_service_candidate,web,2024-06-30T02:32:54Z,4.499586,1,1,web,True,True,web,1.000000,False,False,True,False,resolved
SYNTHETIC,J02905,C02905,check_signal_coverage,SERVICES,self_service_candidate,app,2024-08-02T10:57:49Z,4.935006,2,2,app > call,True,False,call,2.000000,True,True,True,True,resolved
SYNTHETIC,J02906,C02906,get_compensation,COMPLAINTS,complaint,ussd,2024-08-04T23:36:16Z,0.682102,1,1,ussd,True,True,ussd,1.000000,False,False,True,False,resolved
SYNTHETIC,J02907,C02907,report_problem,COMPLAINTS,complaint,call,2024-06-20T00:42:27Z,6.879512,1,1,call,True,True,call,1.000000,False,False,False,False,resolved
SYNTHETIC,J02908,C02908,dispute_invoice,BILLING,complaint,ussd,2024-06-07T05:59:45Z,0.993069,2,2,ussd > web,False,False,,,True,True,True,False,chose_abandon
SYNTHETIC,J02909,C02909,check_cancellation_fee,SUBSCRIPTION,self_service_candidate,ussd,2024-06-17T05:39:59Z,1.732562,1,1,ussd,True,True,ussd,1.000000,False,False,True,False,resolved
SYNTHETIC,J02910,C02910,check_usage,CONSUMPTION,self_service_candidate,app,2024-07-16T21:05:25Z,1.175781,1,1,app,True,True,app,1.000000,False,False,True,False,resolved
SYNTHETIC,J02911,C02911,dispute_invoice,BILLING,complaint,call,2024-07-29T09:26:25Z,4.825246,4,2,call > app > app > app,False,False,,,True,True,False,False,max_contacts
SYNTHETIC,J02912,C02912,invoices,BILLING,self_service_candidate,ussd,2024-06-23T22:58:19Z,0.727858,1,1,ussd,True,True,ussd,1.000000,False,False,True,False,resolved
SYNTHETIC,J02913,C02913,set_usage_limits,CONSUMPTION,assisted,ussd,2024-07-09T00:00:23Z,0.846210,1,1,ussd,False,False,,,False,False,True,False,chose_abandon
SYNTHETIC,J02914,C02914,deactivate_phone,SERVICES,assisted,ussd,2024-08-02T08:34:13Z,1.519665,3,3,ussd > social > app,True,False,app,3.000000,True,True,True,False,resolved
SYNTHETIC,J02915,C02915,activate_phone,SERVICES,assisted,call,2024-07-10T14:57:48Z,7.923799,1,1,call,True,True,call,1.000000,False,False,False,False,resolved
SYNTHETIC,J02916,C02916,activate_roaming,SERVICES,assisted,ussd,2024-06-11T07:53:05Z,0.798598,1,1,ussd,True,True,ussd,1.000000,False,False,True,False,resolved
SYNTHETIC,J02917,C02917,payment_methods,PAYMENT,self_service_candidate,call,2024-07-12T16:25:35Z,5.463341,1,1,call,True,True,call,1.000000,False,False,False,False,resolved
SYNTHETIC,J02918,C02918,dispute_invoice,BILLING,complaint,ussd,2024-06-25T08:29:58Z,1.471217,1,1,ussd,False,False,,,False,False,True,False,chose_abandon
SYNTHETIC,J02919,C02919,check_usage,CONSUMPTION,self_service_candidate,app,2024-06-05T07:29:48Z,2.993912,2,2,app > call,True,False,call,2.000000,True,True,True,True,resolved
SYNTHETIC,J02920,C02920,cancel_plan,SUBSCRIPTION,assisted,app,2024-08-11T08:59:23Z,4.185745,2,2,app > call,True,False,call,2.000000,True,True,True,True,resolved
SYNTHETIC,J02921,C02921,report_problem,COMPLAINTS,complaint,app,2024-07-26T06:34:00Z,1.815247,4,4,app > social > web > call,False,False,,,True,True,True,True,max_contacts
SYNTHETIC,J02922,C02922,report_poor_signal_coverage,COMPLAINTS,complaint,ussd,2024-07-27T06:18:00Z,0.989814,4,2,ussd > call > call > call,False,False,,,True,True,True,True,max_contacts
SYNTHETIC,J02923,C02923,cancel_plan,SUBSCRIPTION,assisted,call,2024-06-13T08:51:26Z,4.998379,1,1,call,True,True,call,1.000000,False,False,False,False,resolved
SYNTHETIC,J02924,C02924,check_signal_coverage,SERVICES,self_service_candidate,call,2024-06-12T04:16:54Z,5.298326,1,1,call,True,True,call,1.000000,False,False,False,False,resolved
SYNTHETIC,J02925,C02925,check_signal_coverage,SERVICES,self_service_candidate,ussd,2024-06-16T12:15:56Z,0.815058,1,1,ussd,True,True,ussd,1.000000,False,False,True,False,resolved
SYNTHETIC,J02926,C02926,set_usage_limits,CONSUMPTION,assisted,call,2024-06-20T04:40:42Z,8.524605,1,1,call,True,True,call,1.000000,False,False,False,False,resolved
SYNTHETIC,J02927,C02927,change_plan,SUBSCRIPTION,assisted,web,2024-08-04T21:15:02Z,3.602453,1,1,web,True,True,web,1.000000,False,False,True,False,resolved
SYNTHETIC,J02928,C02928,check_cancellation_fee,SUBSCRIPTION,self_service_candidate,call,2024-07-16T09:47:08Z,7.156963,1,1,call,True,True,call,1.000000,False,False,False,False,resolved
SYNTHETIC,J02929,C02929,check_usage,CONSUMPTION,self_service_candidate,ussd,2024-06-06T12:44:25Z,1.200346,1,1,ussd,True,True,ussd,1.000000,False,False,True,False,resolved
SYNTHETIC,J02930,C02930,report_problem,COMPLAINTS,complaint,call,2024-08-10T05:27:29Z,3.917353,2,2,call > social,False,False,,,True,True,False,False,chose_abandon
SYNTHETIC,J02931,C02931,activate_phone,SERVICES,assisted,app,2024-08-23T00:42:38Z,2.286039,2,2,app > call,True,False,call,2.000000,True,True,True,True,resolved
SYNTHETIC,J02932,C02932,customer_service,CONTACT,assisted,app,2024-07-24T21:45:30Z,1.756489,2,2,app > call,False,False,,,True,True,True,True,chose_abandon
SYNTHETIC,J02933,C02933,invoices,BILLING,self_service_candidate,ussd,2024-08-06T15:57:23Z,0.848704,1,1,ussd,True,True,ussd,1.000000,False,False,True,False,resolved
SYNTHETIC,J02934,C02934,check_usage,CONSUMPTION,self_service_candidate,social,2024-07-27T15:15:34Z,17.259161,3,1,social > social > social,True,False,social,3.000000,True,False,True,False,resolved
SYNTHETIC,J02935,C02935,check_usage,CONSUMPTION,self_service_candidate,call,2024-07-18T09:38:47Z,12.693215,1,1,call,True,True,call,1.000000,False,False,False,False,resolved
SYNTHETIC,J02936,C02936,invoices,BILLING,self_service_candidate,ussd,2024-06-29T08:23:32Z,1.287368,2,1,ussd > ussd,True,False,ussd,2.000000,True,False,True,False,resolved
SYNTHETIC,J02937,C02937,check_cancellation_fee,SUBSCRIPTION,self_service_candidate,call,2024-06-11T05:31:19Z,2.377923,1,1,call,True,True,call,1.000000,False,False,False,False,resolved
SYNTHETIC,J02938,C02938,check_excess_data_charges,CONSUMPTION,self_service_candidate,call,2024-07-09T11:16:54Z,10.996160,1,1,call,True,True,call,1.000000,False,False,False,False,resolved
SYNTHETIC,J02939,C02939,invoices,BILLING,self_service_candidate,ussd,2024-07-06T13:48:39Z,0.979283,3,2,ussd > call > call,True,False,call,3.000000,True,True,True,True,resolved
SYNTHETIC,J02940,C02940,human_agent,CONTACT,complaint,app,2024-09-01T05:52:00Z,1.084587,2,2,app > call,False,False,,,True,True,True,True,chose_abandon
SYNTHETIC,J02941,C02941,sign_up_for_plan,SUBSCRIPTION,assisted,app,2024-08-03T10:06:22Z,2.070519,2,2,app > call,True,False,call,2.000000,True,True,True,True,resolved
SYNTHETIC,J02942,C02942,check_signal_coverage,SERVICES,self_service_candidate,ussd,2024-08-31T16:45:00Z,0.615624,2,2,ussd > call,True,False,call,2.000000,True,True,True,True,resolved
SYNTHETIC,J02943,C02943,invoices,BILLING,self_service_candidate,call,2024-07-25T23:38:12Z,5.737076,1,1,call,True,True,call,1.000000,False,False,False,False,resolved
SYNTHETIC,J02944,C02944,change_plan,SUBSCRIPTION,assisted,call,2024-07-26T04:48:55Z,4.987357,1,1,call,False,False,,,False,False,False,False,chose_abandon
SYNTHETIC,J02945,C02945,invoices,BILLING,self_service_candidate,app,2024-07-09T12:39:05Z,1.843057,1,1,app,True,True,app,1.000000,False,False,True,False,resolved
SYNTHETIC,J02946,C02946,dispute_invoice,BILLING,complaint,ussd,2024-08-27T09:04:53Z,1.119992,1,1,ussd,False,False,,,False,False,True,False,chose_abandon
SYNTHETIC,J02947,C02947,change_plan,SUBSCRIPTION,assisted,web,2024-07-05T06:35:34Z,6.169128,1,1,web,False,False,,,False,False,True,False,chose_abandon
SYNTHETIC,J02948,C02948,check_excess_data_charges,CONSUMPTION,self_service_candidate,app,2024-08-13T07:49:55Z,3.270498,1,1,app,True,True,app,1.000000,False,False,True,False,resolved
SYNTHETIC,J02949,C02949,customer_service,CONTACT,assisted,call,2024-06-20T05:17:30Z,5.341294,1,1,call,False,False,,,False,False,False,False,chose_abandon
SYNTHETIC,J02950,C02950,check_usage,CONSUMPTION,self_service_candidate,app,2024-08-23T07:20:22Z,1.184497,1,1,app,True,True,app,1.000000,False,False,True,False,resolved
SYNTHETIC,J02951,C02951,report_poor_signal_coverage,COMPLAINTS,complaint,app,2024-08-08T00:08:31Z,2.325739,4,4,app > social > ussd > call,True,False,call,4.000000,True,True,True,True,resolved
SYNTHETIC,J02952,C02952,check_usage,CONSUMPTION,self_service_candidate,ussd,2024-08-24T23:03:25Z,1.343919,1,1,ussd,True,True,ussd,1.000000,False,False,True,False,resolved
SYNTHETIC,J02953,C02953,invoices,BILLING,self_service_candidate,app,2024-08-09T23:30:24Z,1.960720,1,1,app,True,True,app,1.000000,False,False,True,False,resolved
SYNTHETIC,J02954,C02954,invoices,BILLING,self_service_candidate,ussd,2024-08-10T01:14:43Z,1.174908,1,1,ussd,True,True,ussd,1.000000,False,False,True,False,resolved
SYNTHETIC,J02955,C02955,customer_service,CONTACT,assisted,ussd,2024-07-25T14:06:37Z,1.009587,2,1,ussd > ussd,True,False,ussd,2.000000,True,False,True,False,resolved
SYNTHETIC,J02956,C02956,get_compensation,COMPLAINTS,complaint,ussd,2024-08-03T16:00:17Z,0.727576,1,1,ussd,True,True,ussd,1.000000,False,False,True,False,resolved
SYNTHETIC,J02957,C02957,check_usage,CONSUMPTION,self_service_candidate,web,2024-07-09T22:14:50Z,7.802846,1,1,web,True,True,web,1.000000,False,False,True,False,resolved
SYNTHETIC,J02958,C02958,invoices,BILLING,self_service_candidate,web,2024-08-05T12:36:23Z,6.074988,1,1,web,True,True,web,1.000000,False,False,True,False,resolved
SYNTHETIC,J02959,C02959,install_internet,SERVICES,assisted,ussd,2024-08-27T17:27:34Z,1.264831,2,2,ussd > call,True,False,call,2.000000,True,True,True,True,resolved
SYNTHETIC,J02960,C02960,check_mobile_payments,PAYMENT,self_service_candidate,ussd,2024-07-25T20:45:23Z,1.002019,1,1,ussd,True,True,ussd,1.000000,False,False,True,False,resolved
SYNTHETIC,J02961,C02961,activate_roaming,SERVICES,assisted,call,2024-07-23T04:19:28Z,5.048072,1,1,call,True,True,call,1.000000,False,False,False,False,resolved
SYNTHETIC,J02962,C02962,dispute_invoice,BILLING,complaint,ussd,2024-08-30T02:05:31Z,1.364768,2,2,ussd > call,True,False,call,2.000000,True,True,True,True,resolved
SYNTHETIC,J02963,C02963,check_usage,CONSUMPTION,self_service_candidate,ussd,2024-08-17T00:29:38Z,0.872745,1,1,ussd,True,True,ussd,1.000000,False,False,True,False,resolved
SYNTHETIC,J02964,C02964,sign_up_for_plan,SUBSCRIPTION,assisted,app,2024-06-17T02:52:12Z,4.563724,3,3,app > social > call,True,False,call,3.000000,True,True,True,True,resolved
SYNTHETIC,J02965,C02965,cancel_plan,SUBSCRIPTION,assisted,call,2024-08-22T17:41:15Z,8.945319,1,1,call,False,False,,,False,False,False,False,chose_abandon
SYNTHETIC,J02966,C02966,set_usage_limits,CONSUMPTION,assisted,ussd,2024-08-21T19:53:30Z,1.759597,4,3,ussd > web > call > call,True,False,call,4.000000,True,True,True,True,resolved
SYNTHETIC,J02967,C02967,check_mobile_payments,PAYMENT,self_service_candidate,app,2024-06-25T06:10:39Z,3.602734,1,1,app,True,True,app,1.000000,False,False,True,False,resolved
SYNTHETIC,J02968,C02968,cancel_plan,SUBSCRIPTION,assisted,call,2024-06-11T02:43:20Z,4.691289,1,1,call,True,True,call,1.000000,False,False,False,False,resolved
SYNTHETIC,J02969,C02969,dispute_invoice,BILLING,complaint,call,2024-07-09T02:56:20Z,17.252359,1,1,call,True,True,call,1.000000,False,False,False,False,resolved
SYNTHETIC,J02970,C02970,invoices,BILLING,self_service_candidate,call,2024-08-30T15:23:36Z,4.047202,1,1,call,True,True,call,1.000000,False,False,False,False,resolved
SYNTHETIC,J02971,C02971,schedule_payments,PAYMENT,assisted,social,2024-08-26T11:13:41Z,88.387426,1,1,social,False,False,,,False,False,True,False,chose_abandon
SYNTHETIC,J02972,C02972,human_agent,CONTACT,complaint,ussd,2024-08-14T10:27:20Z,0.906699,2,2,ussd > call,True,False,call,2.000000,True,True,True,True,resolved
SYNTHETIC,J02973,C02973,invoices,BILLING,self_service_candidate,app,2024-07-05T20:49:00Z,4.232134,1,1,app,True,True,app,1.000000,False,False,True,False,resolved
SYNTHETIC,J02974,C02974,check_usage,CONSUMPTION,self_service_candidate,call,2024-06-17T06:41:14Z,5.036929,1,1,call,True,True,call,1.000000,False,False,False,False,resolved
SYNTHETIC,J02975,C02975,check_signal_coverage,SERVICES,self_service_candidate,ussd,2024-07-15T07:47:55Z,0.638892,1,1,ussd,True,True,ussd,1.000000,False,False,True,False,resolved
SYNTHETIC,J02976,C02976,report_problem,COMPLAINTS,complaint,app,2024-06-17T15:05:13Z,3.119723,3,3,app > social > call,True,False,call,3.000000,True,True,True,True,resolved
SYNTHETIC,J02977,C02977,customer_service,CONTACT,assisted,social,2024-07-23T22:39:40Z,14.375071,4,2,social > social > social > call,False,False,,,True,True,True,True,max_contacts
SYNTHETIC,J02978,C02978,deactivate_call_management_services,SERVICES,assisted,app,2024-07-02T06:24:48Z,2.152105,2,2,app > call,True,False,call,2.000000,True,True,True,True,resolved
SYNTHETIC,J02979,C02979,check_mobile_payments,PAYMENT,self_service_candidate,ussd,2024-07-23T03:30:25Z,0.681999,1,1,ussd,True,True,ussd,1.000000,False,False,True,False,resolved
SYNTHETIC,J02980,C02980,check_excess_data_charges,CONSUMPTION,self_service_candidate,ussd,2024-08-08T21:59:16Z,0.649318,2,2,ussd > app,True,False,app,2.000000,True,True,True,False,resolved
SYNTHETIC,J02981,C02981,change_plan,SUBSCRIPTION,assisted,ussd,2024-06-06T00:03:13Z,1.547956,1,1,ussd,False,False,,,False,False,True,False,chose_abandon
SYNTHETIC,J02982,C02982,report_problem,COMPLAINTS,complaint,social,2024-07-31T09:27:36Z,94.615737,3,2,social > social > call,True,False,call,3.000000,True,True,True,True,resolved
SYNTHETIC,J02983,C02983,check_usage,CONSUMPTION,self_service_candidate,social,2024-06-10T12:36:12Z,11.376343,2,2,social > call,True,False,call,2.000000,True,True,True,True,resolved
SYNTHETIC,J02984,C02984,check_mobile_payments,PAYMENT,self_service_candidate,app,2024-06-07T01:39:41Z,2.992657,1,1,app,True,True,app,1.000000,False,False,True,False,resolved
SYNTHETIC,J02985,C02985,report_problem,COMPLAINTS,complaint,app,2024-06-28T23:27:10Z,1.544949,2,2,app > call,True,False,call,2.000000,True,True,True,True,resolved
SYNTHETIC,J02986,C02986,human_agent,CONTACT,complaint,web,2024-07-26T04:26:14Z,3.675146,4,3,web > ussd > call > call,False,False,,,True,True,True,True,max_contacts
SYNTHETIC,J02987,C02987,report_poor_signal_coverage,COMPLAINTS,complaint,call,2024-06-16T15:59:32Z,2.714689,1,1,call,True,True,call,1.000000,False,False,False,False,resolved
SYNTHETIC,J02988,C02988,set_usage_limits,CONSUMPTION,assisted,call,2024-06-13T16:46:33Z,2.679811,1,1,call,True,True,call,1.000000,False,False,False,False,resolved
SYNTHETIC,J02989,C02989,set_usage_limits,CONSUMPTION,assisted,call,2024-06-13T02:27:58Z,4.350518,1,1,call,True,True,call,1.000000,False,False,False,False,resolved
SYNTHETIC,J02990,C02990,invoices,BILLING,self_service_candidate,ussd,2024-06-15T03:46:16Z,0.690191,1,1,ussd,True,True,ussd,1.000000,False,False,True,False,resolved
SYNTHETIC,J02991,C02991,check_mobile_payments,PAYMENT,self_service_candidate,ussd,2024-08-15T12:34:47Z,0.674124,1,1,ussd,True,True,ussd,1.000000,False,False,True,False,resolved
SYNTHETIC,J02992,C02992,change_provider,SUBSCRIPTION,assisted,app,2024-08-22T04:04:27Z,1.567183,2,2,app > call,True,False,call,2.000000,True,True,True,True,resolved
SYNTHETIC,J02993,C02993,report_poor_signal_coverage,COMPLAINTS,complaint,call,2024-06-14T10:57:39Z,22.050346,2,1,call > call,True,False,call,2.000000,True,False,False,False,resolved
SYNTHETIC,J02994,C02994,pay,PAYMENT,assisted,call,2024-06-29T22:59:56Z,9.538496,1,1,call,False,False,,,False,False,False,False,chose_abandon
SYNTHETIC,J02995,C02995,human_agent,CONTACT,complaint,web,2024-07-25T00:50:19Z,6.335305,1,1,web,False,False,,,False,False,True,False,chose_abandon
SYNTHETIC,J02996,C02996,check_mobile_payments,PAYMENT,self_service_candidate,app,2024-08-23T01:34:08Z,3.208861,1,1,app,True,True,app,1.000000,False,False,True,False,resolved
SYNTHETIC,J02997,C02997,dispute_invoice,BILLING,complaint,call,2024-08-08T13:53:54Z,3.112178,1,1,call,True,True,call,1.000000,False,False,False,False,resolved
SYNTHETIC,J02998,C02998,check_mobile_payments,PAYMENT,self_service_candidate,call,2024-08-26T14:00:56Z,3.477682,1,1,call,False,False,,,False,False,False,False,chose_abandon
SYNTHETIC,J02999,C02999,check_signal_coverage,SERVICES,self_service_candidate,call,2024-08-24T07:24:43Z,3.350544,1,1,call,True,True,call,1.000000,False,False,False,False,resolved
SYNTHETIC,J03000,C03000,check_usage,CONSUMPTION,self_service_candidate,web,2024-07-26T04:56:08Z,10.006448,1,1,web,True,True,web,1.000000,False,False,True,False,resolved
SYNTHETIC,J03001,C03001,pay,PAYMENT,assisted,web,2024-07-28T17:28:31Z,4.911645,1,1,web,True,True,web,1.000000,False,False,True,False,resolved
SYNTHETIC,J03002,C03002,report_problem,COMPLAINTS,complaint,social,2024-08-20T17:26:48Z,67.251075,4,3,social > app > call > call,False,False,,,True,True,True,True,max_contacts
SYNTHETIC,J03003,C03003,report_problem,COMPLAINTS,complaint,call,2024-07-12T01:56:32Z,16.872033,4,3,call > call > web > app,False,False,,,True,True,False,False,max_contacts
SYNTHETIC,J03004,C03004,report_problem,COMPLAINTS,complaint,ussd,2024-08-10T03:34:48Z,0.882292,2,2,ussd > call,True,False,call,2.000000,True,True,True,True,resolved
SYNTHETIC,J03005,C03005,activate_phone,SERVICES,assisted,web,2024-07-11T12:10:30Z,13.151991,2,2,web > social,True,False,social,2.000000,True,True,True,False,resolved
SYNTHETIC,J03006,C03006,pay,PAYMENT,assisted,ussd,2024-06-16T23:01:33Z,1.098248,2,2,ussd > call,True,False,call,2.000000,True,True,True,True,resolved
SYNTHETIC,J03007,C03007,check_excess_data_charges,CONSUMPTION,self_service_candidate,app,2024-06-13T20:33:14Z,4.335901,1,1,app,True,True,app,1.000000,False,False,True,False,resolved
SYNTHETIC,J03008,C03008,check_excess_data_charges,CONSUMPTION,self_service_candidate,ussd,2024-06-25T07:10:05Z,1.669965,1,1,ussd,True,True,ussd,1.000000,False,False,True,False,resolved
SYNTHETIC,J03009,C03009,invoices,BILLING,self_service_candidate,ussd,2024-08-08T22:48:46Z,1.008529,2,2,ussd > call,True,False,call,2.000000,True,True,True,True,resolved
SYNTHETIC,J03010,C03010,check_cancellation_fee,SUBSCRIPTION,self_service_candidate,call,2024-08-02T18:56:47Z,3.482388,3,1,call > call > call,True,False,call,3.000000,True,False,False,False,resolved
SYNTHETIC,J03011,C03011,check_excess_data_charges,CONSUMPTION,self_service_candidate,web,2024-08-21T18:23:07Z,10.455028,1,1,web,True,True,web,1.000000,False,False,True,False,resolved
SYNTHETIC,J03012,C03012,pay,PAYMENT,assisted,app,2024-06-11T14:03:42Z,2.623143,2,2,app > call,True,False,call,2.000000,True,True,True,True,resolved
SYNTHETIC,J03013,C03013,check_mobile_payments,PAYMENT,self_service_candidate,web,2024-06-23T03:46:36Z,2.911775,1,1,web,True,True,web,1.000000,False,False,True,False,resolved
SYNTHETIC,J03014,C03014,report_problem,COMPLAINTS,complaint,call,2024-06-25T22:44:17Z,12.650585,1,1,call,True,True,call,1.000000,False,False,False,False,resolved
SYNTHETIC,J03015,C03015,activate_roaming,SERVICES,assisted,app,2024-08-22T22:02:33Z,2.493521,1,1,app,True,True,app,1.000000,False,False,True,False,resolved
SYNTHETIC,J03016,C03016,change_plan,SUBSCRIPTION,assisted,call,2024-07-30T03:59:21Z,11.168151,1,1,call,True,True,call,1.000000,False,False,False,False,resolved
SYNTHETIC,J03017,C03017,cancel_plan,SUBSCRIPTION,assisted,ussd,2024-07-13T01:41:27Z,0.955294,2,2,ussd > call,True,False,call,2.000000,True,True,True,True,resolved
SYNTHETIC,J03018,C03018,check_excess_data_charges,CONSUMPTION,self_service_candidate,ussd,2024-07-01T20:10:41Z,0.959405,1,1,ussd,True,True,ussd,1.000000,False,False,True,False,resolved
SYNTHETIC,J03019,C03019,pay,PAYMENT,assisted,ussd,2024-07-12T09:43:26Z,2.368237,2,2,ussd > call,True,False,call,2.000000,True,True,True,True,resolved
SYNTHETIC,J03020,C03020,dispute_invoice,BILLING,complaint,ussd,2024-06-19T23:22:01Z,1.327778,4,4,ussd > app > web > call,False,False,,,True,True,True,True,max_contacts
SYNTHETIC,J03021,C03021,pay,PAYMENT,assisted,call,2024-07-30T08:30:56Z,3.853662,4,2,call > call > app > call,True,False,call,4.000000,True,True,False,False,resolved
SYNTHETIC,J03022,C03022,invoices,BILLING,self_service_candidate,call,2024-07-02T12:46:16Z,3.101949,1,1,call,True,True,call,1.000000,False,False,False,False,resolved
SYNTHETIC,J03023,C03023,payment_methods,PAYMENT,self_service_candidate,web,2024-07-20T02:44:16Z,1.155124,2,2,web > app,True,False,app,2.000000,True,True,True,False,resolved
SYNTHETIC,J03024,C03024,pay,PAYMENT,assisted,web,2024-07-28T22:58:03Z,8.713450,1,1,web,True,True,web,1.000000,False,False,True,False,resolved
SYNTHETIC,J03025,C03025,dispute_invoice,BILLING,complaint,call,2024-06-29T15:10:05Z,9.445384,3,2,call > ussd > call,True,False,call,3.000000,True,True,False,False,resolved
SYNTHETIC,J03026,C03026,dispute_invoice,BILLING,complaint,app,2024-08-07T13:48:36Z,1.398953,4,3,app > web > app > call,True,False,call,4.000000,True,True,True,True,resolved
SYNTHETIC,J03027,C03027,check_usage,CONSUMPTION,self_service_candidate,ussd,2024-08-05T14:35:11Z,0.624175,1,1,ussd,True,True,ussd,1.000000,False,False,True,False,resolved
SYNTHETIC,J03028,C03028,schedule_payments,PAYMENT,assisted,call,2024-07-30T17:11:42Z,7.068680,1,1,call,True,True,call,1.000000,False,False,False,False,resolved
SYNTHETIC,J03029,C03029,check_usage,CONSUMPTION,self_service_candidate,ussd,2024-08-19T20:30:17Z,1.159099,1,1,ussd,True,True,ussd,1.000000,False,False,True,False,resolved
SYNTHETIC,J03030,C03030,check_usage,CONSUMPTION,self_service_candidate,call,2024-06-21T07:53:56Z,4.045890,1,1,call,True,True,call,1.000000,False,False,False,False,resolved
SYNTHETIC,J03031,C03031,report_poor_signal_coverage,COMPLAINTS,complaint,ussd,2024-07-24T10:42:00Z,1.772431,2,2,ussd > app,False,False,,,True,True,True,False,chose_abandon
SYNTHETIC,J03032,C03032,invoices,BILLING,self_service_candidate,call,2024-07-04T05:55:34Z,4.389764,1,1,call,True,True,call,1.000000,False,False,False,False,resolved
SYNTHETIC,J03033,C03033,report_problem,COMPLAINTS,complaint,app,2024-07-09T03:29:20Z,1.113271,4,2,app > app > app > social,True,False,social,4.000000,True,True,True,False,resolved
SYNTHETIC,J03034,C03034,activate_roaming,SERVICES,assisted,call,2024-06-03T19:50:29Z,5.768876,1,1,call,True,True,call,1.000000,False,False,False,False,resolved
SYNTHETIC,J03035,C03035,invoices,BILLING,self_service_candidate,app,2024-07-01T05:34:35Z,0.880176,1,1,app,True,True,app,1.000000,False,False,True,False,resolved
SYNTHETIC,J03036,C03036,report_problem,COMPLAINTS,complaint,call,2024-06-15T22:08:50Z,10.961980,3,2,call > call > app,True,False,app,3.000000,True,True,False,False,resolved
SYNTHETIC,J03037,C03037,dispute_invoice,BILLING,complaint,web,2024-07-28T13:46:40Z,2.903008,3,2,web > web > call,True,False,call,3.000000,True,True,True,True,resolved
SYNTHETIC,J03038,C03038,invoices,BILLING,self_service_candidate,app,2024-07-14T04:14:31Z,1.719469,1,1,app,True,True,app,1.000000,False,False,True,False,resolved
SYNTHETIC,J03039,C03039,sign_up_for_plan,SUBSCRIPTION,assisted,app,2024-07-20T05:41:23Z,1.648855,2,1,app > app,True,False,app,2.000000,True,False,True,False,resolved
SYNTHETIC,J03040,C03040,invoices,BILLING,self_service_candidate,app,2024-06-20T01:48:24Z,4.396163,1,1,app,True,True,app,1.000000,False,False,True,False,resolved
SYNTHETIC,J03041,C03041,install_internet,SERVICES,assisted,ussd,2024-08-28T05:45:50Z,0.844133,1,1,ussd,False,False,,,False,False,True,False,chose_abandon
SYNTHETIC,J03042,C03042,check_usage,CONSUMPTION,self_service_candidate,social,2024-08-24T00:35:36Z,47.032640,4,3,social > call > call > web,True,False,web,4.000000,True,True,True,True,resolved
SYNTHETIC,J03043,C03043,report_problem,COMPLAINTS,complaint,social,2024-07-04T13:27:01Z,18.755625,2,2,social > web,False,False,,,True,True,True,False,chose_abandon
SYNTHETIC,J03044,C03044,report_problem,COMPLAINTS,complaint,call,2024-06-16T15:48:27Z,6.505343,1,1,call,False,False,,,False,False,False,False,chose_abandon
SYNTHETIC,J03045,C03045,report_poor_signal_coverage,COMPLAINTS,complaint,app,2024-08-06T13:08:53Z,2.676538,2,2,app > call,True,False,call,2.000000,True,True,True,True,resolved
SYNTHETIC,J03046,C03046,check_excess_data_charges,CONSUMPTION,self_service_candidate,ussd,2024-08-19T14:05:18Z,0.484082,1,1,ussd,True,True,ussd,1.000000,False,False,True,False,resolved
SYNTHETIC,J03047,C03047,check_excess_data_charges,CONSUMPTION,self_service_candidate,social,2024-07-22T11:16:21Z,25.974995,2,2,social > web,True,False,web,2.000000,True,True,True,False,resolved
SYNTHETIC,J03048,C03048,report_problem,COMPLAINTS,complaint,web,2024-07-24T11:42:21Z,17.152526,2,2,web > call,True,False,call,2.000000,True,True,True,True,resolved
SYNTHETIC,J03049,C03049,check_usage,CONSUMPTION,self_service_candidate,call,2024-08-25T02:50:10Z,2.610103,1,1,call,True,True,call,1.000000,False,False,False,False,resolved
SYNTHETIC,J03050,C03050,deactivate_phone,SERVICES,assisted,app,2024-08-30T01:21:23Z,2.265532,2,2,app > call,True,False,call,2.000000,True,True,True,True,resolved
SYNTHETIC,J03051,C03051,payment_methods,PAYMENT,self_service_candidate,ussd,2024-08-23T11:26:08Z,1.601030,1,1,ussd,True,True,ussd,1.000000,False,False,True,False,resolved
SYNTHETIC,J03052,C03052,change_plan,SUBSCRIPTION,assisted,app,2024-06-13T02:22:31Z,2.322617,2,2,app > call,True,False,call,2.000000,True,True,True,True,resolved
SYNTHETIC,J03053,C03053,change_plan,SUBSCRIPTION,assisted,web,2024-08-27T21:09:41Z,4.847921,1,1,web,True,True,web,1.000000,False,False,True,False,resolved
SYNTHETIC,J03054,C03054,schedule_payments,PAYMENT,assisted,web,2024-06-29T20:38:34Z,4.938419,3,2,web > app > web,True,False,web,3.000000,True,True,True,False,resolved
SYNTHETIC,J03055,C03055,check_usage,CONSUMPTION,self_service_candidate,web,2024-08-25T23:46:59Z,2.106580,1,1,web,True,True,web,1.000000,False,False,True,False,resolved
SYNTHETIC,J03056,C03056,dispute_invoice,BILLING,complaint,app,2024-06-19T16:50:18Z,1.185618,2,2,app > call,False,False,,,True,True,True,True,chose_abandon
SYNTHETIC,J03057,C03057,payment_methods,PAYMENT,self_service_candidate,call,2024-08-01T14:43:33Z,4.574348,1,1,call,True,True,call,1.000000,False,False,False,False,resolved
SYNTHETIC,J03058,C03058,check_mobile_payments,PAYMENT,self_service_candidate,web,2024-07-22T05:28:17Z,6.706431,2,2,web > app,True,False,app,2.000000,True,True,True,False,resolved
SYNTHETIC,J03059,C03059,cancel_plan,SUBSCRIPTION,assisted,ussd,2024-07-14T19:29:08Z,1.283674,3,2,ussd > call > call,True,False,call,3.000000,True,True,True,True,resolved
SYNTHETIC,J03060,C03060,report_poor_signal_coverage,COMPLAINTS,complaint,call,2024-08-01T23:12:23Z,13.285986,1,1,call,True,True,call,1.000000,False,False,False,False,resolved
SYNTHETIC,J03061,C03061,dispute_invoice,BILLING,complaint,app,2024-06-19T20:02:15Z,1.817276,2,1,app > app,True,False,app,2.000000,True,False,True,False,resolved
SYNTHETIC,J03062,C03062,activate_phone,SERVICES,assisted,ussd,2024-07-21T16:09:46Z,0.939875,1,1,ussd,True,True,ussd,1.000000,False,False,True,False,resolved
SYNTHETIC,J03063,C03063,check_excess_data_charges,CONSUMPTION,self_service_candidate,call,2024-08-27T05:03:13Z,5.030231,1,1,call,True,True,call,1.000000,False,False,False,False,resolved
SYNTHETIC,J03064,C03064,pay,PAYMENT,assisted,ussd,2024-06-20T03:47:09Z,1.048986,2,2,ussd > call,True,False,call,2.000000,True,True,True,True,resolved
SYNTHETIC,J03065,C03065,activate_roaming,SERVICES,assisted,call,2024-08-11T03:12:55Z,11.228625,1,1,call,True,True,call,1.000000,False,False,False,False,resolved
SYNTHETIC,J03066,C03066,report_poor_signal_coverage,COMPLAINTS,complaint,ussd,2024-08-26T08:09:50Z,1.090746,3,2,ussd > ussd > call,True,False,call,3.000000,True,True,True,True,resolved
SYNTHETIC,J03067,C03067,activate_roaming,SERVICES,assisted,ussd,2024-06-13T12:38:31Z,0.732042,2,2,ussd > call,True,False,call,2.000000,True,True,True,True,resolved
SYNTHETIC,J03068,C03068,payment_methods,PAYMENT,self_service_candidate,ussd,2024-07-11T14:22:21Z,0.815916,1,1,ussd,True,True,ussd,1.000000,False,False,True,False,resolved
SYNTHETIC,J03069,C03069,get_compensation,COMPLAINTS,complaint,call,2024-06-05T04:02:54Z,6.008221,1,1,call,True,True,call,1.000000,False,False,False,False,resolved
SYNTHETIC,J03070,C03070,activate_roaming,SERVICES,assisted,call,2024-06-15T00:40:48Z,4.699347,1,1,call,True,True,call,1.000000,False,False,False,False,resolved
SYNTHETIC,J03071,C03071,report_poor_signal_coverage,COMPLAINTS,complaint,app,2024-06-19T22:07:19Z,1.154180,2,2,app > call,True,False,call,2.000000,True,True,True,True,resolved
SYNTHETIC,J03072,C03072,activate_roaming,SERVICES,assisted,web,2024-07-04T02:05:57Z,9.119348,1,1,web,False,False,,,False,False,True,False,chose_abandon
SYNTHETIC,J03073,C03073,check_cancellation_fee,SUBSCRIPTION,self_service_candidate,web,2024-06-16T06:23:21Z,4.069491,1,1,web,True,True,web,1.000000,False,False,True,False,resolved
SYNTHETIC,J03074,C03074,report_poor_signal_coverage,COMPLAINTS,complaint,call,2024-08-18T05:23:46Z,6.876468,4,1,call > call > call > call,False,False,,,True,False,False,False,max_contacts
SYNTHETIC,J03075,C03075,dispute_invoice,BILLING,complaint,web,2024-08-21T16:57:19Z,6.289229,1,1,web,True,True,web,1.000000,False,False,True,False,resolved
SYNTHETIC,J03076,C03076,check_excess_data_charges,CONSUMPTION,self_service_candidate,ussd,2024-08-31T01:27:09Z,0.804830,1,1,ussd,True,True,ussd,1.000000,False,False,True,False,resolved
SYNTHETIC,J03077,C03077,change_plan,SUBSCRIPTION,assisted,ussd,2024-08-23T05:47:41Z,0.570582,2,2,ussd > call,True,False,call,2.000000,True,True,True,True,resolved
SYNTHETIC,J03078,C03078,change_provider,SUBSCRIPTION,assisted,ussd,2024-07-23T10:16:18Z,0.719549,1,1,ussd,True,True,ussd,1.000000,False,False,True,False,resolved
SYNTHETIC,J03079,C03079,check_usage,CONSUMPTION,self_service_candidate,call,2024-07-18T17:02:59Z,7.029339,1,1,call,True,True,call,1.000000,False,False,False,False,resolved
SYNTHETIC,J03080,C03080,check_excess_data_charges,CONSUMPTION,self_service_candidate,call,2024-06-30T01:51:42Z,8.093260,1,1,call,True,True,call,1.000000,False,False,False,False,resolved
SYNTHETIC,J03081,C03081,check_excess_data_charges,CONSUMPTION,self_service_candidate,ussd,2024-07-15T14:59:18Z,0.534748,1,1,ussd,True,True,ussd,1.000000,False,False,True,False,resolved
SYNTHETIC,J03082,C03082,customer_service,CONTACT,assisted,call,2024-06-10T01:38:53Z,9.035346,1,1,call,True,True,call,1.000000,False,False,False,False,resolved
SYNTHETIC,J03083,C03083,deactivate_call_management_services,SERVICES,assisted,call,2024-07-30T08:30:05Z,8.081091,1,1,call,True,True,call,1.000000,False,False,False,False,resolved
SYNTHETIC,J03084,C03084,check_usage,CONSUMPTION,self_service_candidate,call,2024-06-03T09:36:30Z,6.945441,1,1,call,True,True,call,1.000000,False,False,False,False,resolved
SYNTHETIC,J03085,C03085,check_usage,CONSUMPTION,self_service_candidate,call,2024-07-02T00:51:21Z,5.262668,2,1,call > call,True,False,call,2.000000,True,False,False,False,resolved
SYNTHETIC,J03086,C03086,cancel_plan,SUBSCRIPTION,assisted,ussd,2024-08-24T12:50:20Z,0.852432,2,2,ussd > call,True,False,call,2.000000,True,True,True,True,resolved
SYNTHETIC,J03087,C03087,check_mobile_payments,PAYMENT,self_service_candidate,ussd,2024-08-28T17:43:42Z,0.813035,1,1,ussd,True,True,ussd,1.000000,False,False,True,False,resolved
SYNTHETIC,J03088,C03088,cancel_plan,SUBSCRIPTION,assisted,web,2024-07-07T05:15:53Z,6.431032,2,2,web > call,True,False,call,2.000000,True,True,True,True,resolved
SYNTHETIC,J03089,C03089,check_usage,CONSUMPTION,self_service_candidate,web,2024-08-30T03:52:24Z,2.642357,1,1,web,True,True,web,1.000000,False,False,True,False,resolved
SYNTHETIC,J03090,C03090,cancel_plan,SUBSCRIPTION,assisted,ussd,2024-06-20T11:51:05Z,0.818449,2,2,ussd > app,False,False,,,True,True,True,False,chose_abandon
SYNTHETIC,J03091,C03091,change_plan,SUBSCRIPTION,assisted,social,2024-06-13T11:37:25Z,31.764507,4,2,social > call > call > call,False,False,,,True,True,True,True,max_contacts
SYNTHETIC,J03092,C03092,set_usage_limits,CONSUMPTION,assisted,call,2024-06-25T18:08:34Z,19.964540,1,1,call,True,True,call,1.000000,False,False,False,False,resolved
SYNTHETIC,J03093,C03093,deactivate_call_management_services,SERVICES,assisted,app,2024-06-13T16:29:37Z,1.287113,1,1,app,True,True,app,1.000000,False,False,True,False,resolved
SYNTHETIC,J03094,C03094,change_plan,SUBSCRIPTION,assisted,call,2024-08-14T14:57:30Z,3.726034,1,1,call,True,True,call,1.000000,False,False,False,False,resolved
SYNTHETIC,J03095,C03095,report_problem,COMPLAINTS,complaint,app,2024-07-09T22:16:03Z,2.403216,2,1,app > app,False,False,,,True,False,True,False,chose_abandon
SYNTHETIC,J03096,C03096,dispute_invoice,BILLING,complaint,ussd,2024-08-01T16:29:49Z,0.725837,1,1,ussd,False,False,,,False,False,True,False,chose_abandon
SYNTHETIC,J03097,C03097,deactivate_phone,SERVICES,assisted,social,2024-06-20T17:01:59Z,11.727571,4,2,social > social > call > call,False,False,,,True,True,True,True,max_contacts
SYNTHETIC,J03098,C03098,payment_methods,PAYMENT,self_service_candidate,ussd,2024-07-07T18:54:37Z,1.134575,1,1,ussd,True,True,ussd,1.000000,False,False,True,False,resolved
SYNTHETIC,J03099,C03099,report_poor_signal_coverage,COMPLAINTS,complaint,ussd,2024-06-05T22:53:52Z,0.424710,2,2,ussd > call,True,False,call,2.000000,True,True,True,True,resolved
SYNTHETIC,J03100,C03100,check_mobile_payments,PAYMENT,self_service_candidate,ussd,2024-08-19T16:25:20Z,0.982419,1,1,ussd,True,True,ussd,1.000000,False,False,True,False,resolved
SYNTHETIC,J03101,C03101,activate_call_management_services,SERVICES,assisted,web,2024-06-06T15:53:35Z,8.239428,2,2,web > call,True,False,call,2.000000,True,True,True,True,resolved
SYNTHETIC,J03102,C03102,check_usage,CONSUMPTION,self_service_candidate,app,2024-08-25T10:12:42Z,4.849863,1,1,app,True,True,app,1.000000,False,False,True,False,resolved
SYNTHETIC,J03103,C03103,customer_service,CONTACT,assisted,app,2024-08-18T05:39:55Z,2.602463,3,3,app > call > ussd,False,False,,,True,True,True,True,chose_abandon
SYNTHETIC,J03104,C03104,check_excess_data_charges,CONSUMPTION,self_service_candidate,call,2024-08-19T16:59:20Z,4.123039,1,1,call,True,True,call,1.000000,False,False,False,False,resolved
SYNTHETIC,J03105,C03105,set_usage_limits,CONSUMPTION,assisted,ussd,2024-07-26T16:22:21Z,2.675431,3,2,ussd > ussd > call,True,False,call,3.000000,True,True,True,True,resolved
SYNTHETIC,J03106,C03106,schedule_payments,PAYMENT,assisted,web,2024-07-08T22:43:55Z,1.728220,1,1,web,True,True,web,1.000000,False,False,True,False,resolved
SYNTHETIC,J03107,C03107,payment_methods,PAYMENT,self_service_candidate,call,2024-07-12T15:21:52Z,12.879858,1,1,call,True,True,call,1.000000,False,False,False,False,resolved
SYNTHETIC,J03108,C03108,install_internet,SERVICES,assisted,social,2024-07-26T22:46:16Z,46.542889,3,2,social > call > call,True,False,call,3.000000,True,True,True,True,resolved
SYNTHETIC,J03109,C03109,invoices,BILLING,self_service_candidate,social,2024-06-25T21:42:36Z,43.252353,2,2,social > call,True,False,call,2.000000,True,True,True,True,resolved
SYNTHETIC,J03110,C03110,check_cancellation_fee,SUBSCRIPTION,self_service_candidate,ussd,2024-06-14T06:58:43Z,2.039942,1,1,ussd,True,True,ussd,1.000000,False,False,True,False,resolved
SYNTHETIC,J03111,C03111,sign_up_for_plan,SUBSCRIPTION,assisted,web,2024-07-27T19:50:36Z,4.731902,1,1,web,True,True,web,1.000000,False,False,True,False,resolved
SYNTHETIC,J03112,C03112,check_signal_coverage,SERVICES,self_service_candidate,web,2024-06-12T03:34:46Z,5.389698,2,1,web > web,True,False,web,2.000000,True,False,True,False,resolved
SYNTHETIC,J03113,C03113,sign_up_for_plan,SUBSCRIPTION,assisted,app,2024-06-20T12:54:47Z,1.337970,2,2,app > ussd,True,False,ussd,2.000000,True,True,True,False,resolved
SYNTHETIC,J03114,C03114,report_poor_signal_coverage,COMPLAINTS,complaint,call,2024-06-24T12:17:38Z,4.241727,1,1,call,True,True,call,1.000000,False,False,False,False,resolved
SYNTHETIC,J03115,C03115,check_mobile_payments,PAYMENT,self_service_candidate,app,2024-08-26T05:28:20Z,0.858302,2,2,app > call,True,False,call,2.000000,True,True,True,True,resolved
SYNTHETIC,J03116,C03116,invoices,BILLING,self_service_candidate,ussd,2024-08-24T18:11:24Z,0.604881,1,1,ussd,True,True,ussd,1.000000,False,False,True,False,resolved
SYNTHETIC,J03117,C03117,report_poor_signal_coverage,COMPLAINTS,complaint,app,2024-07-27T21:55:57Z,1.642892,4,2,app > call > call > call,False,False,,,True,True,True,True,max_contacts
SYNTHETIC,J03118,C03118,report_problem,COMPLAINTS,complaint,ussd,2024-08-20T17:21:42Z,0.786139,2,2,ussd > call,True,False,call,2.000000,True,True,True,True,resolved
SYNTHETIC,J03119,C03119,report_problem,COMPLAINTS,complaint,app,2024-06-08T08:01:15Z,2.060090,2,2,app > call,True,False,call,2.000000,True,True,True,True,resolved
SYNTHETIC,J03120,C03120,check_usage,CONSUMPTION,self_service_candidate,app,2024-08-07T15:54:06Z,6.623891,1,1,app,True,True,app,1.000000,False,False,True,False,resolved
SYNTHETIC,J03121,C03121,deactivate_phone,SERVICES,assisted,ussd,2024-08-28T12:47:35Z,2.130299,4,2,ussd > ussd > call > call,True,False,call,4.000000,True,True,True,True,resolved
SYNTHETIC,J03122,C03122,deactivate_call_management_services,SERVICES,assisted,ussd,2024-06-07T05:29:12Z,2.237026,3,2,ussd > app > app,True,False,app,3.000000,True,True,True,False,resolved
SYNTHETIC,J03123,C03123,report_problem,COMPLAINTS,complaint,app,2024-06-18T02:10:11Z,1.338711,1,1,app,True,True,app,1.000000,False,False,True,False,resolved
SYNTHETIC,J03124,C03124,activate_phone,SERVICES,assisted,call,2024-06-25T17:44:44Z,4.294683,1,1,call,True,True,call,1.000000,False,False,False,False,resolved
SYNTHETIC,J03125,C03125,pay,PAYMENT,assisted,call,2024-08-25T02:52:12Z,3.119284,1,1,call,True,True,call,1.000000,False,False,False,False,resolved
SYNTHETIC,J03126,C03126,report_problem,COMPLAINTS,complaint,social,2024-08-23T04:18:59Z,29.991195,3,2,social > social > call,True,False,call,3.000000,True,True,True,True,resolved
SYNTHETIC,J03127,C03127,schedule_payments,PAYMENT,assisted,call,2024-08-18T14:41:07Z,2.582206,1,1,call,False,False,,,False,False,False,False,chose_abandon
SYNTHETIC,J03128,C03128,change_plan,SUBSCRIPTION,assisted,ussd,2024-08-25T18:08:30Z,0.729410,1,1,ussd,True,True,ussd,1.000000,False,False,True,False,resolved
SYNTHETIC,J03129,C03129,check_usage,CONSUMPTION,self_service_candidate,app,2024-07-06T22:08:27Z,1.567873,1,1,app,True,True,app,1.000000,False,False,True,False,resolved
SYNTHETIC,J03130,C03130,check_mobile_payments,PAYMENT,self_service_candidate,ussd,2024-06-14T10:09:17Z,1.031886,4,3,ussd > ussd > call > web,False,False,,,True,True,True,True,max_contacts
SYNTHETIC,J03131,C03131,customer_service,CONTACT,assisted,call,2024-08-01T11:33:58Z,7.351954,1,1,call,True,True,call,1.000000,False,False,False,False,resolved
SYNTHETIC,J03132,C03132,change_plan,SUBSCRIPTION,assisted,call,2024-07-31T07:26:41Z,8.162777,1,1,call,True,True,call,1.000000,False,False,False,False,resolved
SYNTHETIC,J03133,C03133,check_usage,CONSUMPTION,self_service_candidate,call,2024-07-15T23:30:07Z,3.542021,1,1,call,True,True,call,1.000000,False,False,False,False,resolved
SYNTHETIC,J03134,C03134,check_usage,CONSUMPTION,self_service_candidate,app,2024-07-03T12:59:03Z,1.288978,1,1,app,True,True,app,1.000000,False,False,True,False,resolved
SYNTHETIC,J03135,C03135,dispute_invoice,BILLING,complaint,ussd,2024-07-29T10:27:29Z,0.575695,2,2,ussd > call,False,False,,,True,True,True,True,chose_abandon
SYNTHETIC,J03136,C03136,customer_service,CONTACT,assisted,social,2024-07-04T20:29:37Z,16.085550,2,2,social > call,True,False,call,2.000000,True,True,True,True,resolved
SYNTHETIC,J03137,C03137,check_excess_data_charges,CONSUMPTION,self_service_candidate,web,2024-08-23T19:58:02Z,4.237670,1,1,web,True,True,web,1.000000,False,False,True,False,resolved
SYNTHETIC,J03138,C03138,check_mobile_payments,PAYMENT,self_service_candidate,app,2024-07-14T12:39:55Z,0.908719,1,1,app,True,True,app,1.000000,False,False,True,False,resolved
SYNTHETIC,J03139,C03139,check_usage,CONSUMPTION,self_service_candidate,call,2024-09-01T04:16:07Z,4.712558,1,1,call,True,True,call,1.000000,False,False,False,False,resolved
SYNTHETIC,J03140,C03140,report_problem,COMPLAINTS,complaint,ussd,2024-06-03T20:14:34Z,0.443415,2,2,ussd > call,True,False,call,2.000000,True,True,True,True,resolved
SYNTHETIC,J03141,C03141,sign_up_for_plan,SUBSCRIPTION,assisted,call,2024-07-17T05:01:44Z,4.991555,3,2,call > social > call,True,False,call,3.000000,True,True,False,False,resolved
SYNTHETIC,J03142,C03142,change_plan,SUBSCRIPTION,assisted,app,2024-06-03T16:16:04Z,1.427468,3,3,app > social > call,True,False,call,3.000000,True,True,True,True,resolved
SYNTHETIC,J03143,C03143,check_usage,CONSUMPTION,self_service_candidate,web,2024-08-10T16:49:15Z,4.595720,1,1,web,False,False,,,False,False,True,False,chose_abandon
SYNTHETIC,J03144,C03144,deactivate_phone,SERVICES,assisted,web,2024-08-18T00:20:55Z,2.977197,1,1,web,True,True,web,1.000000,False,False,True,False,resolved
SYNTHETIC,J03145,C03145,sign_up_for_plan,SUBSCRIPTION,assisted,call,2024-06-04T13:42:10Z,5.961373,1,1,call,True,True,call,1.000000,False,False,False,False,resolved
SYNTHETIC,J03146,C03146,pay,PAYMENT,assisted,social,2024-06-30T12:04:02Z,41.489758,2,2,social > call,True,False,call,2.000000,True,True,True,True,resolved
SYNTHETIC,J03147,C03147,sign_up_for_plan,SUBSCRIPTION,assisted,ussd,2024-07-30T22:28:04Z,1.188496,1,1,ussd,True,True,ussd,1.000000,False,False,True,False,resolved
SYNTHETIC,J03148,C03148,invoices,BILLING,self_service_candidate,ussd,2024-08-12T21:20:06Z,1.235470,1,1,ussd,True,True,ussd,1.000000,False,False,True,False,resolved
SYNTHETIC,J03149,C03149,deactivate_phone,SERVICES,assisted,app,2024-06-08T11:46:18Z,2.058941,1,1,app,True,True,app,1.000000,False,False,True,False,resolved
SYNTHETIC,J03150,C03150,check_mobile_payments,PAYMENT,self_service_candidate,ussd,2024-06-24T14:44:11Z,0.430706,1,1,ussd,True,True,ussd,1.000000,False,False,True,False,resolved
SYNTHETIC,J03151,C03151,check_mobile_payments,PAYMENT,self_service_candidate,app,2024-08-11T00:50:42Z,5.414312,1,1,app,True,True,app,1.000000,False,False,True,False,resolved
SYNTHETIC,J03152,C03152,dispute_invoice,BILLING,complaint,ussd,2024-08-27T08:56:34Z,0.844728,3,3,ussd > call > web,False,False,,,True,True,True,True,chose_abandon
SYNTHETIC,J03153,C03153,check_excess_data_charges,CONSUMPTION,self_service_candidate,ussd,2024-08-20T09:17:51Z,1.302444,1,1,ussd,True,True,ussd,1.000000,False,False,True,False,resolved
SYNTHETIC,J03154,C03154,get_compensation,COMPLAINTS,complaint,call,2024-07-26T10:31:51Z,5.035860,3,2,call > web > call,True,False,call,3.000000,True,True,False,False,resolved
SYNTHETIC,J03155,C03155,check_mobile_payments,PAYMENT,self_service_candidate,social,2024-07-20T11:33:55Z,38.795585,2,2,social > call,True,False,call,2.000000,True,True,True,True,resolved
SYNTHETIC,J03156,C03156,report_problem,COMPLAINTS,complaint,social,2024-06-15T06:47:19Z,26.945957,1,1,social,True,True,social,1.000000,False,False,True,False,resolved
SYNTHETIC,J03157,C03157,report_poor_signal_coverage,COMPLAINTS,complaint,web,2024-07-21T01:21:40Z,8.232127,1,1,web,True,True,web,1.000000,False,False,True,False,resolved
SYNTHETIC,J03158,C03158,customer_service,CONTACT,assisted,app,2024-07-10T01:55:16Z,1.642547,1,1,app,False,False,,,False,False,True,False,chose_abandon
SYNTHETIC,J03159,C03159,check_usage,CONSUMPTION,self_service_candidate,web,2024-07-03T08:36:06Z,8.037534,1,1,web,True,True,web,1.000000,False,False,True,False,resolved
SYNTHETIC,J03160,C03160,check_cancellation_fee,SUBSCRIPTION,self_service_candidate,call,2024-08-22T02:43:50Z,6.529364,1,1,call,True,True,call,1.000000,False,False,False,False,resolved
SYNTHETIC,J03161,C03161,invoices,BILLING,self_service_candidate,social,2024-06-13T00:46:07Z,41.894130,1,1,social,True,True,social,1.000000,False,False,True,False,resolved
SYNTHETIC,J03162,C03162,report_problem,COMPLAINTS,complaint,call,2024-07-13T02:07:58Z,5.258944,1,1,call,True,True,call,1.000000,False,False,False,False,resolved
SYNTHETIC,J03163,C03163,dispute_invoice,BILLING,complaint,call,2024-08-21T07:03:33Z,4.279236,4,2,call > web > call > call,True,False,call,4.000000,True,True,False,False,resolved
SYNTHETIC,J03164,C03164,report_poor_signal_coverage,COMPLAINTS,complaint,call,2024-06-08T16:52:47Z,2.558736,1,1,call,True,True,call,1.000000,False,False,False,False,resolved
SYNTHETIC,J03165,C03165,report_poor_signal_coverage,COMPLAINTS,complaint,app,2024-06-10T20:35:16Z,2.133161,1,1,app,True,True,app,1.000000,False,False,True,False,resolved
SYNTHETIC,J03166,C03166,activate_phone,SERVICES,assisted,ussd,2024-07-03T07:47:47Z,0.719952,1,1,ussd,True,True,ussd,1.000000,False,False,True,False,resolved
SYNTHETIC,J03167,C03167,cancel_plan,SUBSCRIPTION,assisted,app,2024-08-04T22:28:52Z,1.662961,1,1,app,True,True,app,1.000000,False,False,True,False,resolved
SYNTHETIC,J03168,C03168,activate_phone,SERVICES,assisted,social,2024-08-17T00:54:04Z,17.733567,1,1,social,True,True,social,1.000000,False,False,True,False,resolved
SYNTHETIC,J03169,C03169,customer_service,CONTACT,assisted,call,2024-06-30T21:44:20Z,9.771445,1,1,call,True,True,call,1.000000,False,False,False,False,resolved
SYNTHETIC,J03170,C03170,report_problem,COMPLAINTS,complaint,ussd,2024-06-22T12:39:51Z,0.596756,4,2,ussd > ussd > call > ussd,False,False,,,True,True,True,True,max_contacts
SYNTHETIC,J03171,C03171,payment_methods,PAYMENT,self_service_candidate,call,2024-07-13T03:28:28Z,5.724459,1,1,call,True,True,call,1.000000,False,False,False,False,resolved
SYNTHETIC,J03172,C03172,check_mobile_payments,PAYMENT,self_service_candidate,call,2024-07-27T10:18:28Z,7.674483,3,2,call > call > ussd,True,False,ussd,3.000000,True,True,False,False,resolved
SYNTHETIC,J03173,C03173,pay,PAYMENT,assisted,app,2024-08-20T14:51:23Z,0.701986,2,2,app > call,True,False,call,2.000000,True,True,True,True,resolved
SYNTHETIC,J03174,C03174,report_poor_signal_coverage,COMPLAINTS,complaint,social,2024-06-22T11:04:35Z,44.081150,3,3,social > app > call,True,False,call,3.000000,True,True,True,True,resolved
SYNTHETIC,J03175,C03175,activate_roaming,SERVICES,assisted,call,2024-07-16T13:33:33Z,3.123353,1,1,call,True,True,call,1.000000,False,False,False,False,resolved
SYNTHETIC,J03176,C03176,invoices,BILLING,self_service_candidate,app,2024-07-24T16:21:32Z,1.075558,1,1,app,True,True,app,1.000000,False,False,True,False,resolved
SYNTHETIC,J03177,C03177,check_excess_data_charges,CONSUMPTION,self_service_candidate,app,2024-07-08T22:04:16Z,1.612842,1,1,app,True,True,app,1.000000,False,False,True,False,resolved
SYNTHETIC,J03178,C03178,check_mobile_payments,PAYMENT,self_service_candidate,ussd,2024-08-29T23:54:01Z,1.058903,1,1,ussd,True,True,ussd,1.000000,False,False,True,False,resolved
SYNTHETIC,J03179,C03179,activate_phone,SERVICES,assisted,call,2024-06-08T15:13:31Z,5.234987,1,1,call,True,True,call,1.000000,False,False,False,False,resolved
SYNTHETIC,J03180,C03180,activate_roaming,SERVICES,assisted,app,2024-07-24T23:05:49Z,3.526204,2,2,app > call,True,False,call,2.000000,True,True,True,True,resolved
SYNTHETIC,J03181,C03181,cancel_plan,SUBSCRIPTION,assisted,ussd,2024-08-21T23:03:57Z,0.552731,2,2,ussd > call,True,False,call,2.000000,True,True,True,True,resolved
SYNTHETIC,J03182,C03182,pay,PAYMENT,assisted,ussd,2024-07-07T06:49:34Z,1.643216,2,2,ussd > call,True,False,call,2.000000,True,True,True,True,resolved
SYNTHETIC,J03183,C03183,report_poor_signal_coverage,COMPLAINTS,complaint,call,2024-08-06T00:07:30Z,5.679563,2,1,call > call,True,False,call,2.000000,True,False,False,False,resolved
SYNTHETIC,J03184,C03184,activate_roaming,SERVICES,assisted,app,2024-07-22T06:37:36Z,1.611762,1,1,app,True,True,app,1.000000,False,False,True,False,resolved
SYNTHETIC,J03185,C03185,invoices,BILLING,self_service_candidate,app,2024-07-15T00:50:34Z,2.385294,1,1,app,True,True,app,1.000000,False,False,True,False,resolved
SYNTHETIC,J03186,C03186,get_compensation,COMPLAINTS,complaint,ussd,2024-07-28T04:25:26Z,1.011453,3,3,ussd > social > call,True,False,call,3.000000,True,True,True,True,resolved
SYNTHETIC,J03187,C03187,schedule_payments,PAYMENT,assisted,web,2024-07-24T00:30:59Z,11.368521,4,3,web > app > call > call,True,False,call,4.000000,True,True,True,True,resolved
SYNTHETIC,J03188,C03188,human_agent,CONTACT,complaint,ussd,2024-07-02T01:44:42Z,0.626819,4,3,ussd > social > call > call,True,False,call,4.000000,True,True,True,True,resolved
SYNTHETIC,J03189,C03189,check_usage,CONSUMPTION,self_service_candidate,app,2024-08-28T13:26:14Z,1.286064,1,1,app,True,True,app,1.000000,False,False,True,False,resolved
SYNTHETIC,J03190,C03190,report_poor_signal_coverage,COMPLAINTS,complaint,ussd,2024-08-14T11:06:14Z,1.969138,2,2,ussd > app,True,False,app,2.000000,True,True,True,False,resolved
SYNTHETIC,J03191,C03191,customer_service,CONTACT,assisted,app,2024-08-26T22:51:06Z,3.467169,1,1,app,True,True,app,1.000000,False,False,True,False,resolved
SYNTHETIC,J03192,C03192,report_poor_signal_coverage,COMPLAINTS,complaint,app,2024-07-23T22:45:27Z,3.384804,2,2,app > call,True,False,call,2.000000,True,True,True,True,resolved
SYNTHETIC,J03193,C03193,check_signal_coverage,SERVICES,self_service_candidate,web,2024-08-16T13:13:03Z,2.886390,1,1,web,True,True,web,1.000000,False,False,True,False,resolved
SYNTHETIC,J03194,C03194,invoices,BILLING,self_service_candidate,ussd,2024-06-05T14:14:50Z,0.965011,1,1,ussd,True,True,ussd,1.000000,False,False,True,False,resolved
SYNTHETIC,J03195,C03195,activate_phone,SERVICES,assisted,web,2024-07-02T09:54:22Z,6.656351,1,1,web,True,True,web,1.000000,False,False,True,False,resolved
SYNTHETIC,J03196,C03196,activate_call_management_services,SERVICES,assisted,web,2024-08-09T23:54:08Z,4.045775,2,2,web > app,True,False,app,2.000000,True,True,True,False,resolved
SYNTHETIC,J03197,C03197,cancel_plan,SUBSCRIPTION,assisted,ussd,2024-07-26T11:17:36Z,0.886038,2,2,ussd > call,True,False,call,2.000000,True,True,True,True,resolved
SYNTHETIC,J03198,C03198,payment_methods,PAYMENT,self_service_candidate,app,2024-06-23T12:51:03Z,0.994575,1,1,app,True,True,app,1.000000,False,False,True,False,resolved
SYNTHETIC,J03199,C03199,check_usage,CONSUMPTION,self_service_candidate,call,2024-08-08T01:55:41Z,6.562837,1,1,call,True,True,call,1.000000,False,False,False,False,resolved
SYNTHETIC,J03200,C03200,deactivate_call_management_services,SERVICES,assisted,ussd,2024-06-24T05:24:00Z,0.389726,1,1,ussd,True,True,ussd,1.000000,False,False,True,False,resolved
SYNTHETIC,J03201,C03201,check_mobile_payments,PAYMENT,self_service_candidate,ussd,2024-08-09T21:41:27Z,1.086509,1,1,ussd,True,True,ussd,1.000000,False,False,True,False,resolved
SYNTHETIC,J03202,C03202,schedule_payments,PAYMENT,assisted,web,2024-06-30T22:48:07Z,5.324692,4,3,web > web > ussd > call,True,False,call,4.000000,True,True,True,True,resolved
SYNTHETIC,J03203,C03203,check_mobile_payments,PAYMENT,self_service_candidate,ussd,2024-06-16T17:47:01Z,0.693740,1,1,ussd,True,True,ussd,1.000000,False,False,True,False,resolved
SYNTHETIC,J03204,C03204,check_usage,CONSUMPTION,self_service_candidate,app,2024-08-24T21:17:02Z,3.779915,1,1,app,True,True,app,1.000000,False,False,True,False,resolved
SYNTHETIC,J03205,C03205,activate_phone,SERVICES,assisted,web,2024-06-13T23:46:19Z,4.655011,2,2,web > call,True,False,call,2.000000,True,True,True,True,resolved
SYNTHETIC,J03206,C03206,customer_service,CONTACT,assisted,app,2024-06-25T05:46:11Z,5.336091,1,1,app,True,True,app,1.000000,False,False,True,False,resolved
SYNTHETIC,J03207,C03207,invoices,BILLING,self_service_candidate,app,2024-07-02T15:15:06Z,2.391789,1,1,app,True,True,app,1.000000,False,False,True,False,resolved
SYNTHETIC,J03208,C03208,check_usage,CONSUMPTION,self_service_candidate,ussd,2024-06-23T15:12:35Z,1.730996,1,1,ussd,True,True,ussd,1.000000,False,False,True,False,resolved
SYNTHETIC,J03209,C03209,check_mobile_payments,PAYMENT,self_service_candidate,ussd,2024-08-06T00:36:00Z,0.691327,4,2,ussd > ussd > call > ussd,False,False,,,True,True,True,True,max_contacts
SYNTHETIC,J03210,C03210,payment_methods,PAYMENT,self_service_candidate,web,2024-06-22T13:27:41Z,4.887537,1,1,web,True,True,web,1.000000,False,False,True,False,resolved
SYNTHETIC,J03211,C03211,human_agent,CONTACT,complaint,call,2024-08-18T18:16:41Z,7.311592,1,1,call,False,False,,,False,False,False,False,chose_abandon
SYNTHETIC,J03212,C03212,human_agent,CONTACT,complaint,web,2024-07-30T19:09:57Z,7.427840,2,2,web > call,False,False,,,True,True,True,True,chose_abandon
SYNTHETIC,J03213,C03213,activate_roaming,SERVICES,assisted,social,2024-06-04T06:55:06Z,31.948913,3,2,social > call > call,True,False,call,3.000000,True,True,True,True,resolved
SYNTHETIC,J03214,C03214,check_usage,CONSUMPTION,self_service_candidate,call,2024-08-10T09:08:20Z,3.085523,1,1,call,True,True,call,1.000000,False,False,False,False,resolved
SYNTHETIC,J03215,C03215,invoices,BILLING,self_service_candidate,web,2024-08-30T14:39:33Z,2.686526,1,1,web,True,True,web,1.000000,False,False,True,False,resolved
SYNTHETIC,J03216,C03216,activate_roaming,SERVICES,assisted,ussd,2024-08-02T05:25:13Z,0.991646,2,2,ussd > app,True,False,app,2.000000,True,True,True,False,resolved
SYNTHETIC,J03217,C03217,sign_up_for_plan,SUBSCRIPTION,assisted,web,2024-06-29T15:35:52Z,4.518631,1,1,web,True,True,web,1.000000,False,False,True,False,resolved
SYNTHETIC,J03218,C03218,check_signal_coverage,SERVICES,self_service_candidate,ussd,2024-06-05T03:33:37Z,0.986238,1,1,ussd,True,True,ussd,1.000000,False,False,True,False,resolved
SYNTHETIC,J03219,C03219,activate_phone,SERVICES,assisted,social,2024-06-10T04:37:28Z,24.085268,3,2,social > social > call,True,False,call,3.000000,True,True,True,True,resolved
SYNTHETIC,J03220,C03220,check_excess_data_charges,CONSUMPTION,self_service_candidate,app,2024-07-15T23:56:00Z,2.228574,1,1,app,True,True,app,1.000000,False,False,True,False,resolved
SYNTHETIC,J03221,C03221,invoices,BILLING,self_service_candidate,ussd,2024-06-09T16:01:58Z,0.965040,1,1,ussd,True,True,ussd,1.000000,False,False,True,False,resolved
SYNTHETIC,J03222,C03222,activate_roaming,SERVICES,assisted,app,2024-08-02T22:53:28Z,1.949128,2,2,app > call,True,False,call,2.000000,True,True,True,True,resolved
SYNTHETIC,J03223,C03223,invoices,BILLING,self_service_candidate,call,2024-07-11T05:29:58Z,6.154386,1,1,call,True,True,call,1.000000,False,False,False,False,resolved
SYNTHETIC,J03224,C03224,sign_up_for_plan,SUBSCRIPTION,assisted,ussd,2024-06-11T06:55:02Z,0.538390,1,1,ussd,True,True,ussd,1.000000,False,False,True,False,resolved
SYNTHETIC,J03225,C03225,pay,PAYMENT,assisted,web,2024-08-22T05:30:23Z,5.898850,1,1,web,True,True,web,1.000000,False,False,True,False,resolved
SYNTHETIC,J03226,C03226,activate_roaming,SERVICES,assisted,ussd,2024-07-11T12:12:48Z,0.414375,2,2,ussd > call,True,False,call,2.000000,True,True,True,True,resolved
SYNTHETIC,J03227,C03227,check_usage,CONSUMPTION,self_service_candidate,social,2024-08-23T08:27:56Z,73.348695,2,1,social > social,True,False,social,2.000000,True,False,True,False,resolved
SYNTHETIC,J03228,C03228,change_plan,SUBSCRIPTION,assisted,ussd,2024-08-10T22:31:16Z,0.575364,4,3,ussd > web > call > call,False,False,,,True,True,True,True,max_contacts
SYNTHETIC,J03229,C03229,schedule_payments,PAYMENT,assisted,call,2024-07-06T20:41:33Z,10.054097,1,1,call,True,True,call,1.000000,False,False,False,False,resolved
SYNTHETIC,J03230,C03230,change_plan,SUBSCRIPTION,assisted,app,2024-07-04T09:08:15Z,2.178165,1,1,app,True,True,app,1.000000,False,False,True,False,resolved
SYNTHETIC,J03231,C03231,customer_service,CONTACT,assisted,call,2024-08-09T01:13:26Z,14.146619,1,1,call,True,True,call,1.000000,False,False,False,False,resolved
SYNTHETIC,J03232,C03232,report_problem,COMPLAINTS,complaint,ussd,2024-08-11T09:12:16Z,1.614182,2,2,ussd > call,True,False,call,2.000000,True,True,True,True,resolved
SYNTHETIC,J03233,C03233,check_mobile_payments,PAYMENT,self_service_candidate,call,2024-06-29T21:35:03Z,8.304117,1,1,call,True,True,call,1.000000,False,False,False,False,resolved
SYNTHETIC,J03234,C03234,check_signal_coverage,SERVICES,self_service_candidate,ussd,2024-07-27T22:42:03Z,0.529571,1,1,ussd,True,True,ussd,1.000000,False,False,True,False,resolved
SYNTHETIC,J03235,C03235,deactivate_phone,SERVICES,assisted,ussd,2024-07-31T07:33:39Z,1.302593,1,1,ussd,True,True,ussd,1.000000,False,False,True,False,resolved
SYNTHETIC,J03236,C03236,check_mobile_payments,PAYMENT,self_service_candidate,web,2024-06-25T14:53:53Z,7.523194,1,1,web,True,True,web,1.000000,False,False,True,False,resolved
SYNTHETIC,J03237,C03237,cancel_plan,SUBSCRIPTION,assisted,ussd,2024-08-14T23:25:06Z,2.052822,1,1,ussd,True,True,ussd,1.000000,False,False,True,False,resolved
SYNTHETIC,J03238,C03238,cancel_plan,SUBSCRIPTION,assisted,app,2024-06-21T01:48:13Z,2.919377,2,1,app > app,True,False,app,2.000000,True,False,True,False,resolved
SYNTHETIC,J03239,C03239,install_internet,SERVICES,assisted,call,2024-07-23T00:41:41Z,9.024860,1,1,call,True,True,call,1.000000,False,False,False,False,resolved
SYNTHETIC,J03240,C03240,activate_call_management_services,SERVICES,assisted,ussd,2024-08-08T06:54:32Z,0.836579,2,2,ussd > call,True,False,call,2.000000,True,True,True,True,resolved
SYNTHETIC,J03241,C03241,pay,PAYMENT,assisted,ussd,2024-07-01T06:17:29Z,0.688757,2,1,ussd > ussd,True,False,ussd,2.000000,True,False,True,False,resolved
SYNTHETIC,J03242,C03242,dispute_invoice,BILLING,complaint,app,2024-07-02T00:55:37Z,3.860320,1,1,app,True,True,app,1.000000,False,False,True,False,resolved
SYNTHETIC,J03243,C03243,deactivate_phone,SERVICES,assisted,ussd,2024-08-01T01:26:23Z,2.060941,1,1,ussd,True,True,ussd,1.000000,False,False,True,False,resolved
SYNTHETIC,J03244,C03244,invoices,BILLING,self_service_candidate,social,2024-06-08T22:31:38Z,34.875096,1,1,social,False,False,,,False,False,True,False,chose_abandon
SYNTHETIC,J03245,C03245,dispute_invoice,BILLING,complaint,app,2024-08-02T00:29:42Z,0.506284,2,2,app > social,True,False,social,2.000000,True,True,True,False,resolved
SYNTHETIC,J03246,C03246,check_usage,CONSUMPTION,self_service_candidate,ussd,2024-07-10T09:09:33Z,1.006223,1,1,ussd,True,True,ussd,1.000000,False,False,True,False,resolved
SYNTHETIC,J03247,C03247,check_usage,CONSUMPTION,self_service_candidate,call,2024-08-03T11:44:45Z,3.158148,1,1,call,True,True,call,1.000000,False,False,False,False,resolved
SYNTHETIC,J03248,C03248,report_problem,COMPLAINTS,complaint,web,2024-07-14T07:52:24Z,3.360847,3,2,web > call > call,True,False,call,3.000000,True,True,True,True,resolved
SYNTHETIC,J03249,C03249,check_cancellation_fee,SUBSCRIPTION,self_service_candidate,ussd,2024-06-24T05:36:00Z,0.853745,1,1,ussd,True,True,ussd,1.000000,False,False,True,False,resolved
SYNTHETIC,J03250,C03250,install_internet,SERVICES,assisted,ussd,2024-08-27T05:49:14Z,0.498447,1,1,ussd,True,True,ussd,1.000000,False,False,True,False,resolved
SYNTHETIC,J03251,C03251,check_excess_data_charges,CONSUMPTION,self_service_candidate,call,2024-06-12T21:44:10Z,4.490904,1,1,call,True,True,call,1.000000,False,False,False,False,resolved
SYNTHETIC,J03252,C03252,customer_service,CONTACT,assisted,web,2024-08-31T17:16:58Z,18.464027,1,1,web,True,True,web,1.000000,False,False,True,False,resolved
SYNTHETIC,J03253,C03253,cancel_plan,SUBSCRIPTION,assisted,app,2024-07-10T07:26:53Z,1.105458,2,2,app > call,True,False,call,2.000000,True,True,True,True,resolved
SYNTHETIC,J03254,C03254,get_compensation,COMPLAINTS,complaint,call,2024-07-31T11:38:45Z,6.654523,1,1,call,False,False,,,False,False,False,False,chose_abandon
SYNTHETIC,J03255,C03255,activate_roaming,SERVICES,assisted,social,2024-06-09T01:07:11Z,43.425709,2,2,social > call,True,False,call,2.000000,True,True,True,True,resolved
SYNTHETIC,J03256,C03256,schedule_payments,PAYMENT,assisted,ussd,2024-07-31T02:13:06Z,0.378053,2,1,ussd > ussd,True,False,ussd,2.000000,True,False,True,False,resolved
SYNTHETIC,J03257,C03257,activate_roaming,SERVICES,assisted,web,2024-08-12T20:57:04Z,7.111753,1,1,web,True,True,web,1.000000,False,False,True,False,resolved
SYNTHETIC,J03258,C03258,check_mobile_payments,PAYMENT,self_service_candidate,call,2024-07-17T01:01:46Z,7.938244,1,1,call,True,True,call,1.000000,False,False,False,False,resolved
SYNTHETIC,J03259,C03259,dispute_invoice,BILLING,complaint,app,2024-07-30T07:14:22Z,0.914271,4,2,app > call > call > app,False,False,,,True,True,True,True,max_contacts
SYNTHETIC,J03260,C03260,check_usage,CONSUMPTION,self_service_candidate,web,2024-08-16T17:02:57Z,2.928564,1,1,web,True,True,web,1.000000,False,False,True,False,resolved
SYNTHETIC,J03261,C03261,dispute_invoice,BILLING,complaint,ussd,2024-07-09T23:59:05Z,0.713611,3,2,ussd > call > call,True,False,call,3.000000,True,True,True,True,resolved
SYNTHETIC,J03262,C03262,invoices,BILLING,self_service_candidate,app,2024-08-17T06:01:55Z,1.436759,1,1,app,True,True,app,1.000000,False,False,True,False,resolved
SYNTHETIC,J03263,C03263,activate_phone,SERVICES,assisted,ussd,2024-07-29T22:18:56Z,1.259029,1,1,ussd,False,False,,,False,False,True,False,chose_abandon
SYNTHETIC,J03264,C03264,check_usage,CONSUMPTION,self_service_candidate,ussd,2024-07-16T08:33:58Z,0.583690,1,1,ussd,True,True,ussd,1.000000,False,False,True,False,resolved
SYNTHETIC,J03265,C03265,check_signal_coverage,SERVICES,self_service_candidate,call,2024-08-18T18:32:00Z,3.236905,1,1,call,False,False,,,False,False,False,False,chose_abandon
SYNTHETIC,J03266,C03266,activate_phone,SERVICES,assisted,web,2024-07-29T19:24:12Z,8.675504,1,1,web,True,True,web,1.000000,False,False,True,False,resolved
SYNTHETIC,J03267,C03267,check_usage,CONSUMPTION,self_service_candidate,web,2024-08-12T19:40:01Z,6.954496,1,1,web,True,True,web,1.000000,False,False,True,False,resolved
SYNTHETIC,J03268,C03268,cancel_plan,SUBSCRIPTION,assisted,app,2024-08-27T09:38:00Z,3.885288,1,1,app,True,True,app,1.000000,False,False,True,False,resolved
SYNTHETIC,J03269,C03269,pay,PAYMENT,assisted,app,2024-08-18T13:41:55Z,3.073848,2,2,app > call,True,False,call,2.000000,True,True,True,True,resolved
SYNTHETIC,J03270,C03270,report_problem,COMPLAINTS,complaint,web,2024-08-30T03:17:28Z,5.403211,1,1,web,False,False,,,False,False,True,False,chose_abandon
SYNTHETIC,J03271,C03271,check_excess_data_charges,CONSUMPTION,self_service_candidate,app,2024-07-09T00:02:45Z,3.553754,1,1,app,True,True,app,1.000000,False,False,True,False,resolved
SYNTHETIC,J03272,C03272,change_plan,SUBSCRIPTION,assisted,ussd,2024-06-14T22:11:26Z,1.923458,1,1,ussd,True,True,ussd,1.000000,False,False,True,False,resolved
SYNTHETIC,J03273,C03273,check_cancellation_fee,SUBSCRIPTION,self_service_candidate,web,2024-08-13T04:16:42Z,3.644613,1,1,web,True,True,web,1.000000,False,False,True,False,resolved
SYNTHETIC,J03274,C03274,activate_call_management_services,SERVICES,assisted,social,2024-08-22T04:45:00Z,77.797060,1,1,social,True,True,social,1.000000,False,False,True,False,resolved
SYNTHETIC,J03275,C03275,activate_phone,SERVICES,assisted,app,2024-06-25T15:13:58Z,1.574015,1,1,app,True,True,app,1.000000,False,False,True,False,resolved
SYNTHETIC,J03276,C03276,set_usage_limits,CONSUMPTION,assisted,call,2024-07-31T19:47:01Z,7.497100,1,1,call,True,True,call,1.000000,False,False,False,False,resolved
SYNTHETIC,J03277,C03277,change_plan,SUBSCRIPTION,assisted,app,2024-07-27T15:26:12Z,1.176220,1,1,app,True,True,app,1.000000,False,False,True,False,resolved
SYNTHETIC,J03278,C03278,check_usage,CONSUMPTION,self_service_candidate,ussd,2024-06-30T23:26:25Z,0.610421,1,1,ussd,True,True,ussd,1.000000,False,False,True,False,resolved
SYNTHETIC,J03279,C03279,invoices,BILLING,self_service_candidate,call,2024-07-17T18:55:12Z,4.301075,1,1,call,True,True,call,1.000000,False,False,False,False,resolved
SYNTHETIC,J03280,C03280,check_mobile_payments,PAYMENT,self_service_candidate,social,2024-06-21T02:33:16Z,5.626210,1,1,social,True,True,social,1.000000,False,False,True,False,resolved
SYNTHETIC,J03281,C03281,check_excess_data_charges,CONSUMPTION,self_service_candidate,ussd,2024-08-16T10:09:17Z,0.754199,1,1,ussd,True,True,ussd,1.000000,False,False,True,False,resolved
SYNTHETIC,J03282,C03282,report_problem,COMPLAINTS,complaint,app,2024-07-19T17:52:42Z,1.265758,2,2,app > call,True,False,call,2.000000,True,True,True,True,resolved
SYNTHETIC,J03283,C03283,cancel_plan,SUBSCRIPTION,assisted,app,2024-07-14T09:33:38Z,1.174682,1,1,app,True,True,app,1.000000,False,False,True,False,resolved
SYNTHETIC,J03284,C03284,check_mobile_payments,PAYMENT,self_service_candidate,call,2024-07-07T15:39:08Z,9.586602,1,1,call,True,True,call,1.000000,False,False,False,False,resolved
SYNTHETIC,J03285,C03285,invoices,BILLING,self_service_candidate,app,2024-07-23T01:36:24Z,2.190905,1,1,app,True,True,app,1.000000,False,False,True,False,resolved
SYNTHETIC,J03286,C03286,activate_call_management_services,SERVICES,assisted,app,2024-08-14T03:33:43Z,4.372412,1,1,app,True,True,app,1.000000,False,False,True,False,resolved
SYNTHETIC,J03287,C03287,report_poor_signal_coverage,COMPLAINTS,complaint,ussd,2024-07-23T21:20:29Z,0.904814,4,3,ussd > call > web > call,False,False,,,True,True,True,True,max_contacts
SYNTHETIC,J03288,C03288,customer_service,CONTACT,assisted,app,2024-08-11T06:19:16Z,1.677253,1,1,app,True,True,app,1.000000,False,False,True,False,resolved
SYNTHETIC,J03289,C03289,cancel_plan,SUBSCRIPTION,assisted,call,2024-06-17T20:22:49Z,4.419895,1,1,call,True,True,call,1.000000,False,False,False,False,resolved
SYNTHETIC,J03290,C03290,schedule_payments,PAYMENT,assisted,social,2024-08-02T10:59:25Z,26.836812,2,2,social > call,False,False,,,True,True,True,True,chose_abandon
SYNTHETIC,J03291,C03291,check_usage,CONSUMPTION,self_service_candidate,social,2024-08-27T01:55:52Z,24.764305,2,2,social > call,True,False,call,2.000000,True,True,True,True,resolved
SYNTHETIC,J03292,C03292,report_poor_signal_coverage,COMPLAINTS,complaint,web,2024-08-29T10:29:35Z,3.239585,2,2,web > call,False,False,,,True,True,True,True,chose_abandon
SYNTHETIC,J03293,C03293,report_problem,COMPLAINTS,complaint,ussd,2024-06-09T09:18:56Z,1.030197,1,1,ussd,False,False,,,False,False,True,False,chose_abandon
SYNTHETIC,J03294,C03294,report_problem,COMPLAINTS,complaint,ussd,2024-08-13T20:25:35Z,0.496370,4,2,ussd > call > call > call,True,False,call,4.000000,True,True,True,True,resolved
SYNTHETIC,J03295,C03295,customer_service,CONTACT,assisted,call,2024-06-07T10:11:46Z,11.559893,1,1,call,True,True,call,1.000000,False,False,False,False,resolved
SYNTHETIC,J03296,C03296,change_provider,SUBSCRIPTION,assisted,ussd,2024-07-09T03:28:53Z,1.232207,1,1,ussd,True,True,ussd,1.000000,False,False,True,False,resolved
SYNTHETIC,J03297,C03297,invoices,BILLING,self_service_candidate,ussd,2024-07-13T22:02:59Z,1.802924,1,1,ussd,True,True,ussd,1.000000,False,False,True,False,resolved
SYNTHETIC,J03298,C03298,check_mobile_payments,PAYMENT,self_service_candidate,social,2024-08-05T18:36:27Z,47.359322,1,1,social,True,True,social,1.000000,False,False,True,False,resolved
SYNTHETIC,J03299,C03299,cancel_plan,SUBSCRIPTION,assisted,ussd,2024-07-22T20:49:47Z,1.163053,1,1,ussd,True,True,ussd,1.000000,False,False,True,False,resolved
SYNTHETIC,J03300,C03300,change_plan,SUBSCRIPTION,assisted,social,2024-08-02T04:42:11Z,23.742835,1,1,social,False,False,,,False,False,True,False,chose_abandon
SYNTHETIC,J03301,C03301,invoices,BILLING,self_service_candidate,call,2024-08-04T08:10:22Z,6.878298,1,1,call,True,True,call,1.000000,False,False,False,False,resolved
SYNTHETIC,J03302,C03302,schedule_payments,PAYMENT,assisted,app,2024-08-08T10:06:22Z,1.424421,1,1,app,True,True,app,1.000000,False,False,True,False,resolved
SYNTHETIC,J03303,C03303,deactivate_call_management_services,SERVICES,assisted,social,2024-08-10T23:28:02Z,15.969732,1,1,social,True,True,social,1.000000,False,False,True,False,resolved
SYNTHETIC,J03304,C03304,check_usage,CONSUMPTION,self_service_candidate,call,2024-07-19T19:40:42Z,6.845088,1,1,call,True,True,call,1.000000,False,False,False,False,resolved
SYNTHETIC,J03305,C03305,invoices,BILLING,self_service_candidate,web,2024-08-17T02:11:29Z,11.711944,1,1,web,True,True,web,1.000000,False,False,True,False,resolved
SYNTHETIC,J03306,C03306,change_plan,SUBSCRIPTION,assisted,ussd,2024-06-08T06:37:44Z,1.227338,2,1,ussd > ussd,True,False,ussd,2.000000,True,False,True,False,resolved
SYNTHETIC,J03307,C03307,sign_up_for_plan,SUBSCRIPTION,assisted,call,2024-08-31T08:35:30Z,12.079991,1,1,call,True,True,call,1.000000,False,False,False,False,resolved
SYNTHETIC,J03308,C03308,report_poor_signal_coverage,COMPLAINTS,complaint,app,2024-07-01T23:07:04Z,2.242989,1,1,app,True,True,app,1.000000,False,False,True,False,resolved
SYNTHETIC,J03309,C03309,pay,PAYMENT,assisted,ussd,2024-08-25T07:24:52Z,1.053218,2,2,ussd > call,True,False,call,2.000000,True,True,True,True,resolved
SYNTHETIC,J03310,C03310,check_signal_coverage,SERVICES,self_service_candidate,ussd,2024-08-18T20:42:28Z,0.937061,1,1,ussd,True,True,ussd,1.000000,False,False,True,False,resolved
SYNTHETIC,J03311,C03311,sign_up_for_plan,SUBSCRIPTION,assisted,ussd,2024-06-26T18:29:56Z,1.110530,1,1,ussd,True,True,ussd,1.000000,False,False,True,False,resolved
SYNTHETIC,J03312,C03312,report_problem,COMPLAINTS,complaint,ussd,2024-07-11T00:17:42Z,1.914837,2,1,ussd > ussd,True,False,ussd,2.000000,True,False,True,False,resolved
SYNTHETIC,J03313,C03313,activate_phone,SERVICES,assisted,app,2024-08-03T10:09:49Z,1.657131,1,1,app,True,True,app,1.000000,False,False,True,False,resolved
SYNTHETIC,J03314,C03314,cancel_plan,SUBSCRIPTION,assisted,app,2024-07-09T12:51:03Z,2.528394,1,1,app,True,True,app,1.000000,False,False,True,False,resolved
SYNTHETIC,J03315,C03315,report_problem,COMPLAINTS,complaint,call,2024-07-16T01:04:56Z,8.074708,1,1,call,True,True,call,1.000000,False,False,False,False,resolved
SYNTHETIC,J03316,C03316,report_problem,COMPLAINTS,complaint,call,2024-07-03T00:15:50Z,3.589591,1,1,call,True,True,call,1.000000,False,False,False,False,resolved
SYNTHETIC,J03317,C03317,change_plan,SUBSCRIPTION,assisted,call,2024-07-30T07:20:16Z,6.344183,1,1,call,True,True,call,1.000000,False,False,False,False,resolved
SYNTHETIC,J03318,C03318,check_usage,CONSUMPTION,self_service_candidate,app,2024-07-13T05:51:40Z,2.524136,1,1,app,True,True,app,1.000000,False,False,True,False,resolved
SYNTHETIC,J03319,C03319,report_problem,COMPLAINTS,complaint,call,2024-06-28T01:36:15Z,6.099077,1,1,call,True,True,call,1.000000,False,False,False,False,resolved
SYNTHETIC,J03320,C03320,check_excess_data_charges,CONSUMPTION,self_service_candidate,ussd,2024-07-19T19:02:38Z,0.629738,1,1,ussd,True,True,ussd,1.000000,False,False,True,False,resolved
SYNTHETIC,J03321,C03321,check_excess_data_charges,CONSUMPTION,self_service_candidate,ussd,2024-08-10T06:10:36Z,1.327686,2,1,ussd > ussd,True,False,ussd,2.000000,True,False,True,False,resolved
SYNTHETIC,J03322,C03322,check_excess_data_charges,CONSUMPTION,self_service_candidate,web,2024-06-28T13:21:03Z,10.704735,1,1,web,True,True,web,1.000000,False,False,True,False,resolved
SYNTHETIC,J03323,C03323,change_plan,SUBSCRIPTION,assisted,call,2024-07-28T01:52:54Z,3.883577,1,1,call,True,True,call,1.000000,False,False,False,False,resolved
SYNTHETIC,J03324,C03324,set_usage_limits,CONSUMPTION,assisted,web,2024-07-23T07:09:03Z,1.539915,4,3,web > call > ussd > call,True,False,call,4.000000,True,True,True,True,resolved
SYNTHETIC,J03325,C03325,human_agent,CONTACT,complaint,call,2024-06-30T03:56:50Z,8.257731,1,1,call,True,True,call,1.000000,False,False,False,False,resolved
SYNTHETIC,J03326,C03326,report_poor_signal_coverage,COMPLAINTS,complaint,call,2024-08-30T11:11:50Z,6.746804,1,1,call,True,True,call,1.000000,False,False,False,False,resolved
SYNTHETIC,J03327,C03327,dispute_invoice,BILLING,complaint,ussd,2024-08-14T01:36:39Z,1.107722,1,1,ussd,False,False,,,False,False,True,False,chose_abandon
SYNTHETIC,J03328,C03328,report_problem,COMPLAINTS,complaint,ussd,2024-06-27T18:12:28Z,1.465853,2,2,ussd > call,True,False,call,2.000000,True,True,True,True,resolved
SYNTHETIC,J03329,C03329,report_poor_signal_coverage,COMPLAINTS,complaint,web,2024-06-14T17:34:21Z,3.846391,3,3,web > app > call,False,False,,,True,True,True,True,chose_abandon
SYNTHETIC,J03330,C03330,cancel_plan,SUBSCRIPTION,assisted,web,2024-07-03T14:37:24Z,2.996442,1,1,web,True,True,web,1.000000,False,False,True,False,resolved
SYNTHETIC,J03331,C03331,customer_service,CONTACT,assisted,call,2024-08-08T11:25:26Z,8.344627,1,1,call,True,True,call,1.000000,False,False,False,False,resolved
SYNTHETIC,J03332,C03332,check_usage,CONSUMPTION,self_service_candidate,call,2024-06-24T06:13:24Z,3.168226,1,1,call,True,True,call,1.000000,False,False,False,False,resolved
SYNTHETIC,J03333,C03333,report_poor_signal_coverage,COMPLAINTS,complaint,web,2024-08-17T23:10:34Z,8.253125,2,2,web > call,True,False,call,2.000000,True,True,True,True,resolved
SYNTHETIC,J03334,C03334,report_problem,COMPLAINTS,complaint,web,2024-07-08T00:08:59Z,3.336680,2,1,web > web,False,False,,,True,False,True,False,chose_abandon
SYNTHETIC,J03335,C03335,change_provider,SUBSCRIPTION,assisted,call,2024-06-17T17:57:57Z,9.500361,1,1,call,True,True,call,1.000000,False,False,False,False,resolved
SYNTHETIC,J03336,C03336,report_poor_signal_coverage,COMPLAINTS,complaint,ussd,2024-06-16T22:03:57Z,1.149979,4,2,ussd > call > call > call,False,False,,,True,True,True,True,max_contacts
SYNTHETIC,J03337,C03337,check_mobile_payments,PAYMENT,self_service_candidate,ussd,2024-07-31T14:31:52Z,1.141250,1,1,ussd,True,True,ussd,1.000000,False,False,True,False,resolved
SYNTHETIC,J03338,C03338,dispute_invoice,BILLING,complaint,call,2024-06-25T10:30:16Z,8.895848,1,1,call,True,True,call,1.000000,False,False,False,False,resolved
SYNTHETIC,J03339,C03339,invoices,BILLING,self_service_candidate,ussd,2024-08-12T17:11:41Z,3.817722,1,1,ussd,True,True,ussd,1.000000,False,False,True,False,resolved
SYNTHETIC,J03340,C03340,get_compensation,COMPLAINTS,complaint,app,2024-07-13T19:35:30Z,1.681382,1,1,app,False,False,,,False,False,True,False,chose_abandon
SYNTHETIC,J03341,C03341,report_problem,COMPLAINTS,complaint,ussd,2024-08-05T03:08:45Z,1.545600,2,2,ussd > call,False,False,,,True,True,True,True,chose_abandon
SYNTHETIC,J03342,C03342,change_plan,SUBSCRIPTION,assisted,app,2024-07-02T09:38:00Z,2.665773,2,2,app > social,True,False,social,2.000000,True,True,True,False,resolved
SYNTHETIC,J03343,C03343,customer_service,CONTACT,assisted,app,2024-06-10T14:24:42Z,1.309435,2,2,app > web,True,False,web,2.000000,True,True,True,False,resolved
SYNTHETIC,J03344,C03344,check_usage,CONSUMPTION,self_service_candidate,web,2024-08-20T19:01:40Z,2.687976,1,1,web,True,True,web,1.000000,False,False,True,False,resolved
SYNTHETIC,J03345,C03345,change_plan,SUBSCRIPTION,assisted,call,2024-08-05T07:19:44Z,3.216924,1,1,call,True,True,call,1.000000,False,False,False,False,resolved
SYNTHETIC,J03346,C03346,customer_service,CONTACT,assisted,ussd,2024-08-27T00:29:49Z,1.386296,1,1,ussd,True,True,ussd,1.000000,False,False,True,False,resolved
SYNTHETIC,J03347,C03347,report_problem,COMPLAINTS,complaint,ussd,2024-07-16T19:34:25Z,0.890644,2,2,ussd > call,True,False,call,2.000000,True,True,True,True,resolved
SYNTHETIC,J03348,C03348,dispute_invoice,BILLING,complaint,call,2024-08-16T19:43:34Z,11.804530,1,1,call,True,True,call,1.000000,False,False,False,False,resolved
SYNTHETIC,J03349,C03349,activate_roaming,SERVICES,assisted,call,2024-07-08T04:11:56Z,7.304768,1,1,call,True,True,call,1.000000,False,False,False,False,resolved
SYNTHETIC,J03350,C03350,install_internet,SERVICES,assisted,app,2024-08-19T10:37:47Z,1.759118,1,1,app,True,True,app,1.000000,False,False,True,False,resolved
SYNTHETIC,J03351,C03351,report_poor_signal_coverage,COMPLAINTS,complaint,social,2024-08-19T20:12:31Z,18.890194,2,1,social > social,False,False,,,True,False,True,False,chose_abandon
SYNTHETIC,J03352,C03352,cancel_plan,SUBSCRIPTION,assisted,ussd,2024-08-02T17:45:29Z,1.004254,1,1,ussd,True,True,ussd,1.000000,False,False,True,False,resolved
SYNTHETIC,J03353,C03353,schedule_payments,PAYMENT,assisted,ussd,2024-08-28T16:48:50Z,0.963341,1,1,ussd,True,True,ussd,1.000000,False,False,True,False,resolved
SYNTHETIC,J03354,C03354,check_usage,CONSUMPTION,self_service_candidate,web,2024-06-28T17:47:07Z,2.750220,1,1,web,True,True,web,1.000000,False,False,True,False,resolved
SYNTHETIC,J03355,C03355,change_plan,SUBSCRIPTION,assisted,web,2024-07-28T00:01:04Z,5.817366,1,1,web,True,True,web,1.000000,False,False,True,False,resolved
SYNTHETIC,J03356,C03356,dispute_invoice,BILLING,complaint,ussd,2024-06-15T12:33:50Z,0.568245,3,3,ussd > social > call,True,False,call,3.000000,True,True,True,True,resolved
SYNTHETIC,J03357,C03357,check_signal_coverage,SERVICES,self_service_candidate,social,2024-08-27T05:51:12Z,38.913469,1,1,social,True,True,social,1.000000,False,False,True,False,resolved
SYNTHETIC,J03358,C03358,activate_phone,SERVICES,assisted,web,2024-08-19T05:18:42Z,2.510590,2,2,web > call,True,False,call,2.000000,True,True,True,True,resolved
SYNTHETIC,J03359,C03359,activate_roaming,SERVICES,assisted,call,2024-07-09T22:41:16Z,3.302148,1,1,call,True,True,call,1.000000,False,False,False,False,resolved
SYNTHETIC,J03360,C03360,invoices,BILLING,self_service_candidate,web,2024-06-07T09:36:06Z,3.412316,3,3,web > social > call,False,False,,,True,True,True,True,chose_abandon
SYNTHETIC,J03361,C03361,dispute_invoice,BILLING,complaint,app,2024-07-24T20:22:00Z,0.983326,3,3,app > call > social,False,False,,,True,True,True,True,chose_abandon
SYNTHETIC,J03362,C03362,report_problem,COMPLAINTS,complaint,call,2024-07-05T07:05:13Z,4.011291,1,1,call,True,True,call,1.000000,False,False,False,False,resolved
SYNTHETIC,J03363,C03363,report_poor_signal_coverage,COMPLAINTS,complaint,web,2024-06-13T07:04:16Z,4.276611,4,3,web > ussd > call > call,False,False,,,True,True,True,True,max_contacts
SYNTHETIC,J03364,C03364,check_signal_coverage,SERVICES,self_service_candidate,ussd,2024-07-09T00:36:58Z,0.721678,1,1,ussd,True,True,ussd,1.000000,False,False,True,False,resolved
SYNTHETIC,J03365,C03365,check_mobile_payments,PAYMENT,self_service_candidate,call,2024-07-31T14:24:42Z,14.197778,1,1,call,True,True,call,1.000000,False,False,False,False,resolved
SYNTHETIC,J03366,C03366,change_plan,SUBSCRIPTION,assisted,web,2024-06-06T04:43:08Z,4.250075,2,1,web > web,True,False,web,2.000000,True,False,True,False,resolved
SYNTHETIC,J03367,C03367,pay,PAYMENT,assisted,ussd,2024-06-19T05:22:17Z,1.351939,1,1,ussd,True,True,ussd,1.000000,False,False,True,False,resolved
SYNTHETIC,J03368,C03368,check_usage,CONSUMPTION,self_service_candidate,web,2024-06-05T10:42:43Z,4.926062,1,1,web,False,False,,,False,False,True,False,chose_abandon
SYNTHETIC,J03369,C03369,check_mobile_payments,PAYMENT,self_service_candidate,app,2024-07-19T10:36:00Z,0.810401,4,3,app > social > call > call,False,False,,,True,True,True,True,max_contacts
SYNTHETIC,J03370,C03370,check_excess_data_charges,CONSUMPTION,self_service_candidate,ussd,2024-06-09T18:49:14Z,0.900865,1,1,ussd,True,True,ussd,1.000000,False,False,True,False,resolved
SYNTHETIC,J03371,C03371,report_poor_signal_coverage,COMPLAINTS,complaint,call,2024-07-07T18:24:02Z,3.898585,3,2,call > call > ussd,False,False,,,True,True,False,False,chose_abandon
SYNTHETIC,J03372,C03372,dispute_invoice,BILLING,complaint,app,2024-07-28T02:57:40Z,2.087536,2,2,app > call,True,False,call,2.000000,True,True,True,True,resolved
SYNTHETIC,J03373,C03373,dispute_invoice,BILLING,complaint,app,2024-07-15T23:10:44Z,1.695735,1,1,app,False,False,,,False,False,True,False,chose_abandon
SYNTHETIC,J03374,C03374,check_usage,CONSUMPTION,self_service_candidate,ussd,2024-07-06T00:21:30Z,1.551777,1,1,ussd,True,True,ussd,1.000000,False,False,True,False,resolved
SYNTHETIC,J03375,C03375,check_excess_data_charges,CONSUMPTION,self_service_candidate,ussd,2024-06-24T21:40:12Z,0.611310,1,1,ussd,True,True,ussd,1.000000,False,False,True,False,resolved
SYNTHETIC,J03376,C03376,get_compensation,COMPLAINTS,complaint,app,2024-08-23T05:38:16Z,0.705106,2,2,app > ussd,False,False,,,True,True,True,False,chose_abandon
SYNTHETIC,J03377,C03377,install_internet,SERVICES,assisted,call,2024-06-19T22:11:44Z,5.514702,1,1,call,True,True,call,1.000000,False,False,False,False,resolved
SYNTHETIC,J03378,C03378,deactivate_phone,SERVICES,assisted,call,2024-07-17T09:06:15Z,3.653345,1,1,call,True,True,call,1.000000,False,False,False,False,resolved
SYNTHETIC,J03379,C03379,dispute_invoice,BILLING,complaint,call,2024-06-20T21:05:06Z,6.730539,3,1,call > call > call,True,False,call,3.000000,True,False,False,False,resolved
SYNTHETIC,J03380,C03380,install_internet,SERVICES,assisted,web,2024-07-12T00:47:56Z,4.344044,4,3,web > app > ussd > ussd,False,False,,,True,True,True,False,max_contacts
SYNTHETIC,J03381,C03381,pay,PAYMENT,assisted,app,2024-07-18T22:41:06Z,1.009604,1,1,app,True,True,app,1.000000,False,False,True,False,resolved
SYNTHETIC,J03382,C03382,customer_service,CONTACT,assisted,ussd,2024-08-19T06:15:38Z,1.266550,2,2,ussd > call,False,False,,,True,True,True,True,chose_abandon
SYNTHETIC,J03383,C03383,check_usage,CONSUMPTION,self_service_candidate,call,2024-08-08T20:31:01Z,4.110975,1,1,call,True,True,call,1.000000,False,False,False,False,resolved
SYNTHETIC,J03384,C03384,payment_methods,PAYMENT,self_service_candidate,ussd,2024-07-31T20:13:58Z,0.892101,2,1,ussd > ussd,True,False,ussd,2.000000,True,False,True,False,resolved
SYNTHETIC,J03385,C03385,check_usage,CONSUMPTION,self_service_candidate,app,2024-08-15T02:57:26Z,4.042098,1,1,app,True,True,app,1.000000,False,False,True,False,resolved
SYNTHETIC,J03386,C03386,human_agent,CONTACT,complaint,ussd,2024-08-29T21:31:53Z,0.976994,2,2,ussd > call,False,False,,,True,True,True,True,chose_abandon
SYNTHETIC,J03387,C03387,invoices,BILLING,self_service_candidate,app,2024-07-04T16:51:43Z,2.708573,2,2,app > web,True,False,web,2.000000,True,True,True,False,resolved
SYNTHETIC,J03388,C03388,check_signal_coverage,SERVICES,self_service_candidate,social,2024-07-14T11:02:18Z,80.384924,1,1,social,True,True,social,1.000000,False,False,True,False,resolved
SYNTHETIC,J03389,C03389,report_problem,COMPLAINTS,complaint,call,2024-08-03T21:59:55Z,5.094455,1,1,call,True,True,call,1.000000,False,False,False,False,resolved
SYNTHETIC,J03390,C03390,activate_phone,SERVICES,assisted,app,2024-07-23T07:26:30Z,1.216577,3,2,app > call > call,False,False,,,True,True,True,True,chose_abandon
SYNTHETIC,J03391,C03391,sign_up_for_plan,SUBSCRIPTION,assisted,call,2024-07-01T06:57:18Z,15.993443,1,1,call,True,True,call,1.000000,False,False,False,False,resolved
SYNTHETIC,J03392,C03392,pay,PAYMENT,assisted,social,2024-08-10T14:43:55Z,36.381385,1,1,social,True,True,social,1.000000,False,False,True,False,resolved
SYNTHETIC,J03393,C03393,deactivate_phone,SERVICES,assisted,call,2024-08-09T18:25:20Z,5.880163,1,1,call,True,True,call,1.000000,False,False,False,False,resolved
SYNTHETIC,J03394,C03394,check_cancellation_fee,SUBSCRIPTION,self_service_candidate,call,2024-07-11T00:49:27Z,1.818977,1,1,call,True,True,call,1.000000,False,False,False,False,resolved
SYNTHETIC,J03395,C03395,report_problem,COMPLAINTS,complaint,web,2024-07-23T00:19:33Z,4.017939,4,4,web > ussd > social > call,False,False,,,True,True,True,True,max_contacts
SYNTHETIC,J03396,C03396,invoices,BILLING,self_service_candidate,ussd,2024-08-11T05:03:56Z,0.837092,1,1,ussd,True,True,ussd,1.000000,False,False,True,False,resolved
SYNTHETIC,J03397,C03397,pay,PAYMENT,assisted,app,2024-06-12T12:08:12Z,0.944053,1,1,app,True,True,app,1.000000,False,False,True,False,resolved
SYNTHETIC,J03398,C03398,invoices,BILLING,self_service_candidate,ussd,2024-08-07T17:55:41Z,1.393219,1,1,ussd,True,True,ussd,1.000000,False,False,True,False,resolved
SYNTHETIC,J03399,C03399,pay,PAYMENT,assisted,app,2024-06-22T02:52:46Z,2.559850,1,1,app,False,False,,,False,False,True,False,chose_abandon
SYNTHETIC,J03400,C03400,dispute_invoice,BILLING,complaint,social,2024-07-08T01:19:04Z,28.775395,2,2,social > call,True,False,call,2.000000,True,True,True,True,resolved
SYNTHETIC,J03401,C03401,human_agent,CONTACT,complaint,ussd,2024-07-08T23:14:08Z,0.902061,4,3,ussd > call > app > ussd,False,False,,,True,True,True,True,max_contacts
SYNTHETIC,J03402,C03402,deactivate_phone,SERVICES,assisted,app,2024-08-25T15:55:03Z,5.115102,1,1,app,True,True,app,1.000000,False,False,True,False,resolved
SYNTHETIC,J03403,C03403,invoices,BILLING,self_service_candidate,ussd,2024-08-26T21:54:24Z,1.119647,1,1,ussd,True,True,ussd,1.000000,False,False,True,False,resolved
SYNTHETIC,J03404,C03404,check_usage,CONSUMPTION,self_service_candidate,social,2024-07-28T04:53:20Z,55.903467,1,1,social,False,False,,,False,False,True,False,chose_abandon
SYNTHETIC,J03405,C03405,change_plan,SUBSCRIPTION,assisted,ussd,2024-06-07T14:54:19Z,1.128913,2,2,ussd > call,True,False,call,2.000000,True,True,True,True,resolved
SYNTHETIC,J03406,C03406,human_agent,CONTACT,complaint,ussd,2024-06-25T19:48:01Z,0.601454,1,1,ussd,True,True,ussd,1.000000,False,False,True,False,resolved
SYNTHETIC,J03407,C03407,invoices,BILLING,self_service_candidate,call,2024-08-22T09:01:35Z,7.812735,1,1,call,True,True,call,1.000000,False,False,False,False,resolved
SYNTHETIC,J03408,C03408,install_internet,SERVICES,assisted,call,2024-07-07T11:02:08Z,7.008324,1,1,call,True,True,call,1.000000,False,False,False,False,resolved
SYNTHETIC,J03409,C03409,check_usage,CONSUMPTION,self_service_candidate,social,2024-06-28T12:44:18Z,64.138566,1,1,social,True,True,social,1.000000,False,False,True,False,resolved
SYNTHETIC,J03410,C03410,check_cancellation_fee,SUBSCRIPTION,self_service_candidate,call,2024-08-07T15:32:44Z,9.189495,1,1,call,True,True,call,1.000000,False,False,False,False,resolved
SYNTHETIC,J03411,C03411,dispute_invoice,BILLING,complaint,app,2024-06-09T04:56:30Z,3.310387,3,2,app > call > call,True,False,call,3.000000,True,True,True,True,resolved
SYNTHETIC,J03412,C03412,cancel_plan,SUBSCRIPTION,assisted,ussd,2024-08-03T16:47:52Z,0.814718,1,1,ussd,True,True,ussd,1.000000,False,False,True,False,resolved
SYNTHETIC,J03413,C03413,activate_roaming,SERVICES,assisted,web,2024-06-16T20:42:47Z,13.838114,1,1,web,True,True,web,1.000000,False,False,True,False,resolved
SYNTHETIC,J03414,C03414,check_mobile_payments,PAYMENT,self_service_candidate,web,2024-07-31T22:32:40Z,3.256500,1,1,web,True,True,web,1.000000,False,False,True,False,resolved
SYNTHETIC,J03415,C03415,check_usage,CONSUMPTION,self_service_candidate,call,2024-08-15T10:09:07Z,14.502909,1,1,call,True,True,call,1.000000,False,False,False,False,resolved
SYNTHETIC,J03416,C03416,change_provider,SUBSCRIPTION,assisted,app,2024-06-16T05:27:54Z,2.031102,4,2,app > call > call > app,False,False,,,True,True,True,True,max_contacts
SYNTHETIC,J03417,C03417,human_agent,CONTACT,complaint,app,2024-08-29T03:26:55Z,1.884854,4,3,app > web > web > call,False,False,,,True,True,True,True,max_contacts
SYNTHETIC,J03418,C03418,pay,PAYMENT,assisted,ussd,2024-08-07T14:27:36Z,1.112257,2,2,ussd > call,True,False,call,2.000000,True,True,True,True,resolved
SYNTHETIC,J03419,C03419,activate_phone,SERVICES,assisted,social,2024-07-20T11:46:37Z,40.200483,3,3,social > app > call,True,False,call,3.000000,True,True,True,True,resolved
SYNTHETIC,J03420,C03420,cancel_plan,SUBSCRIPTION,assisted,call,2024-06-26T11:26:45Z,19.324012,1,1,call,True,True,call,1.000000,False,False,False,False,resolved
SYNTHETIC,J03421,C03421,change_plan,SUBSCRIPTION,assisted,call,2024-07-30T20:27:28Z,4.124259,2,1,call > call,True,False,call,2.000000,True,False,False,False,resolved
SYNTHETIC,J03422,C03422,check_usage,CONSUMPTION,self_service_candidate,app,2024-06-24T17:45:10Z,2.300422,1,1,app,True,True,app,1.000000,False,False,True,False,resolved
SYNTHETIC,J03423,C03423,check_usage,CONSUMPTION,self_service_candidate,social,2024-07-27T16:21:28Z,59.268558,2,1,social > social,True,False,social,2.000000,True,False,True,False,resolved
SYNTHETIC,J03424,C03424,schedule_payments,PAYMENT,assisted,call,2024-08-26T07:07:36Z,5.639241,1,1,call,True,True,call,1.000000,False,False,False,False,resolved
SYNTHETIC,J03425,C03425,dispute_invoice,BILLING,complaint,ussd,2024-08-02T15:59:09Z,0.491612,2,2,ussd > app,True,False,app,2.000000,True,True,True,False,resolved
SYNTHETIC,J03426,C03426,dispute_invoice,BILLING,complaint,web,2024-06-10T04:50:47Z,14.557690,2,2,web > call,False,False,,,True,True,True,True,chose_abandon
SYNTHETIC,J03427,C03427,get_compensation,COMPLAINTS,complaint,ussd,2024-07-31T15:17:06Z,1.365366,4,3,ussd > social > call > call,True,False,call,4.000000,True,True,True,True,resolved
SYNTHETIC,J03428,C03428,report_poor_signal_coverage,COMPLAINTS,complaint,web,2024-07-06T08:30:37Z,3.466146,2,2,web > call,True,False,call,2.000000,True,True,True,True,resolved
SYNTHETIC,J03429,C03429,dispute_invoice,BILLING,complaint,social,2024-07-17T11:57:42Z,26.437995,1,1,social,True,True,social,1.000000,False,False,True,False,resolved
SYNTHETIC,J03430,C03430,check_usage,CONSUMPTION,self_service_candidate,app,2024-07-03T12:40:10Z,0.764994,2,2,app > call,True,False,call,2.000000,True,True,True,True,resolved
SYNTHETIC,J03431,C03431,check_mobile_payments,PAYMENT,self_service_candidate,ussd,2024-08-24T23:56:51Z,0.854544,1,1,ussd,True,True,ussd,1.000000,False,False,True,False,resolved
SYNTHETIC,J03432,C03432,pay,PAYMENT,assisted,ussd,2024-06-30T00:34:12Z,1.471212,1,1,ussd,False,False,,,False,False,True,False,chose_abandon
SYNTHETIC,J03433,C03433,check_mobile_payments,PAYMENT,self_service_candidate,social,2024-07-08T00:57:40Z,35.082909,1,1,social,False,False,,,False,False,True,False,chose_abandon
SYNTHETIC,J03434,C03434,human_agent,CONTACT,complaint,app,2024-08-15T03:42:16Z,3.801370,1,1,app,True,True,app,1.000000,False,False,True,False,resolved
SYNTHETIC,J03435,C03435,cancel_plan,SUBSCRIPTION,assisted,ussd,2024-08-13T10:51:50Z,0.567983,1,1,ussd,True,True,ussd,1.000000,False,False,True,False,resolved
SYNTHETIC,J03436,C03436,human_agent,CONTACT,complaint,social,2024-06-29T08:55:15Z,50.826831,4,3,social > web > call > call,False,False,,,True,True,True,True,max_contacts
SYNTHETIC,J03437,C03437,check_mobile_payments,PAYMENT,self_service_candidate,ussd,2024-07-26T12:08:06Z,1.235018,1,1,ussd,True,True,ussd,1.000000,False,False,True,False,resolved
SYNTHETIC,J03438,C03438,check_signal_coverage,SERVICES,self_service_candidate,web,2024-06-22T09:29:55Z,4.450013,1,1,web,True,True,web,1.000000,False,False,True,False,resolved
SYNTHETIC,J03439,C03439,report_poor_signal_coverage,COMPLAINTS,complaint,ussd,2024-07-01T22:03:34Z,0.742039,1,1,ussd,True,True,ussd,1.000000,False,False,True,False,resolved
SYNTHETIC,J03440,C03440,check_usage,CONSUMPTION,self_service_candidate,ussd,2024-07-28T11:18:22Z,1.528462,1,1,ussd,True,True,ussd,1.000000,False,False,True,False,resolved
SYNTHETIC,J03441,C03441,invoices,BILLING,self_service_candidate,web,2024-07-08T10:05:32Z,3.460468,1,1,web,True,True,web,1.000000,False,False,True,False,resolved
SYNTHETIC,J03442,C03442,dispute_invoice,BILLING,complaint,app,2024-06-13T13:27:44Z,2.580093,3,2,app > ussd > ussd,False,False,,,True,True,True,False,chose_abandon
SYNTHETIC,J03443,C03443,check_cancellation_fee,SUBSCRIPTION,self_service_candidate,web,2024-08-16T23:46:16Z,4.332509,1,1,web,True,True,web,1.000000,False,False,True,False,resolved
SYNTHETIC,J03444,C03444,check_usage,CONSUMPTION,self_service_candidate,call,2024-08-06T17:02:03Z,4.148510,1,1,call,True,True,call,1.000000,False,False,False,False,resolved
SYNTHETIC,J03445,C03445,check_usage,CONSUMPTION,self_service_candidate,call,2024-06-30T05:57:15Z,8.421167,1,1,call,True,True,call,1.000000,False,False,False,False,resolved
SYNTHETIC,J03446,C03446,change_plan,SUBSCRIPTION,assisted,social,2024-08-22T01:00:34Z,26.525954,2,2,social > call,True,False,call,2.000000,True,True,True,True,resolved
SYNTHETIC,J03447,C03447,payment_methods,PAYMENT,self_service_candidate,ussd,2024-08-22T06:06:37Z,0.804853,2,2,ussd > app,True,False,app,2.000000,True,True,True,False,resolved
SYNTHETIC,J03448,C03448,dispute_invoice,BILLING,complaint,social,2024-08-18T13:02:15Z,24.005233,4,2,social > call > call > call,False,False,,,True,True,True,True,max_contacts
SYNTHETIC,J03449,C03449,pay,PAYMENT,assisted,call,2024-06-29T08:28:27Z,10.836192,1,1,call,True,True,call,1.000000,False,False,False,False,resolved
SYNTHETIC,J03450,C03450,activate_roaming,SERVICES,assisted,call,2024-07-28T23:46:43Z,6.763946,1,1,call,True,True,call,1.000000,False,False,False,False,resolved
SYNTHETIC,J03451,C03451,dispute_invoice,BILLING,complaint,social,2024-07-17T04:50:46Z,73.806805,1,1,social,True,True,social,1.000000,False,False,True,False,resolved
SYNTHETIC,J03452,C03452,schedule_payments,PAYMENT,assisted,ussd,2024-06-05T05:41:03Z,0.789116,2,1,ussd > ussd,False,False,,,True,False,True,False,chose_abandon
SYNTHETIC,J03453,C03453,check_usage,CONSUMPTION,self_service_candidate,call,2024-06-15T16:25:04Z,9.744704,1,1,call,True,True,call,1.000000,False,False,False,False,resolved
SYNTHETIC,J03454,C03454,check_excess_data_charges,CONSUMPTION,self_service_candidate,web,2024-06-11T22:02:34Z,3.915279,1,1,web,True,True,web,1.000000,False,False,True,False,resolved
SYNTHETIC,J03455,C03455,set_usage_limits,CONSUMPTION,assisted,call,2024-08-10T03:40:03Z,5.866329,1,1,call,True,True,call,1.000000,False,False,False,False,resolved
SYNTHETIC,J03456,C03456,invoices,BILLING,self_service_candidate,app,2024-06-08T12:31:26Z,2.500456,1,1,app,True,True,app,1.000000,False,False,True,False,resolved
SYNTHETIC,J03457,C03457,get_compensation,COMPLAINTS,complaint,call,2024-08-22T21:05:38Z,3.680925,2,1,call > call,False,False,,,True,False,False,False,chose_abandon
SYNTHETIC,J03458,C03458,report_problem,COMPLAINTS,complaint,web,2024-08-22T13:40:10Z,5.612546,2,2,web > call,True,False,call,2.000000,True,True,True,True,resolved
SYNTHETIC,J03459,C03459,invoices,BILLING,self_service_candidate,social,2024-07-19T19:40:01Z,25.175903,1,1,social,True,True,social,1.000000,False,False,True,False,resolved
SYNTHETIC,J03460,C03460,customer_service,CONTACT,assisted,ussd,2024-08-11T22:35:59Z,0.700876,1,1,ussd,True,True,ussd,1.000000,False,False,True,False,resolved
SYNTHETIC,J03461,C03461,report_problem,COMPLAINTS,complaint,app,2024-08-15T15:16:48Z,1.857439,3,2,app > call > call,True,False,call,3.000000,True,True,True,True,resolved
SYNTHETIC,J03462,C03462,check_mobile_payments,PAYMENT,self_service_candidate,ussd,2024-07-15T15:41:08Z,0.541772,1,1,ussd,True,True,ussd,1.000000,False,False,True,False,resolved
SYNTHETIC,J03463,C03463,change_plan,SUBSCRIPTION,assisted,app,2024-08-29T15:20:29Z,3.256380,1,1,app,True,True,app,1.000000,False,False,True,False,resolved
SYNTHETIC,J03464,C03464,check_excess_data_charges,CONSUMPTION,self_service_candidate,app,2024-08-17T19:41:31Z,1.918359,1,1,app,True,True,app,1.000000,False,False,True,False,resolved
SYNTHETIC,J03465,C03465,activate_call_management_services,SERVICES,assisted,social,2024-08-27T17:44:26Z,18.684730,2,2,social > call,True,False,call,2.000000,True,True,True,True,resolved
SYNTHETIC,J03466,C03466,check_excess_data_charges,CONSUMPTION,self_service_candidate,ussd,2024-07-07T17:36:29Z,1.199374,3,3,ussd > call > app,True,False,app,3.000000,True,True,True,True,resolved
SYNTHETIC,J03467,C03467,activate_roaming,SERVICES,assisted,call,2024-07-25T11:27:42Z,3.809159,2,1,call > call,True,False,call,2.000000,True,False,False,False,resolved
SYNTHETIC,J03468,C03468,report_problem,COMPLAINTS,complaint,ussd,2024-07-15T23:43:17Z,1.294189,4,2,ussd > app > ussd > app,False,False,,,True,True,True,False,max_contacts
SYNTHETIC,J03469,C03469,check_excess_data_charges,CONSUMPTION,self_service_candidate,social,2024-09-01T05:03:48Z,12.149101,1,1,social,True,True,social,1.000000,False,False,True,False,resolved
SYNTHETIC,J03470,C03470,check_mobile_payments,PAYMENT,self_service_candidate,ussd,2024-08-16T20:13:02Z,1.498345,1,1,ussd,True,True,ussd,1.000000,False,False,True,False,resolved
SYNTHETIC,J03471,C03471,check_usage,CONSUMPTION,self_service_candidate,ussd,2024-06-10T02:21:38Z,1.325429,1,1,ussd,True,True,ussd,1.000000,False,False,True,False,resolved
SYNTHETIC,J03472,C03472,schedule_payments,PAYMENT,assisted,call,2024-07-01T09:40:53Z,2.009107,1,1,call,True,True,call,1.000000,False,False,False,False,resolved
SYNTHETIC,J03473,C03473,human_agent,CONTACT,complaint,web,2024-08-15T06:17:17Z,15.424268,1,1,web,False,False,,,False,False,True,False,chose_abandon
SYNTHETIC,J03474,C03474,invoices,BILLING,self_service_candidate,social,2024-08-28T10:07:47Z,15.032378,2,2,social > call,True,False,call,2.000000,True,True,True,True,resolved
SYNTHETIC,J03475,C03475,check_excess_data_charges,CONSUMPTION,self_service_candidate,call,2024-08-08T18:01:22Z,3.766025,1,1,call,True,True,call,1.000000,False,False,False,False,resolved
SYNTHETIC,J03476,C03476,set_usage_limits,CONSUMPTION,assisted,app,2024-06-04T11:20:47Z,1.185552,1,1,app,True,True,app,1.000000,False,False,True,False,resolved
SYNTHETIC,J03477,C03477,cancel_plan,SUBSCRIPTION,assisted,ussd,2024-07-30T06:41:39Z,0.716056,1,1,ussd,True,True,ussd,1.000000,False,False,True,False,resolved
SYNTHETIC,J03478,C03478,activate_call_management_services,SERVICES,assisted,ussd,2024-06-20T01:33:29Z,1.237984,3,2,ussd > ussd > call,True,False,call,3.000000,True,True,True,True,resolved
SYNTHETIC,J03479,C03479,invoices,BILLING,self_service_candidate,call,2024-06-07T02:18:40Z,5.080788,1,1,call,True,True,call,1.000000,False,False,False,False,resolved
SYNTHETIC,J03480,C03480,check_usage,CONSUMPTION,self_service_candidate,app,2024-08-19T00:08:25Z,2.137026,1,1,app,True,True,app,1.000000,False,False,True,False,resolved
SYNTHETIC,J03481,C03481,human_agent,CONTACT,complaint,app,2024-07-04T07:11:30Z,4.504487,2,1,app > app,True,False,app,2.000000,True,False,True,False,resolved
SYNTHETIC,J03482,C03482,change_provider,SUBSCRIPTION,assisted,social,2024-07-07T02:16:43Z,11.160399,2,2,social > app,False,False,,,True,True,True,False,chose_abandon
SYNTHETIC,J03483,C03483,sign_up_for_plan,SUBSCRIPTION,assisted,call,2024-08-29T02:16:44Z,6.287219,1,1,call,True,True,call,1.000000,False,False,False,False,resolved
SYNTHETIC,J03484,C03484,dispute_invoice,BILLING,complaint,web,2024-08-08T09:25:47Z,8.735494,3,3,web > ussd > call,True,False,call,3.000000,True,True,True,True,resolved
SYNTHETIC,J03485,C03485,get_compensation,COMPLAINTS,complaint,ussd,2024-08-05T18:08:46Z,1.102674,1,1,ussd,True,True,ussd,1.000000,False,False,True,False,resolved
SYNTHETIC,J03486,C03486,pay,PAYMENT,assisted,ussd,2024-08-06T22:47:28Z,0.432283,1,1,ussd,True,True,ussd,1.000000,False,False,True,False,resolved
SYNTHETIC,J03487,C03487,check_excess_data_charges,CONSUMPTION,self_service_candidate,web,2024-08-25T15:14:28Z,1.665962,1,1,web,True,True,web,1.000000,False,False,True,False,resolved
SYNTHETIC,J03488,C03488,report_problem,COMPLAINTS,complaint,ussd,2024-08-16T06:55:27Z,1.011001,4,3,ussd > call > app > call,True,False,call,4.000000,True,True,True,True,resolved
SYNTHETIC,J03489,C03489,check_usage,CONSUMPTION,self_service_candidate,ussd,2024-08-28T02:07:48Z,1.115125,1,1,ussd,True,True,ussd,1.000000,False,False,True,False,resolved
SYNTHETIC,J03490,C03490,change_provider,SUBSCRIPTION,assisted,web,2024-06-28T17:57:12Z,3.914136,1,1,web,True,True,web,1.000000,False,False,True,False,resolved
SYNTHETIC,J03491,C03491,install_internet,SERVICES,assisted,call,2024-07-11T05:17:40Z,4.571370,2,1,call > call,True,False,call,2.000000,True,False,False,False,resolved
SYNTHETIC,J03492,C03492,get_compensation,COMPLAINTS,complaint,call,2024-08-10T20:13:57Z,3.224025,1,1,call,True,True,call,1.000000,False,False,False,False,resolved
SYNTHETIC,J03493,C03493,report_poor_signal_coverage,COMPLAINTS,complaint,web,2024-08-26T10:06:08Z,2.055877,1,1,web,False,False,,,False,False,True,False,chose_abandon
SYNTHETIC,J03494,C03494,deactivate_phone,SERVICES,assisted,app,2024-06-24T23:12:40Z,1.553379,1,1,app,False,False,,,False,False,True,False,chose_abandon
SYNTHETIC,J03495,C03495,change_plan,SUBSCRIPTION,assisted,call,2024-06-28T09:49:19Z,17.184649,2,1,call > call,True,False,call,2.000000,True,False,False,False,resolved
SYNTHETIC,J03496,C03496,set_usage_limits,CONSUMPTION,assisted,call,2024-07-06T19:38:02Z,4.533659,1,1,call,True,True,call,1.000000,False,False,False,False,resolved
SYNTHETIC,J03497,C03497,payment_methods,PAYMENT,self_service_candidate,ussd,2024-08-12T05:37:51Z,0.762385,1,1,ussd,True,True,ussd,1.000000,False,False,True,False,resolved
SYNTHETIC,J03498,C03498,cancel_plan,SUBSCRIPTION,assisted,ussd,2024-06-24T05:30:50Z,0.998244,2,2,ussd > call,True,False,call,2.000000,True,True,True,True,resolved
SYNTHETIC,J03499,C03499,deactivate_phone,SERVICES,assisted,call,2024-08-20T09:28:13Z,3.560245,1,1,call,True,True,call,1.000000,False,False,False,False,resolved
SYNTHETIC,J03500,C03500,report_poor_signal_coverage,COMPLAINTS,complaint,app,2024-08-08T20:55:50Z,2.722341,1,1,app,True,True,app,1.000000,False,False,True,False,resolved
SYNTHETIC,J03501,C03501,check_signal_coverage,SERVICES,self_service_candidate,social,2024-08-21T17:38:53Z,35.948466,1,1,social,False,False,,,False,False,True,False,chose_abandon
SYNTHETIC,J03502,C03502,dispute_invoice,BILLING,complaint,call,2024-08-05T04:01:25Z,10.561935,2,1,call > call,True,False,call,2.000000,True,False,False,False,resolved
SYNTHETIC,J03503,C03503,invoices,BILLING,self_service_candidate,call,2024-08-23T06:17:11Z,8.068667,1,1,call,True,True,call,1.000000,False,False,False,False,resolved
SYNTHETIC,J03504,C03504,pay,PAYMENT,assisted,call,2024-06-21T22:35:57Z,8.364551,1,1,call,True,True,call,1.000000,False,False,False,False,resolved
SYNTHETIC,J03505,C03505,customer_service,CONTACT,assisted,social,2024-06-22T06:47:13Z,57.314228,4,3,social > ussd > call > call,False,False,,,True,True,True,True,max_contacts
SYNTHETIC,J03506,C03506,schedule_payments,PAYMENT,assisted,call,2024-08-11T13:22:47Z,3.717131,1,1,call,True,True,call,1.000000,False,False,False,False,resolved
SYNTHETIC,J03507,C03507,check_mobile_payments,PAYMENT,self_service_candidate,web,2024-08-28T10:01:24Z,4.489805,2,2,web > call,True,False,call,2.000000,True,True,True,True,resolved
SYNTHETIC,J03508,C03508,dispute_invoice,BILLING,complaint,call,2024-08-20T00:39:14Z,10.817153,1,1,call,True,True,call,1.000000,False,False,False,False,resolved
SYNTHETIC,J03509,C03509,deactivate_call_management_services,SERVICES,assisted,ussd,2024-06-12T15:39:21Z,1.575361,1,1,ussd,True,True,ussd,1.000000,False,False,True,False,resolved
SYNTHETIC,J03510,C03510,activate_phone,SERVICES,assisted,app,2024-06-28T06:08:00Z,0.913428,2,2,app > call,True,False,call,2.000000,True,True,True,True,resolved
SYNTHETIC,J03511,C03511,check_mobile_payments,PAYMENT,self_service_candidate,call,2024-07-13T02:51:45Z,2.663679,1,1,call,True,True,call,1.000000,False,False,False,False,resolved
SYNTHETIC,J03512,C03512,change_plan,SUBSCRIPTION,assisted,call,2024-08-21T06:23:29Z,7.274092,1,1,call,True,True,call,1.000000,False,False,False,False,resolved
SYNTHETIC,J03513,C03513,schedule_payments,PAYMENT,assisted,ussd,2024-06-04T10:12:11Z,1.994748,4,3,ussd > app > call > call,False,False,,,True,True,True,True,max_contacts
SYNTHETIC,J03514,C03514,activate_phone,SERVICES,assisted,ussd,2024-08-24T22:57:34Z,2.170114,2,2,ussd > call,True,False,call,2.000000,True,True,True,True,resolved
SYNTHETIC,J03515,C03515,check_usage,CONSUMPTION,self_service_candidate,call,2024-08-04T09:44:47Z,3.650512,1,1,call,True,True,call,1.000000,False,False,False,False,resolved
SYNTHETIC,J03516,C03516,check_signal_coverage,SERVICES,self_service_candidate,call,2024-06-11T13:31:13Z,12.121049,2,1,call > call,True,False,call,2.000000,True,False,False,False,resolved
SYNTHETIC,J03517,C03517,cancel_plan,SUBSCRIPTION,assisted,app,2024-06-03T07:50:23Z,2.718749,1,1,app,True,True,app,1.000000,False,False,True,False,resolved
SYNTHETIC,J03518,C03518,check_usage,CONSUMPTION,self_service_candidate,call,2024-07-03T23:18:10Z,6.520731,1,1,call,True,True,call,1.000000,False,False,False,False,resolved
SYNTHETIC,J03519,C03519,schedule_payments,PAYMENT,assisted,ussd,2024-07-10T18:31:25Z,1.110676,4,3,ussd > social > call > call,True,False,call,4.000000,True,True,True,True,resolved
SYNTHETIC,J03520,C03520,report_problem,COMPLAINTS,complaint,ussd,2024-06-06T06:48:07Z,0.781856,4,2,ussd > ussd > call > call,False,False,,,True,True,True,True,max_contacts
SYNTHETIC,J03521,C03521,human_agent,CONTACT,complaint,web,2024-07-19T21:46:38Z,5.739441,2,2,web > call,True,False,call,2.000000,True,True,True,True,resolved
SYNTHETIC,J03522,C03522,pay,PAYMENT,assisted,ussd,2024-08-09T01:30:13Z,0.669772,2,2,ussd > call,True,False,call,2.000000,True,True,True,True,resolved
SYNTHETIC,J03523,C03523,report_problem,COMPLAINTS,complaint,web,2024-06-25T01:21:36Z,5.917175,1,1,web,True,True,web,1.000000,False,False,True,False,resolved
SYNTHETIC,J03524,C03524,deactivate_call_management_services,SERVICES,assisted,ussd,2024-08-10T08:59:47Z,1.809429,1,1,ussd,True,True,ussd,1.000000,False,False,True,False,resolved
SYNTHETIC,J03525,C03525,human_agent,CONTACT,complaint,ussd,2024-06-25T17:42:38Z,1.086494,4,3,ussd > call > social > call,False,False,,,True,True,True,True,max_contacts
SYNTHETIC,J03526,C03526,check_excess_data_charges,CONSUMPTION,self_service_candidate,social,2024-07-15T02:43:42Z,7.806712,3,2,social > social > call,True,False,call,3.000000,True,True,True,True,resolved
SYNTHETIC,J03527,C03527,sign_up_for_plan,SUBSCRIPTION,assisted,ussd,2024-07-11T00:52:29Z,1.280306,1,1,ussd,True,True,ussd,1.000000,False,False,True,False,resolved
SYNTHETIC,J03528,C03528,activate_roaming,SERVICES,assisted,social,2024-07-12T05:17:50Z,15.949703,2,2,social > call,True,False,call,2.000000,True,True,True,True,resolved
SYNTHETIC,J03529,C03529,report_problem,COMPLAINTS,complaint,social,2024-06-14T01:24:50Z,21.934519,2,2,social > call,True,False,call,2.000000,True,True,True,True,resolved
SYNTHETIC,J03530,C03530,check_usage,CONSUMPTION,self_service_candidate,ussd,2024-07-25T02:05:51Z,2.010401,1,1,ussd,True,True,ussd,1.000000,False,False,True,False,resolved
SYNTHETIC,J03531,C03531,change_plan,SUBSCRIPTION,assisted,web,2024-07-25T02:51:53Z,5.220911,2,2,web > social,False,False,,,True,True,True,False,chose_abandon
SYNTHETIC,J03532,C03532,check_signal_coverage,SERVICES,self_service_candidate,ussd,2024-07-29T21:23:19Z,0.794653,1,1,ussd,True,True,ussd,1.000000,False,False,True,False,resolved
SYNTHETIC,J03533,C03533,get_compensation,COMPLAINTS,complaint,ussd,2024-08-13T08:51:25Z,0.643988,2,2,ussd > call,True,False,call,2.000000,True,True,True,True,resolved
SYNTHETIC,J03534,C03534,dispute_invoice,BILLING,complaint,social,2024-08-11T19:41:45Z,30.343875,1,1,social,False,False,,,False,False,True,False,chose_abandon
SYNTHETIC,J03535,C03535,report_problem,COMPLAINTS,complaint,web,2024-07-04T20:15:52Z,8.868338,1,1,web,False,False,,,False,False,True,False,chose_abandon
SYNTHETIC,J03536,C03536,deactivate_call_management_services,SERVICES,assisted,call,2024-06-06T09:14:09Z,3.291007,1,1,call,True,True,call,1.000000,False,False,False,False,resolved
SYNTHETIC,J03537,C03537,check_usage,CONSUMPTION,self_service_candidate,app,2024-07-26T03:28:57Z,3.202127,1,1,app,True,True,app,1.000000,False,False,True,False,resolved
SYNTHETIC,J03538,C03538,set_usage_limits,CONSUMPTION,assisted,app,2024-07-14T23:09:52Z,2.016536,1,1,app,True,True,app,1.000000,False,False,True,False,resolved
SYNTHETIC,J03539,C03539,activate_phone,SERVICES,assisted,app,2024-06-28T12:38:09Z,2.141073,2,2,app > call,True,False,call,2.000000,True,True,True,True,resolved
SYNTHETIC,J03540,C03540,pay,PAYMENT,assisted,call,2024-07-09T04:06:45Z,4.590298,1,1,call,True,True,call,1.000000,False,False,False,False,resolved
SYNTHETIC,J03541,C03541,check_usage,CONSUMPTION,self_service_candidate,call,2024-06-17T05:55:10Z,1.479309,1,1,call,True,True,call,1.000000,False,False,False,False,resolved
SYNTHETIC,J03542,C03542,check_usage,CONSUMPTION,self_service_candidate,call,2024-06-23T13:47:23Z,3.434918,1,1,call,True,True,call,1.000000,False,False,False,False,resolved
SYNTHETIC,J03543,C03543,change_plan,SUBSCRIPTION,assisted,call,2024-08-25T23:06:38Z,5.646990,1,1,call,True,True,call,1.000000,False,False,False,False,resolved
SYNTHETIC,J03544,C03544,pay,PAYMENT,assisted,app,2024-06-08T14:41:13Z,2.417614,2,2,app > call,True,False,call,2.000000,True,True,True,True,resolved
SYNTHETIC,J03545,C03545,check_mobile_payments,PAYMENT,self_service_candidate,app,2024-08-18T21:07:23Z,4.623478,1,1,app,True,True,app,1.000000,False,False,True,False,resolved
SYNTHETIC,J03546,C03546,change_plan,SUBSCRIPTION,assisted,ussd,2024-07-06T22:06:44Z,0.479893,1,1,ussd,True,True,ussd,1.000000,False,False,True,False,resolved
SYNTHETIC,J03547,C03547,dispute_invoice,BILLING,complaint,app,2024-08-09T10:45:16Z,0.868789,1,1,app,False,False,,,False,False,True,False,chose_abandon
SYNTHETIC,J03548,C03548,cancel_plan,SUBSCRIPTION,assisted,call,2024-06-15T06:11:09Z,4.641677,1,1,call,True,True,call,1.000000,False,False,False,False,resolved
SYNTHETIC,J03549,C03549,schedule_payments,PAYMENT,assisted,call,2024-06-12T11:25:43Z,5.782356,1,1,call,True,True,call,1.000000,False,False,False,False,resolved
SYNTHETIC,J03550,C03550,sign_up_for_plan,SUBSCRIPTION,assisted,ussd,2024-08-02T12:19:13Z,1.388600,3,2,ussd > ussd > call,True,False,call,3.000000,True,True,True,True,resolved
SYNTHETIC,J03551,C03551,report_problem,COMPLAINTS,complaint,app,2024-06-05T16:47:50Z,2.272433,4,3,app > call > call > social,False,False,,,True,True,True,True,max_contacts
SYNTHETIC,J03552,C03552,activate_roaming,SERVICES,assisted,ussd,2024-07-11T23:21:59Z,1.131320,1,1,ussd,True,True,ussd,1.000000,False,False,True,False,resolved
SYNTHETIC,J03553,C03553,report_poor_signal_coverage,COMPLAINTS,complaint,web,2024-07-26T07:14:28Z,3.395834,2,2,web > call,True,False,call,2.000000,True,True,True,True,resolved
SYNTHETIC,J03554,C03554,check_signal_coverage,SERVICES,self_service_candidate,web,2024-06-20T07:52:04Z,4.276572,1,1,web,True,True,web,1.000000,False,False,True,False,resolved
SYNTHETIC,J03555,C03555,customer_service,CONTACT,assisted,call,2024-07-09T15:54:26Z,7.997069,1,1,call,True,True,call,1.000000,False,False,False,False,resolved
SYNTHETIC,J03556,C03556,change_plan,SUBSCRIPTION,assisted,call,2024-06-22T03:06:20Z,11.562908,1,1,call,True,True,call,1.000000,False,False,False,False,resolved
SYNTHETIC,J03557,C03557,activate_phone,SERVICES,assisted,call,2024-06-11T13:19:13Z,10.090924,1,1,call,True,True,call,1.000000,False,False,False,False,resolved
SYNTHETIC,J03558,C03558,activate_roaming,SERVICES,assisted,web,2024-08-09T05:42:22Z,15.794658,4,3,web > social > call > call,False,False,,,True,True,True,True,max_contacts
SYNTHETIC,J03559,C03559,invoices,BILLING,self_service_candidate,app,2024-06-12T21:34:36Z,7.805532,1,1,app,True,True,app,1.000000,False,False,True,False,resolved
SYNTHETIC,J03560,C03560,change_plan,SUBSCRIPTION,assisted,ussd,2024-06-14T21:57:34Z,1.071213,3,3,ussd > social > call,True,False,call,3.000000,True,True,True,True,resolved
SYNTHETIC,J03561,C03561,activate_call_management_services,SERVICES,assisted,social,2024-06-25T14:01:14Z,37.475972,2,2,social > call,True,False,call,2.000000,True,True,True,True,resolved
SYNTHETIC,J03562,C03562,check_usage,CONSUMPTION,self_service_candidate,ussd,2024-08-04T13:43:55Z,0.908957,1,1,ussd,True,True,ussd,1.000000,False,False,True,False,resolved
SYNTHETIC,J03563,C03563,sign_up_for_plan,SUBSCRIPTION,assisted,app,2024-07-09T19:52:49Z,1.696419,1,1,app,True,True,app,1.000000,False,False,True,False,resolved
SYNTHETIC,J03564,C03564,report_poor_signal_coverage,COMPLAINTS,complaint,call,2024-08-11T06:55:39Z,5.217055,1,1,call,True,True,call,1.000000,False,False,False,False,resolved
SYNTHETIC,J03565,C03565,activate_phone,SERVICES,assisted,call,2024-08-20T17:40:51Z,9.608625,1,1,call,False,False,,,False,False,False,False,chose_abandon
SYNTHETIC,J03566,C03566,report_poor_signal_coverage,COMPLAINTS,complaint,call,2024-07-05T12:36:24Z,9.598216,1,1,call,True,True,call,1.000000,False,False,False,False,resolved
SYNTHETIC,J03567,C03567,check_usage,CONSUMPTION,self_service_candidate,ussd,2024-08-17T07:45:51Z,1.026569,1,1,ussd,True,True,ussd,1.000000,False,False,True,False,resolved
SYNTHETIC,J03568,C03568,payment_methods,PAYMENT,self_service_candidate,call,2024-06-27T02:49:53Z,2.647210,1,1,call,True,True,call,1.000000,False,False,False,False,resolved
SYNTHETIC,J03569,C03569,check_signal_coverage,SERVICES,self_service_candidate,app,2024-08-26T23:33:24Z,1.530049,1,1,app,True,True,app,1.000000,False,False,True,False,resolved
SYNTHETIC,J03570,C03570,check_usage,CONSUMPTION,self_service_candidate,web,2024-06-27T07:35:59Z,3.365517,1,1,web,True,True,web,1.000000,False,False,True,False,resolved
SYNTHETIC,J03571,C03571,sign_up_for_plan,SUBSCRIPTION,assisted,app,2024-08-01T00:57:34Z,5.628055,2,2,app > call,False,False,,,True,True,True,True,chose_abandon
SYNTHETIC,J03572,C03572,pay,PAYMENT,assisted,ussd,2024-06-05T18:47:41Z,0.702030,2,2,ussd > call,True,False,call,2.000000,True,True,True,True,resolved
SYNTHETIC,J03573,C03573,report_problem,COMPLAINTS,complaint,social,2024-07-18T21:55:07Z,39.783015,2,2,social > call,True,False,call,2.000000,True,True,True,True,resolved
SYNTHETIC,J03574,C03574,report_poor_signal_coverage,COMPLAINTS,complaint,app,2024-06-07T17:20:15Z,1.100618,4,4,app > ussd > social > call,True,False,call,4.000000,True,True,True,True,resolved
SYNTHETIC,J03575,C03575,cancel_plan,SUBSCRIPTION,assisted,ussd,2024-06-28T18:25:57Z,0.466094,2,2,ussd > call,True,False,call,2.000000,True,True,True,True,resolved
SYNTHETIC,J03576,C03576,deactivate_phone,SERVICES,assisted,call,2024-06-05T16:44:39Z,4.264310,4,1,call > call > call > call,True,False,call,4.000000,True,False,False,False,resolved
SYNTHETIC,J03577,C03577,activate_roaming,SERVICES,assisted,call,2024-08-13T11:08:01Z,4.637619,2,1,call > call,True,False,call,2.000000,True,False,False,False,resolved
SYNTHETIC,J03578,C03578,pay,PAYMENT,assisted,app,2024-06-26T20:38:01Z,2.569806,2,1,app > app,True,False,app,2.000000,True,False,True,False,resolved
SYNTHETIC,J03579,C03579,change_plan,SUBSCRIPTION,assisted,web,2024-06-08T11:18:16Z,3.925727,4,3,web > web > app > call,False,False,,,True,True,True,True,max_contacts
SYNTHETIC,J03580,C03580,set_usage_limits,CONSUMPTION,assisted,ussd,2024-06-08T02:56:37Z,1.808967,2,1,ussd > ussd,True,False,ussd,2.000000,True,False,True,False,resolved
SYNTHETIC,J03581,C03581,pay,PAYMENT,assisted,web,2024-08-19T15:22:01Z,8.379684,1,1,web,True,True,web,1.000000,False,False,True,False,resolved
SYNTHETIC,J03582,C03582,customer_service,CONTACT,assisted,app,2024-06-15T21:50:01Z,3.281053,2,2,app > call,True,False,call,2.000000,True,True,True,True,resolved
SYNTHETIC,J03583,C03583,activate_phone,SERVICES,assisted,ussd,2024-06-07T09:51:09Z,1.714938,1,1,ussd,False,False,,,False,False,True,False,chose_abandon
SYNTHETIC,J03584,C03584,change_plan,SUBSCRIPTION,assisted,web,2024-06-14T06:20:23Z,4.366709,1,1,web,True,True,web,1.000000,False,False,True,False,resolved
SYNTHETIC,J03585,C03585,check_excess_data_charges,CONSUMPTION,self_service_candidate,app,2024-07-08T10:58:02Z,2.873335,1,1,app,True,True,app,1.000000,False,False,True,False,resolved
SYNTHETIC,J03586,C03586,get_compensation,COMPLAINTS,complaint,social,2024-06-16T01:00:08Z,31.032855,1,1,social,False,False,,,False,False,True,False,chose_abandon
SYNTHETIC,J03587,C03587,activate_phone,SERVICES,assisted,call,2024-07-28T20:46:18Z,4.613925,1,1,call,True,True,call,1.000000,False,False,False,False,resolved
SYNTHETIC,J03588,C03588,check_cancellation_fee,SUBSCRIPTION,self_service_candidate,ussd,2024-06-25T07:07:47Z,1.267209,1,1,ussd,True,True,ussd,1.000000,False,False,True,False,resolved
SYNTHETIC,J03589,C03589,activate_roaming,SERVICES,assisted,call,2024-08-08T16:05:47Z,10.488578,1,1,call,True,True,call,1.000000,False,False,False,False,resolved
SYNTHETIC,J03590,C03590,invoices,BILLING,self_service_candidate,web,2024-06-22T11:23:17Z,3.307318,1,1,web,True,True,web,1.000000,False,False,True,False,resolved
SYNTHETIC,J03591,C03591,activate_call_management_services,SERVICES,assisted,app,2024-07-18T23:43:07Z,1.425389,3,1,app > app > app,True,False,app,3.000000,True,False,True,False,resolved
SYNTHETIC,J03592,C03592,install_internet,SERVICES,assisted,call,2024-08-13T15:56:35Z,3.518491,1,1,call,True,True,call,1.000000,False,False,False,False,resolved
SYNTHETIC,J03593,C03593,check_usage,CONSUMPTION,self_service_candidate,social,2024-06-24T10:38:13Z,31.343727,2,2,social > app,True,False,app,2.000000,True,True,True,False,resolved
SYNTHETIC,J03594,C03594,deactivate_phone,SERVICES,assisted,ussd,2024-08-08T09:37:48Z,1.119347,2,2,ussd > call,True,False,call,2.000000,True,True,True,True,resolved
SYNTHETIC,J03595,C03595,check_usage,CONSUMPTION,self_service_candidate,app,2024-07-23T09:23:34Z,2.056709,1,1,app,True,True,app,1.000000,False,False,True,False,resolved
SYNTHETIC,J03596,C03596,customer_service,CONTACT,assisted,call,2024-07-18T07:02:08Z,5.010029,1,1,call,True,True,call,1.000000,False,False,False,False,resolved
SYNTHETIC,J03597,C03597,pay,PAYMENT,assisted,ussd,2024-08-24T02:10:10Z,0.860888,2,2,ussd > call,True,False,call,2.000000,True,True,True,True,resolved
SYNTHETIC,J03598,C03598,check_signal_coverage,SERVICES,self_service_candidate,ussd,2024-08-29T00:25:15Z,0.711684,1,1,ussd,True,True,ussd,1.000000,False,False,True,False,resolved
SYNTHETIC,J03599,C03599,sign_up_for_plan,SUBSCRIPTION,assisted,web,2024-07-27T23:04:02Z,18.153247,1,1,web,True,True,web,1.000000,False,False,True,False,resolved
SYNTHETIC,J03600,C03600,check_usage,CONSUMPTION,self_service_candidate,social,2024-07-28T16:05:28Z,46.547193,1,1,social,True,True,social,1.000000,False,False,True,False,resolved
SYNTHETIC,J03601,C03601,invoices,BILLING,self_service_candidate,call,2024-07-30T04:41:58Z,6.380181,1,1,call,True,True,call,1.000000,False,False,False,False,resolved
SYNTHETIC,J03602,C03602,payment_methods,PAYMENT,self_service_candidate,web,2024-06-27T20:16:58Z,8.032767,2,2,web > call,True,False,call,2.000000,True,True,True,True,resolved
SYNTHETIC,J03603,C03603,sign_up_for_plan,SUBSCRIPTION,assisted,ussd,2024-08-07T08:56:22Z,0.537539,1,1,ussd,True,True,ussd,1.000000,False,False,True,False,resolved
SYNTHETIC,J03604,C03604,report_poor_signal_coverage,COMPLAINTS,complaint,ussd,2024-06-07T18:34:10Z,1.017464,4,2,ussd > call > call > call,False,False,,,True,True,True,True,max_contacts
SYNTHETIC,J03605,C03605,invoices,BILLING,self_service_candidate,ussd,2024-07-24T19:46:28Z,0.469933,1,1,ussd,True,True,ussd,1.000000,False,False,True,False,resolved
SYNTHETIC,J03606,C03606,deactivate_call_management_services,SERVICES,assisted,web,2024-07-05T21:52:30Z,3.532482,1,1,web,True,True,web,1.000000,False,False,True,False,resolved
SYNTHETIC,J03607,C03607,check_excess_data_charges,CONSUMPTION,self_service_candidate,ussd,2024-08-04T00:16:42Z,1.234932,1,1,ussd,True,True,ussd,1.000000,False,False,True,False,resolved
SYNTHETIC,J03608,C03608,dispute_invoice,BILLING,complaint,ussd,2024-08-29T21:56:41Z,0.845560,3,2,ussd > ussd > call,True,False,call,3.000000,True,True,True,True,resolved
SYNTHETIC,J03609,C03609,check_excess_data_charges,CONSUMPTION,self_service_candidate,ussd,2024-07-04T16:54:45Z,0.706588,1,1,ussd,True,True,ussd,1.000000,False,False,True,False,resolved
SYNTHETIC,J03610,C03610,human_agent,CONTACT,complaint,call,2024-08-29T15:19:02Z,4.295380,1,1,call,False,False,,,False,False,False,False,chose_abandon
SYNTHETIC,J03611,C03611,set_usage_limits,CONSUMPTION,assisted,ussd,2024-08-07T05:54:11Z,0.593182,1,1,ussd,True,True,ussd,1.000000,False,False,True,False,resolved
SYNTHETIC,J03612,C03612,check_usage,CONSUMPTION,self_service_candidate,ussd,2024-08-17T17:06:36Z,0.715182,1,1,ussd,True,True,ussd,1.000000,False,False,True,False,resolved
SYNTHETIC,J03613,C03613,report_problem,COMPLAINTS,complaint,call,2024-06-30T03:15:26Z,12.778773,1,1,call,True,True,call,1.000000,False,False,False,False,resolved
SYNTHETIC,J03614,C03614,human_agent,CONTACT,complaint,call,2024-08-28T13:35:28Z,6.133771,1,1,call,True,True,call,1.000000,False,False,False,False,resolved
SYNTHETIC,J03615,C03615,report_problem,COMPLAINTS,complaint,app,2024-08-11T23:50:29Z,2.240484,1,1,app,True,True,app,1.000000,False,False,True,False,resolved
SYNTHETIC,J03616,C03616,pay,PAYMENT,assisted,ussd,2024-08-29T07:30:26Z,1.617906,3,3,ussd > web > social,True,False,social,3.000000,True,True,True,False,resolved
SYNTHETIC,J03617,C03617,activate_roaming,SERVICES,assisted,social,2024-08-26T00:18:47Z,46.525831,2,2,social > ussd,False,False,,,True,True,True,False,chose_abandon
SYNTHETIC,J03618,C03618,check_usage,CONSUMPTION,self_service_candidate,app,2024-07-19T01:49:06Z,1.516176,1,1,app,True,True,app,1.000000,False,False,True,False,resolved
SYNTHETIC,J03619,C03619,schedule_payments,PAYMENT,assisted,call,2024-06-26T21:48:13Z,3.333564,1,1,call,True,True,call,1.000000,False,False,False,False,resolved
SYNTHETIC,J03620,C03620,activate_roaming,SERVICES,assisted,call,2024-06-06T10:22:49Z,6.613149,1,1,call,True,True,call,1.000000,False,False,False,False,resolved
SYNTHETIC,J03621,C03621,check_excess_data_charges,CONSUMPTION,self_service_candidate,ussd,2024-08-23T22:11:37Z,0.978363,1,1,ussd,True,True,ussd,1.000000,False,False,True,False,resolved
SYNTHETIC,J03622,C03622,dispute_invoice,BILLING,complaint,ussd,2024-07-30T09:47:04Z,1.246778,2,2,ussd > call,True,False,call,2.000000,True,True,True,True,resolved
SYNTHETIC,J03623,C03623,check_usage,CONSUMPTION,self_service_candidate,web,2024-07-16T15:13:52Z,3.947625,1,1,web,True,True,web,1.000000,False,False,True,False,resolved
SYNTHETIC,J03624,C03624,sign_up_for_plan,SUBSCRIPTION,assisted,call,2024-06-19T23:37:56Z,6.067939,2,1,call > call,True,False,call,2.000000,True,False,False,False,resolved
SYNTHETIC,J03625,C03625,check_usage,CONSUMPTION,self_service_candidate,web,2024-07-14T21:19:34Z,16.452160,1,1,web,True,True,web,1.000000,False,False,True,False,resolved
SYNTHETIC,J03626,C03626,customer_service,CONTACT,assisted,social,2024-08-05T03:08:55Z,46.502124,3,3,social > app > call,True,False,call,3.000000,True,True,True,True,resolved
SYNTHETIC,J03627,C03627,human_agent,CONTACT,complaint,call,2024-07-09T05:22:00Z,4.593193,2,1,call > call,True,False,call,2.000000,True,False,False,False,resolved
SYNTHETIC,J03628,C03628,change_plan,SUBSCRIPTION,assisted,call,2024-08-30T03:36:35Z,8.474689,1,1,call,True,True,call,1.000000,False,False,False,False,resolved
SYNTHETIC,J03629,C03629,check_cancellation_fee,SUBSCRIPTION,self_service_candidate,ussd,2024-08-31T09:30:55Z,1.056519,1,1,ussd,True,True,ussd,1.000000,False,False,True,False,resolved
SYNTHETIC,J03630,C03630,change_plan,SUBSCRIPTION,assisted,app,2024-07-27T02:46:43Z,3.118105,1,1,app,False,False,,,False,False,True,False,chose_abandon
SYNTHETIC,J03631,C03631,change_plan,SUBSCRIPTION,assisted,ussd,2024-08-31T18:14:57Z,0.954900,2,1,ussd > ussd,True,False,ussd,2.000000,True,False,True,False,resolved
SYNTHETIC,J03632,C03632,check_mobile_payments,PAYMENT,self_service_candidate,app,2024-07-21T15:20:22Z,1.689953,1,1,app,True,True,app,1.000000,False,False,True,False,resolved
SYNTHETIC,J03633,C03633,payment_methods,PAYMENT,self_service_candidate,call,2024-06-03T12:22:00Z,11.866663,2,2,call > ussd,True,False,ussd,2.000000,True,True,False,False,resolved
SYNTHETIC,J03634,C03634,install_internet,SERVICES,assisted,social,2024-07-01T17:35:42Z,17.611003,1,1,social,True,True,social,1.000000,False,False,True,False,resolved
SYNTHETIC,J03635,C03635,report_problem,COMPLAINTS,complaint,social,2024-07-18T00:26:44Z,36.775213,2,1,social > social,False,False,,,True,False,True,False,chose_abandon
SYNTHETIC,J03636,C03636,report_poor_signal_coverage,COMPLAINTS,complaint,call,2024-07-13T01:47:02Z,5.192790,2,1,call > call,True,False,call,2.000000,True,False,False,False,resolved
SYNTHETIC,J03637,C03637,customer_service,CONTACT,assisted,ussd,2024-06-26T08:22:50Z,1.246780,2,2,ussd > call,True,False,call,2.000000,True,True,True,True,resolved
SYNTHETIC,J03638,C03638,set_usage_limits,CONSUMPTION,assisted,call,2024-08-01T17:45:25Z,7.916743,2,1,call > call,True,False,call,2.000000,True,False,False,False,resolved
SYNTHETIC,J03639,C03639,cancel_plan,SUBSCRIPTION,assisted,app,2024-08-24T00:25:41Z,1.239096,2,2,app > call,True,False,call,2.000000,True,True,True,True,resolved
SYNTHETIC,J03640,C03640,customer_service,CONTACT,assisted,web,2024-06-21T02:50:09Z,8.205851,1,1,web,True,True,web,1.000000,False,False,True,False,resolved
SYNTHETIC,J03641,C03641,check_excess_data_charges,CONSUMPTION,self_service_candidate,ussd,2024-08-08T05:39:10Z,1.972180,1,1,ussd,True,True,ussd,1.000000,False,False,True,False,resolved
SYNTHETIC,J03642,C03642,invoices,BILLING,self_service_candidate,call,2024-08-01T16:35:32Z,12.105231,1,1,call,True,True,call,1.000000,False,False,False,False,resolved
SYNTHETIC,J03643,C03643,invoices,BILLING,self_service_candidate,ussd,2024-07-07T04:22:29Z,0.959395,2,1,ussd > ussd,False,False,,,True,False,True,False,chose_abandon
SYNTHETIC,J03644,C03644,schedule_payments,PAYMENT,assisted,web,2024-07-17T22:51:00Z,3.440066,2,2,web > call,True,False,call,2.000000,True,True,True,True,resolved
SYNTHETIC,J03645,C03645,cancel_plan,SUBSCRIPTION,assisted,call,2024-07-23T11:36:18Z,10.537485,1,1,call,True,True,call,1.000000,False,False,False,False,resolved
SYNTHETIC,J03646,C03646,customer_service,CONTACT,assisted,call,2024-08-15T05:44:49Z,9.368814,1,1,call,True,True,call,1.000000,False,False,False,False,resolved
SYNTHETIC,J03647,C03647,report_problem,COMPLAINTS,complaint,web,2024-06-06T15:15:23Z,4.660489,1,1,web,True,True,web,1.000000,False,False,True,False,resolved
SYNTHETIC,J03648,C03648,get_compensation,COMPLAINTS,complaint,app,2024-07-15T20:08:20Z,1.611824,4,3,app > web > app > social,False,False,,,True,True,True,False,max_contacts
SYNTHETIC,J03649,C03649,change_plan,SUBSCRIPTION,assisted,ussd,2024-07-08T16:55:12Z,1.417387,1,1,ussd,True,True,ussd,1.000000,False,False,True,False,resolved
SYNTHETIC,J03650,C03650,customer_service,CONTACT,assisted,social,2024-06-11T03:42:53Z,38.184667,2,2,social > call,True,False,call,2.000000,True,True,True,True,resolved
SYNTHETIC,J03651,C03651,customer_service,CONTACT,assisted,social,2024-06-23T19:18:51Z,21.782150,3,3,social > app > call,True,False,call,3.000000,True,True,True,True,resolved
SYNTHETIC,J03652,C03652,human_agent,CONTACT,complaint,call,2024-08-16T15:54:58Z,9.502863,2,1,call > call,True,False,call,2.000000,True,False,False,False,resolved
SYNTHETIC,J03653,C03653,check_mobile_payments,PAYMENT,self_service_candidate,social,2024-06-18T06:50:59Z,26.404673,2,2,social > app,True,False,app,2.000000,True,True,True,False,resolved
SYNTHETIC,J03654,C03654,check_usage,CONSUMPTION,self_service_candidate,ussd,2024-06-30T20:41:58Z,1.631738,1,1,ussd,True,True,ussd,1.000000,False,False,True,False,resolved
SYNTHETIC,J03655,C03655,report_poor_signal_coverage,COMPLAINTS,complaint,call,2024-08-27T14:23:24Z,8.328149,2,1,call > call,True,False,call,2.000000,True,False,False,False,resolved
SYNTHETIC,J03656,C03656,payment_methods,PAYMENT,self_service_candidate,social,2024-08-20T02:44:05Z,19.626247,3,2,social > call > call,True,False,call,3.000000,True,True,True,True,resolved
SYNTHETIC,J03657,C03657,pay,PAYMENT,assisted,ussd,2024-07-17T14:58:25Z,0.485805,3,2,ussd > app > app,True,False,app,3.000000,True,True,True,False,resolved
SYNTHETIC,J03658,C03658,schedule_payments,PAYMENT,assisted,web,2024-08-20T20:45:02Z,18.956454,2,2,web > call,True,False,call,2.000000,True,True,True,True,resolved
SYNTHETIC,J03659,C03659,deactivate_phone,SERVICES,assisted,call,2024-07-28T09:29:58Z,3.452475,2,1,call > call,True,False,call,2.000000,True,False,False,False,resolved
SYNTHETIC,J03660,C03660,report_poor_signal_coverage,COMPLAINTS,complaint,call,2024-06-24T02:55:26Z,5.059279,2,2,call > web,False,False,,,True,True,False,False,chose_abandon
SYNTHETIC,J03661,C03661,check_usage,CONSUMPTION,self_service_candidate,web,2024-06-07T19:54:21Z,8.022435,1,1,web,True,True,web,1.000000,False,False,True,False,resolved
SYNTHETIC,J03662,C03662,check_usage,CONSUMPTION,self_service_candidate,call,2024-07-29T14:32:12Z,6.885697,1,1,call,True,True,call,1.000000,False,False,False,False,resolved
SYNTHETIC,J03663,C03663,deactivate_phone,SERVICES,assisted,app,2024-08-09T16:22:12Z,3.530517,2,2,app > call,True,False,call,2.000000,True,True,True,True,resolved
SYNTHETIC,J03664,C03664,invoices,BILLING,self_service_candidate,app,2024-06-05T15:02:09Z,1.269457,1,1,app,True,True,app,1.000000,False,False,True,False,resolved
SYNTHETIC,J03665,C03665,change_plan,SUBSCRIPTION,assisted,ussd,2024-06-03T13:27:01Z,0.704664,1,1,ussd,True,True,ussd,1.000000,False,False,True,False,resolved
SYNTHETIC,J03666,C03666,check_mobile_payments,PAYMENT,self_service_candidate,call,2024-08-14T10:18:58Z,1.520303,1,1,call,True,True,call,1.000000,False,False,False,False,resolved
SYNTHETIC,J03667,C03667,check_mobile_payments,PAYMENT,self_service_candidate,app,2024-08-06T21:05:26Z,2.872135,1,1,app,True,True,app,1.000000,False,False,True,False,resolved
SYNTHETIC,J03668,C03668,check_usage,CONSUMPTION,self_service_candidate,call,2024-08-28T18:18:15Z,8.231610,1,1,call,True,True,call,1.000000,False,False,False,False,resolved
SYNTHETIC,J03669,C03669,human_agent,CONTACT,complaint,app,2024-08-06T17:28:21Z,2.189209,2,2,app > call,False,False,,,True,True,True,True,chose_abandon
SYNTHETIC,J03670,C03670,pay,PAYMENT,assisted,app,2024-08-12T19:06:33Z,3.823579,1,1,app,True,True,app,1.000000,False,False,True,False,resolved
SYNTHETIC,J03671,C03671,check_usage,CONSUMPTION,self_service_candidate,ussd,2024-06-09T22:08:10Z,1.175632,1,1,ussd,True,True,ussd,1.000000,False,False,True,False,resolved
SYNTHETIC,J03672,C03672,check_usage,CONSUMPTION,self_service_candidate,ussd,2024-08-16T11:49:28Z,0.689483,1,1,ussd,True,True,ussd,1.000000,False,False,True,False,resolved
SYNTHETIC,J03673,C03673,sign_up_for_plan,SUBSCRIPTION,assisted,ussd,2024-08-22T13:36:14Z,0.729434,2,2,ussd > call,True,False,call,2.000000,True,True,True,True,resolved
SYNTHETIC,J03674,C03674,check_usage,CONSUMPTION,self_service_candidate,call,2024-07-19T16:25:11Z,10.878524,1,1,call,True,True,call,1.000000,False,False,False,False,resolved
SYNTHETIC,J03675,C03675,check_usage,CONSUMPTION,self_service_candidate,call,2024-07-31T04:02:55Z,6.555276,1,1,call,True,True,call,1.000000,False,False,False,False,resolved
SYNTHETIC,J03676,C03676,change_plan,SUBSCRIPTION,assisted,ussd,2024-06-27T02:20:08Z,0.875270,1,1,ussd,True,True,ussd,1.000000,False,False,True,False,resolved
SYNTHETIC,J03677,C03677,human_agent,CONTACT,complaint,call,2024-06-13T10:55:11Z,5.882864,1,1,call,True,True,call,1.000000,False,False,False,False,resolved
SYNTHETIC,J03678,C03678,customer_service,CONTACT,assisted,app,2024-08-07T04:19:04Z,4.081970,1,1,app,True,True,app,1.000000,False,False,True,False,resolved
SYNTHETIC,J03679,C03679,dispute_invoice,BILLING,complaint,app,2024-06-22T23:11:42Z,1.883192,1,1,app,True,True,app,1.000000,False,False,True,False,resolved
SYNTHETIC,J03680,C03680,schedule_payments,PAYMENT,assisted,ussd,2024-07-07T22:16:03Z,1.233146,4,2,ussd > ussd > ussd > call,True,False,call,4.000000,True,True,True,True,resolved
SYNTHETIC,J03681,C03681,activate_roaming,SERVICES,assisted,call,2024-08-27T16:25:44Z,9.151775,1,1,call,True,True,call,1.000000,False,False,False,False,resolved
SYNTHETIC,J03682,C03682,get_compensation,COMPLAINTS,complaint,call,2024-08-02T22:20:26Z,8.577888,4,2,call > call > social > call,False,False,,,True,True,False,False,max_contacts
SYNTHETIC,J03683,C03683,pay,PAYMENT,assisted,social,2024-06-03T21:27:53Z,43.252497,2,2,social > call,True,False,call,2.000000,True,True,True,True,resolved
SYNTHETIC,J03684,C03684,check_usage,CONSUMPTION,self_service_candidate,ussd,2024-07-06T18:53:59Z,1.133898,4,2,ussd > ussd > ussd > web,True,False,web,4.000000,True,True,True,False,resolved
SYNTHETIC,J03685,C03685,cancel_plan,SUBSCRIPTION,assisted,web,2024-07-12T02:25:28Z,8.793827,1,1,web,True,True,web,1.000000,False,False,True,False,resolved
SYNTHETIC,J03686,C03686,check_mobile_payments,PAYMENT,self_service_candidate,social,2024-07-08T16:05:56Z,29.992861,1,1,social,True,True,social,1.000000,False,False,True,False,resolved
SYNTHETIC,J03687,C03687,check_mobile_payments,PAYMENT,self_service_candidate,web,2024-07-15T21:12:10Z,2.749802,1,1,web,True,True,web,1.000000,False,False,True,False,resolved
SYNTHETIC,J03688,C03688,check_mobile_payments,PAYMENT,self_service_candidate,app,2024-08-19T14:37:25Z,1.669254,1,1,app,True,True,app,1.000000,False,False,True,False,resolved
SYNTHETIC,J03689,C03689,change_provider,SUBSCRIPTION,assisted,ussd,2024-08-05T16:14:29Z,0.569771,2,2,ussd > call,True,False,call,2.000000,True,True,True,True,resolved
SYNTHETIC,J03690,C03690,check_usage,CONSUMPTION,self_service_candidate,ussd,2024-08-25T13:05:17Z,2.590083,1,1,ussd,True,True,ussd,1.000000,False,False,True,False,resolved
SYNTHETIC,J03691,C03691,activate_phone,SERVICES,assisted,ussd,2024-08-16T00:51:47Z,1.164433,2,2,ussd > call,True,False,call,2.000000,True,True,True,True,resolved
SYNTHETIC,J03692,C03692,activate_roaming,SERVICES,assisted,app,2024-06-28T01:31:29Z,1.370832,1,1,app,True,True,app,1.000000,False,False,True,False,resolved
SYNTHETIC,J03693,C03693,report_problem,COMPLAINTS,complaint,app,2024-08-07T19:27:33Z,1.036531,1,1,app,False,False,,,False,False,True,False,chose_abandon
SYNTHETIC,J03694,C03694,human_agent,CONTACT,complaint,ussd,2024-06-25T16:32:17Z,0.765230,3,3,ussd > app > call,True,False,call,3.000000,True,True,True,True,resolved
SYNTHETIC,J03695,C03695,report_poor_signal_coverage,COMPLAINTS,complaint,social,2024-06-23T11:06:09Z,14.634731,4,3,social > app > call > call,False,False,,,True,True,True,True,max_contacts
SYNTHETIC,J03696,C03696,cancel_plan,SUBSCRIPTION,assisted,ussd,2024-08-17T15:34:08Z,0.774324,2,2,ussd > web,True,False,web,2.000000,True,True,True,False,resolved
SYNTHETIC,J03697,C03697,check_signal_coverage,SERVICES,self_service_candidate,ussd,2024-06-28T11:50:14Z,1.173508,1,1,ussd,True,True,ussd,1.000000,False,False,True,False,resolved
SYNTHETIC,J03698,C03698,check_usage,CONSUMPTION,self_service_candidate,ussd,2024-07-22T22:01:26Z,1.063859,1,1,ussd,True,True,ussd,1.000000,False,False,True,False,resolved
SYNTHETIC,J03699,C03699,check_signal_coverage,SERVICES,self_service_candidate,web,2024-07-29T19:23:06Z,4.412762,3,3,web > ussd > call,True,False,call,3.000000,True,True,True,True,resolved
SYNTHETIC,J03700,C03700,check_usage,CONSUMPTION,self_service_candidate,app,2024-06-04T12:17:42Z,4.957212,1,1,app,True,True,app,1.000000,False,False,True,False,resolved
SYNTHETIC,J03701,C03701,check_signal_coverage,SERVICES,self_service_candidate,web,2024-06-15T21:56:38Z,5.114104,1,1,web,True,True,web,1.000000,False,False,True,False,resolved
SYNTHETIC,J03702,C03702,payment_methods,PAYMENT,self_service_candidate,ussd,2024-07-11T23:02:28Z,0.467168,1,1,ussd,True,True,ussd,1.000000,False,False,True,False,resolved
SYNTHETIC,J03703,C03703,report_poor_signal_coverage,COMPLAINTS,complaint,ussd,2024-06-16T09:42:59Z,0.941486,2,1,ussd > ussd,False,False,,,True,False,True,False,chose_abandon
SYNTHETIC,J03704,C03704,check_mobile_payments,PAYMENT,self_service_candidate,ussd,2024-07-08T06:08:42Z,0.838170,1,1,ussd,True,True,ussd,1.000000,False,False,True,False,resolved
SYNTHETIC,J03705,C03705,schedule_payments,PAYMENT,assisted,ussd,2024-08-02T10:52:37Z,1.210877,1,1,ussd,True,True,ussd,1.000000,False,False,True,False,resolved
SYNTHETIC,J03706,C03706,check_mobile_payments,PAYMENT,self_service_candidate,ussd,2024-08-21T05:58:15Z,1.189436,1,1,ussd,True,True,ussd,1.000000,False,False,True,False,resolved
SYNTHETIC,J03707,C03707,activate_phone,SERVICES,assisted,ussd,2024-07-29T21:58:56Z,0.708297,1,1,ussd,False,False,,,False,False,True,False,chose_abandon
SYNTHETIC,J03708,C03708,check_usage,CONSUMPTION,self_service_candidate,app,2024-07-22T04:22:22Z,2.382376,1,1,app,True,True,app,1.000000,False,False,True,False,resolved
SYNTHETIC,J03709,C03709,report_poor_signal_coverage,COMPLAINTS,complaint,ussd,2024-06-21T17:32:24Z,0.578571,1,1,ussd,True,True,ussd,1.000000,False,False,True,False,resolved
SYNTHETIC,J03710,C03710,report_problem,COMPLAINTS,complaint,call,2024-06-15T17:23:47Z,6.306137,1,1,call,True,True,call,1.000000,False,False,False,False,resolved
SYNTHETIC,J03711,C03711,check_usage,CONSUMPTION,self_service_candidate,app,2024-06-24T01:53:23Z,1.413831,1,1,app,True,True,app,1.000000,False,False,True,False,resolved
SYNTHETIC,J03712,C03712,activate_phone,SERVICES,assisted,call,2024-08-09T15:44:03Z,4.418938,1,1,call,True,True,call,1.000000,False,False,False,False,resolved
SYNTHETIC,J03713,C03713,customer_service,CONTACT,assisted,web,2024-07-06T21:06:04Z,2.958257,1,1,web,True,True,web,1.000000,False,False,True,False,resolved
SYNTHETIC,J03714,C03714,check_mobile_payments,PAYMENT,self_service_candidate,social,2024-08-26T05:59:23Z,78.374430,1,1,social,True,True,social,1.000000,False,False,True,False,resolved
SYNTHETIC,J03715,C03715,activate_phone,SERVICES,assisted,app,2024-07-06T00:37:56Z,1.806078,2,2,app > call,True,False,call,2.000000,True,True,True,True,resolved
SYNTHETIC,J03716,C03716,invoices,BILLING,self_service_candidate,ussd,2024-08-24T09:19:33Z,1.718933,1,1,ussd,False,False,,,False,False,True,False,chose_abandon
SYNTHETIC,J03717,C03717,install_internet,SERVICES,assisted,ussd,2024-06-25T09:54:49Z,0.832152,2,2,ussd > call,True,False,call,2.000000,True,True,True,True,resolved
SYNTHETIC,J03718,C03718,report_problem,COMPLAINTS,complaint,app,2024-07-07T04:33:02Z,1.719169,3,2,app > call > call,False,False,,,True,True,True,True,chose_abandon
SYNTHETIC,J03719,C03719,sign_up_for_plan,SUBSCRIPTION,assisted,web,2024-06-30T22:22:04Z,9.419134,4,3,web > call > call > app,False,False,,,True,True,True,True,max_contacts
SYNTHETIC,J03720,C03720,pay,PAYMENT,assisted,call,2024-07-08T10:54:03Z,7.505017,1,1,call,True,True,call,1.000000,False,False,False,False,resolved
SYNTHETIC,J03721,C03721,check_cancellation_fee,SUBSCRIPTION,self_service_candidate,call,2024-07-03T06:12:03Z,9.042993,1,1,call,True,True,call,1.000000,False,False,False,False,resolved
SYNTHETIC,J03722,C03722,check_usage,CONSUMPTION,self_service_candidate,ussd,2024-07-25T01:05:55Z,0.609573,1,1,ussd,True,True,ussd,1.000000,False,False,True,False,resolved
SYNTHETIC,J03723,C03723,report_poor_signal_coverage,COMPLAINTS,complaint,ussd,2024-07-31T17:10:26Z,0.688016,1,1,ussd,True,True,ussd,1.000000,False,False,True,False,resolved
SYNTHETIC,J03724,C03724,report_problem,COMPLAINTS,complaint,call,2024-06-10T10:47:30Z,4.543628,1,1,call,True,True,call,1.000000,False,False,False,False,resolved
SYNTHETIC,J03725,C03725,payment_methods,PAYMENT,self_service_candidate,ussd,2024-07-27T13:02:38Z,0.599941,1,1,ussd,True,True,ussd,1.000000,False,False,True,False,resolved
SYNTHETIC,J03726,C03726,pay,PAYMENT,assisted,app,2024-07-21T09:09:37Z,1.686899,1,1,app,True,True,app,1.000000,False,False,True,False,resolved
SYNTHETIC,J03727,C03727,schedule_payments,PAYMENT,assisted,app,2024-08-11T21:27:54Z,2.356129,1,1,app,True,True,app,1.000000,False,False,True,False,resolved
SYNTHETIC,J03728,C03728,check_mobile_payments,PAYMENT,self_service_candidate,app,2024-06-04T04:38:15Z,3.442566,2,2,app > call,True,False,call,2.000000,True,True,True,True,resolved
SYNTHETIC,J03729,C03729,invoices,BILLING,self_service_candidate,web,2024-08-26T00:05:14Z,3.536112,1,1,web,True,True,web,1.000000,False,False,True,False,resolved
SYNTHETIC,J03730,C03730,report_problem,COMPLAINTS,complaint,app,2024-06-24T14:45:13Z,5.845022,1,1,app,False,False,,,False,False,True,False,chose_abandon
SYNTHETIC,J03731,C03731,set_usage_limits,CONSUMPTION,assisted,app,2024-08-01T08:50:03Z,1.968203,2,2,app > call,True,False,call,2.000000,True,True,True,True,resolved
SYNTHETIC,J03732,C03732,cancel_plan,SUBSCRIPTION,assisted,ussd,2024-08-27T19:55:58Z,1.135670,1,1,ussd,True,True,ussd,1.000000,False,False,True,False,resolved
SYNTHETIC,J03733,C03733,sign_up_for_plan,SUBSCRIPTION,assisted,app,2024-06-18T23:11:11Z,3.342412,1,1,app,True,True,app,1.000000,False,False,True,False,resolved
SYNTHETIC,J03734,C03734,check_excess_data_charges,CONSUMPTION,self_service_candidate,call,2024-08-07T10:39:48Z,5.738951,1,1,call,True,True,call,1.000000,False,False,False,False,resolved
SYNTHETIC,J03735,C03735,report_poor_signal_coverage,COMPLAINTS,complaint,social,2024-08-23T22:54:30Z,58.506396,1,1,social,False,False,,,False,False,True,False,chose_abandon
SYNTHETIC,J03736,C03736,invoices,BILLING,self_service_candidate,web,2024-07-12T17:10:41Z,3.654178,1,1,web,True,True,web,1.000000,False,False,True,False,resolved
SYNTHETIC,J03737,C03737,change_provider,SUBSCRIPTION,assisted,web,2024-06-05T01:07:18Z,3.529926,2,2,web > call,True,False,call,2.000000,True,True,True,True,resolved
SYNTHETIC,J03738,C03738,check_usage,CONSUMPTION,self_service_candidate,ussd,2024-06-18T19:42:26Z,0.818875,1,1,ussd,True,True,ussd,1.000000,False,False,True,False,resolved
SYNTHETIC,J03739,C03739,check_cancellation_fee,SUBSCRIPTION,self_service_candidate,ussd,2024-08-31T01:40:10Z,0.362830,2,2,ussd > web,False,False,,,True,True,True,False,chose_abandon
SYNTHETIC,J03740,C03740,dispute_invoice,BILLING,complaint,call,2024-08-20T11:58:50Z,4.927003,3,2,call > app > call,True,False,call,3.000000,True,True,False,False,resolved
SYNTHETIC,J03741,C03741,pay,PAYMENT,assisted,ussd,2024-06-07T13:44:33Z,1.460905,2,2,ussd > call,True,False,call,2.000000,True,True,True,True,resolved
SYNTHETIC,J03742,C03742,activate_roaming,SERVICES,assisted,call,2024-06-23T08:44:20Z,2.970998,2,2,call > social,False,False,,,True,True,False,False,chose_abandon
SYNTHETIC,J03743,C03743,report_poor_signal_coverage,COMPLAINTS,complaint,web,2024-06-16T08:12:33Z,7.500425,3,3,web > call > app,True,False,app,3.000000,True,True,True,True,resolved
SYNTHETIC,J03744,C03744,set_usage_limits,CONSUMPTION,assisted,web,2024-08-29T18:36:37Z,8.868662,2,2,web > ussd,True,False,ussd,2.000000,True,True,True,False,resolved
SYNTHETIC,J03745,C03745,check_usage,CONSUMPTION,self_service_candidate,ussd,2024-07-21T17:55:24Z,1.124587,1,1,ussd,True,True,ussd,1.000000,False,False,True,False,resolved
SYNTHETIC,J03746,C03746,check_mobile_payments,PAYMENT,self_service_candidate,app,2024-08-10T12:10:14Z,1.779078,1,1,app,True,True,app,1.000000,False,False,True,False,resolved
SYNTHETIC,J03747,C03747,schedule_payments,PAYMENT,assisted,app,2024-06-06T03:24:28Z,4.477216,1,1,app,True,True,app,1.000000,False,False,True,False,resolved
SYNTHETIC,J03748,C03748,check_mobile_payments,PAYMENT,self_service_candidate,call,2024-07-10T00:57:10Z,3.437188,1,1,call,True,True,call,1.000000,False,False,False,False,resolved
SYNTHETIC,J03749,C03749,activate_call_management_services,SERVICES,assisted,app,2024-07-04T23:26:00Z,4.670019,1,1,app,True,True,app,1.000000,False,False,True,False,resolved
SYNTHETIC,J03750,C03750,report_poor_signal_coverage,COMPLAINTS,complaint,web,2024-06-24T17:23:13Z,3.665727,2,2,web > call,False,False,,,True,True,True,True,chose_abandon
SYNTHETIC,J03751,C03751,dispute_invoice,BILLING,complaint,web,2024-08-07T03:26:59Z,1.706939,2,2,web > app,True,False,app,2.000000,True,True,True,False,resolved
SYNTHETIC,J03752,C03752,schedule_payments,PAYMENT,assisted,ussd,2024-06-19T23:28:32Z,0.994837,1,1,ussd,True,True,ussd,1.000000,False,False,True,False,resolved
SYNTHETIC,J03753,C03753,dispute_invoice,BILLING,complaint,ussd,2024-08-27T22:50:58Z,0.981328,1,1,ussd,False,False,,,False,False,True,False,chose_abandon
SYNTHETIC,J03754,C03754,dispute_invoice,BILLING,complaint,app,2024-08-23T13:45:05Z,1.309709,2,2,app > call,True,False,call,2.000000,True,True,True,True,resolved
SYNTHETIC,J03755,C03755,activate_phone,SERVICES,assisted,ussd,2024-08-07T18:00:47Z,0.995936,2,2,ussd > call,True,False,call,2.000000,True,True,True,True,resolved
SYNTHETIC,J03756,C03756,check_signal_coverage,SERVICES,self_service_candidate,call,2024-08-02T00:46:25Z,8.665672,1,1,call,True,True,call,1.000000,False,False,False,False,resolved
SYNTHETIC,J03757,C03757,pay,PAYMENT,assisted,ussd,2024-08-13T18:05:37Z,1.173415,1,1,ussd,True,True,ussd,1.000000,False,False,True,False,resolved
SYNTHETIC,J03758,C03758,schedule_payments,PAYMENT,assisted,ussd,2024-08-29T19:54:23Z,1.111860,1,1,ussd,True,True,ussd,1.000000,False,False,True,False,resolved
SYNTHETIC,J03759,C03759,check_excess_data_charges,CONSUMPTION,self_service_candidate,call,2024-06-05T00:14:33Z,9.611225,1,1,call,True,True,call,1.000000,False,False,False,False,resolved
SYNTHETIC,J03760,C03760,get_compensation,COMPLAINTS,complaint,app,2024-07-09T21:45:29Z,1.685794,1,1,app,True,True,app,1.000000,False,False,True,False,resolved
SYNTHETIC,J03761,C03761,check_excess_data_charges,CONSUMPTION,self_service_candidate,app,2024-06-21T05:15:47Z,1.294957,1,1,app,True,True,app,1.000000,False,False,True,False,resolved
SYNTHETIC,J03762,C03762,schedule_payments,PAYMENT,assisted,ussd,2024-06-04T01:40:57Z,0.283000,4,3,ussd > ussd > social > call,True,False,call,4.000000,True,True,True,True,resolved
SYNTHETIC,J03763,C03763,set_usage_limits,CONSUMPTION,assisted,app,2024-07-05T21:26:01Z,3.594848,1,1,app,True,True,app,1.000000,False,False,True,False,resolved
SYNTHETIC,J03764,C03764,dispute_invoice,BILLING,complaint,social,2024-06-30T14:03:59Z,58.838714,2,1,social > social,False,False,,,True,False,True,False,chose_abandon
SYNTHETIC,J03765,C03765,schedule_payments,PAYMENT,assisted,app,2024-08-03T05:22:46Z,2.860962,4,3,app > social > ussd > app,False,False,,,True,True,True,False,max_contacts
SYNTHETIC,J03766,C03766,get_compensation,COMPLAINTS,complaint,app,2024-08-09T04:01:22Z,0.514635,1,1,app,False,False,,,False,False,True,False,chose_abandon
SYNTHETIC,J03767,C03767,report_poor_signal_coverage,COMPLAINTS,complaint,social,2024-08-20T05:06:02Z,61.534824,2,2,social > app,True,False,app,2.000000,True,True,True,False,resolved
SYNTHETIC,J03768,C03768,set_usage_limits,CONSUMPTION,assisted,call,2024-07-01T22:34:34Z,5.498292,1,1,call,True,True,call,1.000000,False,False,False,False,resolved
SYNTHETIC,J03769,C03769,check_usage,CONSUMPTION,self_service_candidate,app,2024-07-12T10:54:38Z,3.237675,1,1,app,False,False,,,False,False,True,False,chose_abandon
SYNTHETIC,J03770,C03770,report_poor_signal_coverage,COMPLAINTS,complaint,web,2024-08-26T14:21:00Z,3.001503,2,1,web > web,False,False,,,True,False,True,False,chose_abandon
SYNTHETIC,J03771,C03771,report_poor_signal_coverage,COMPLAINTS,complaint,ussd,2024-08-28T16:40:19Z,0.492520,4,3,ussd > app > call > call,True,False,call,4.000000,True,True,True,True,resolved
SYNTHETIC,J03772,C03772,check_mobile_payments,PAYMENT,self_service_candidate,app,2024-08-12T17:49:09Z,1.041155,1,1,app,True,True,app,1.000000,False,False,True,False,resolved
SYNTHETIC,J03773,C03773,invoices,BILLING,self_service_candidate,call,2024-08-12T11:34:19Z,3.964034,1,1,call,True,True,call,1.000000,False,False,False,False,resolved
SYNTHETIC,J03774,C03774,customer_service,CONTACT,assisted,ussd,2024-07-22T04:56:07Z,2.167474,2,1,ussd > ussd,False,False,,,True,False,True,False,chose_abandon
SYNTHETIC,J03775,C03775,check_usage,CONSUMPTION,self_service_candidate,ussd,2024-07-17T00:43:35Z,1.024344,1,1,ussd,True,True,ussd,1.000000,False,False,True,False,resolved
SYNTHETIC,J03776,C03776,cancel_plan,SUBSCRIPTION,assisted,web,2024-08-19T13:48:36Z,6.197239,2,2,web > call,True,False,call,2.000000,True,True,True,True,resolved
SYNTHETIC,J03777,C03777,report_poor_signal_coverage,COMPLAINTS,complaint,app,2024-07-20T14:15:07Z,1.067239,3,2,app > call > call,True,False,call,3.000000,True,True,True,True,resolved
SYNTHETIC,J03778,C03778,change_plan,SUBSCRIPTION,assisted,call,2024-08-22T12:41:07Z,5.812664,1,1,call,True,True,call,1.000000,False,False,False,False,resolved
SYNTHETIC,J03779,C03779,report_problem,COMPLAINTS,complaint,web,2024-06-06T16:42:25Z,18.174087,2,2,web > call,True,False,call,2.000000,True,True,True,True,resolved
SYNTHETIC,J03780,C03780,report_problem,COMPLAINTS,complaint,ussd,2024-08-26T07:03:31Z,0.630236,1,1,ussd,True,True,ussd,1.000000,False,False,True,False,resolved
SYNTHETIC,J03781,C03781,change_plan,SUBSCRIPTION,assisted,ussd,2024-08-17T23:22:20Z,0.672920,1,1,ussd,True,True,ussd,1.000000,False,False,True,False,resolved
SYNTHETIC,J03782,C03782,activate_call_management_services,SERVICES,assisted,call,2024-08-17T03:27:36Z,3.333225,1,1,call,True,True,call,1.000000,False,False,False,False,resolved
SYNTHETIC,J03783,C03783,get_compensation,COMPLAINTS,complaint,social,2024-08-15T19:22:39Z,24.877041,4,2,social > ussd > ussd > ussd,False,False,,,True,True,True,False,max_contacts
SYNTHETIC,J03784,C03784,check_usage,CONSUMPTION,self_service_candidate,app,2024-07-01T13:01:47Z,2.054323,1,1,app,True,True,app,1.000000,False,False,True,False,resolved
SYNTHETIC,J03785,C03785,set_usage_limits,CONSUMPTION,assisted,ussd,2024-08-30T15:24:28Z,1.380581,2,2,ussd > call,True,False,call,2.000000,True,True,True,True,resolved
SYNTHETIC,J03786,C03786,report_poor_signal_coverage,COMPLAINTS,complaint,call,2024-07-08T23:08:26Z,8.921527,1,1,call,True,True,call,1.000000,False,False,False,False,resolved
SYNTHETIC,J03787,C03787,invoices,BILLING,self_service_candidate,ussd,2024-07-03T03:25:06Z,0.892832,1,1,ussd,True,True,ussd,1.000000,False,False,True,False,resolved
SYNTHETIC,J03788,C03788,report_problem,COMPLAINTS,complaint,ussd,2024-08-25T05:47:49Z,1.211165,1,1,ussd,False,False,,,False,False,True,False,chose_abandon
SYNTHETIC,J03789,C03789,check_usage,CONSUMPTION,self_service_candidate,ussd,2024-07-31T17:16:06Z,0.599072,1,1,ussd,True,True,ussd,1.000000,False,False,True,False,resolved
SYNTHETIC,J03790,C03790,activate_roaming,SERVICES,assisted,call,2024-06-20T19:07:11Z,4.329531,1,1,call,True,True,call,1.000000,False,False,False,False,resolved
SYNTHETIC,J03791,C03791,check_usage,CONSUMPTION,self_service_candidate,ussd,2024-08-01T05:07:26Z,1.181188,2,2,ussd > call,True,False,call,2.000000,True,True,True,True,resolved
SYNTHETIC,J03792,C03792,activate_roaming,SERVICES,assisted,app,2024-06-07T02:02:34Z,0.884279,1,1,app,True,True,app,1.000000,False,False,True,False,resolved
SYNTHETIC,J03793,C03793,report_poor_signal_coverage,COMPLAINTS,complaint,app,2024-07-04T21:20:41Z,2.087979,4,2,app > call > call > call,True,False,call,4.000000,True,True,True,True,resolved
SYNTHETIC,J03794,C03794,check_mobile_payments,PAYMENT,self_service_candidate,app,2024-07-01T10:12:38Z,2.455225,1,1,app,True,True,app,1.000000,False,False,True,False,resolved
SYNTHETIC,J03795,C03795,activate_phone,SERVICES,assisted,ussd,2024-06-07T22:13:16Z,1.374203,1,1,ussd,True,True,ussd,1.000000,False,False,True,False,resolved
SYNTHETIC,J03796,C03796,check_excess_data_charges,CONSUMPTION,self_service_candidate,ussd,2024-07-29T16:01:27Z,0.712217,2,1,ussd > ussd,True,False,ussd,2.000000,True,False,True,False,resolved
SYNTHETIC,J03797,C03797,check_usage,CONSUMPTION,self_service_candidate,app,2024-06-20T00:20:55Z,1.341864,1,1,app,True,True,app,1.000000,False,False,True,False,resolved
SYNTHETIC,J03798,C03798,pay,PAYMENT,assisted,ussd,2024-08-12T07:38:38Z,0.612570,1,1,ussd,True,True,ussd,1.000000,False,False,True,False,resolved
SYNTHETIC,J03799,C03799,report_poor_signal_coverage,COMPLAINTS,complaint,app,2024-06-10T18:23:33Z,2.605011,1,1,app,False,False,,,False,False,True,False,chose_abandon
SYNTHETIC,J03800,C03800,pay,PAYMENT,assisted,call,2024-07-14T23:40:56Z,5.736524,1,1,call,True,True,call,1.000000,False,False,False,False,resolved
SYNTHETIC,J03801,C03801,check_usage,CONSUMPTION,self_service_candidate,web,2024-08-24T08:28:57Z,4.508008,1,1,web,True,True,web,1.000000,False,False,True,False,resolved
SYNTHETIC,J03802,C03802,activate_roaming,SERVICES,assisted,ussd,2024-06-26T09:06:00Z,0.811296,1,1,ussd,True,True,ussd,1.000000,False,False,True,False,resolved
SYNTHETIC,J03803,C03803,activate_call_management_services,SERVICES,assisted,web,2024-07-07T22:30:04Z,6.131840,2,2,web > call,True,False,call,2.000000,True,True,True,True,resolved
SYNTHETIC,J03804,C03804,change_plan,SUBSCRIPTION,assisted,web,2024-08-29T03:53:53Z,4.740381,1,1,web,True,True,web,1.000000,False,False,True,False,resolved
SYNTHETIC,J03805,C03805,payment_methods,PAYMENT,self_service_candidate,web,2024-06-18T22:59:04Z,5.573681,1,1,web,True,True,web,1.000000,False,False,True,False,resolved
SYNTHETIC,J03806,C03806,report_problem,COMPLAINTS,complaint,app,2024-08-24T12:30:17Z,4.047653,2,2,app > call,False,False,,,True,True,True,True,chose_abandon
SYNTHETIC,J03807,C03807,activate_roaming,SERVICES,assisted,web,2024-08-01T00:16:58Z,6.429613,2,2,web > call,True,False,call,2.000000,True,True,True,True,resolved
SYNTHETIC,J03808,C03808,check_signal_coverage,SERVICES,self_service_candidate,call,2024-08-25T21:18:09Z,12.348088,1,1,call,True,True,call,1.000000,False,False,False,False,resolved
SYNTHETIC,J03809,C03809,check_excess_data_charges,CONSUMPTION,self_service_candidate,ussd,2024-07-21T23:53:02Z,0.816559,1,1,ussd,True,True,ussd,1.000000,False,False,True,False,resolved
SYNTHETIC,J03810,C03810,pay,PAYMENT,assisted,app,2024-06-28T12:50:26Z,1.467391,1,1,app,True,True,app,1.000000,False,False,True,False,resolved
SYNTHETIC,J03811,C03811,invoices,BILLING,self_service_candidate,call,2024-08-20T21:02:48Z,6.606650,1,1,call,True,True,call,1.000000,False,False,False,False,resolved
SYNTHETIC,J03812,C03812,human_agent,CONTACT,complaint,web,2024-07-09T00:21:51Z,10.933917,1,1,web,False,False,,,False,False,True,False,chose_abandon
SYNTHETIC,J03813,C03813,customer_service,CONTACT,assisted,ussd,2024-06-08T06:19:57Z,1.407940,1,1,ussd,True,True,ussd,1.000000,False,False,True,False,resolved
SYNTHETIC,J03814,C03814,check_excess_data_charges,CONSUMPTION,self_service_candidate,call,2024-06-16T05:12:12Z,1.922572,2,1,call > call,True,False,call,2.000000,True,False,False,False,resolved
SYNTHETIC,J03815,C03815,cancel_plan,SUBSCRIPTION,assisted,web,2024-07-24T13:11:15Z,4.638335,1,1,web,True,True,web,1.000000,False,False,True,False,resolved
SYNTHETIC,J03816,C03816,check_usage,CONSUMPTION,self_service_candidate,app,2024-08-30T17:47:03Z,2.467366,1,1,app,True,True,app,1.000000,False,False,True,False,resolved
SYNTHETIC,J03817,C03817,check_signal_coverage,SERVICES,self_service_candidate,ussd,2024-06-07T00:37:04Z,1.191010,1,1,ussd,True,True,ussd,1.000000,False,False,True,False,resolved
SYNTHETIC,J03818,C03818,payment_methods,PAYMENT,self_service_candidate,ussd,2024-08-27T11:52:16Z,1.520615,1,1,ussd,True,True,ussd,1.000000,False,False,True,False,resolved
SYNTHETIC,J03819,C03819,check_usage,CONSUMPTION,self_service_candidate,call,2024-06-13T05:59:25Z,4.187385,1,1,call,True,True,call,1.000000,False,False,False,False,resolved
SYNTHETIC,J03820,C03820,pay,PAYMENT,assisted,web,2024-08-17T23:56:11Z,4.814656,1,1,web,True,True,web,1.000000,False,False,True,False,resolved
SYNTHETIC,J03821,C03821,check_signal_coverage,SERVICES,self_service_candidate,app,2024-07-26T17:05:51Z,1.711171,1,1,app,True,True,app,1.000000,False,False,True,False,resolved
SYNTHETIC,J03822,C03822,schedule_payments,PAYMENT,assisted,call,2024-09-01T00:44:04Z,2.180740,1,1,call,True,True,call,1.000000,False,False,False,False,resolved
SYNTHETIC,J03823,C03823,check_excess_data_charges,CONSUMPTION,self_service_candidate,ussd,2024-06-13T07:56:21Z,0.564266,2,2,ussd > call,True,False,call,2.000000,True,True,True,True,resolved
SYNTHETIC,J03824,C03824,dispute_invoice,BILLING,complaint,ussd,2024-06-13T16:04:59Z,0.732392,1,1,ussd,False,False,,,False,False,True,False,chose_abandon
SYNTHETIC,J03825,C03825,report_poor_signal_coverage,COMPLAINTS,complaint,web,2024-06-10T09:59:29Z,11.321230,1,1,web,True,True,web,1.000000,False,False,True,False,resolved
SYNTHETIC,J03826,C03826,activate_phone,SERVICES,assisted,app,2024-06-07T09:49:17Z,2.994928,1,1,app,False,False,,,False,False,True,False,chose_abandon
SYNTHETIC,J03827,C03827,check_excess_data_charges,CONSUMPTION,self_service_candidate,ussd,2024-07-03T11:13:34Z,1.954845,3,3,ussd > web > app,True,False,app,3.000000,True,True,True,False,resolved
SYNTHETIC,J03828,C03828,set_usage_limits,CONSUMPTION,assisted,web,2024-07-27T20:36:55Z,5.027550,4,3,web > social > call > call,False,False,,,True,True,True,True,max_contacts
SYNTHETIC,J03829,C03829,check_usage,CONSUMPTION,self_service_candidate,call,2024-08-23T06:25:38Z,9.461814,1,1,call,True,True,call,1.000000,False,False,False,False,resolved
SYNTHETIC,J03830,C03830,schedule_payments,PAYMENT,assisted,ussd,2024-08-09T03:00:40Z,1.000534,2,2,ussd > call,True,False,call,2.000000,True,True,True,True,resolved
SYNTHETIC,J03831,C03831,human_agent,CONTACT,complaint,app,2024-07-20T05:24:56Z,1.545063,4,3,app > app > call > ussd,False,False,,,True,True,True,True,max_contacts
SYNTHETIC,J03832,C03832,pay,PAYMENT,assisted,ussd,2024-07-27T10:56:49Z,0.392544,1,1,ussd,True,True,ussd,1.000000,False,False,True,False,resolved
SYNTHETIC,J03833,C03833,dispute_invoice,BILLING,complaint,ussd,2024-07-15T20:27:57Z,0.910652,2,1,ussd > ussd,False,False,,,True,False,True,False,chose_abandon
SYNTHETIC,J03834,C03834,report_problem,COMPLAINTS,complaint,ussd,2024-07-14T13:12:06Z,0.879364,1,1,ussd,False,False,,,False,False,True,False,chose_abandon
SYNTHETIC,J03835,C03835,human_agent,CONTACT,complaint,ussd,2024-08-21T12:58:19Z,3.556288,4,4,ussd > call > web > app,False,False,,,True,True,True,True,max_contacts
SYNTHETIC,J03836,C03836,invoices,BILLING,self_service_candidate,call,2024-07-25T09:27:18Z,11.719577,1,1,call,True,True,call,1.000000,False,False,False,False,resolved
SYNTHETIC,J03837,C03837,check_usage,CONSUMPTION,self_service_candidate,ussd,2024-08-14T03:49:47Z,0.843398,1,1,ussd,True,True,ussd,1.000000,False,False,True,False,resolved
SYNTHETIC,J03838,C03838,sign_up_for_plan,SUBSCRIPTION,assisted,call,2024-07-25T08:20:28Z,3.561021,4,3,call > web > call > ussd,False,False,,,True,True,False,False,max_contacts
SYNTHETIC,J03839,C03839,activate_roaming,SERVICES,assisted,call,2024-07-23T05:29:53Z,4.163645,1,1,call,True,True,call,1.000000,False,False,False,False,resolved
SYNTHETIC,J03840,C03840,report_problem,COMPLAINTS,complaint,app,2024-06-17T17:28:39Z,0.816620,3,2,app > ussd > ussd,True,False,ussd,3.000000,True,True,True,False,resolved
SYNTHETIC,J03841,C03841,customer_service,CONTACT,assisted,app,2024-07-14T05:26:12Z,0.933063,1,1,app,True,True,app,1.000000,False,False,True,False,resolved
SYNTHETIC,J03842,C03842,report_problem,COMPLAINTS,complaint,ussd,2024-06-25T17:52:17Z,1.059181,2,2,ussd > call,True,False,call,2.000000,True,True,True,True,resolved
SYNTHETIC,J03843,C03843,pay,PAYMENT,assisted,call,2024-08-26T02:48:59Z,8.977559,1,1,call,True,True,call,1.000000,False,False,False,False,resolved
SYNTHETIC,J03844,C03844,dispute_invoice,BILLING,complaint,call,2024-07-19T20:41:22Z,6.189911,1,1,call,True,True,call,1.000000,False,False,False,False,resolved
SYNTHETIC,J03845,C03845,invoices,BILLING,self_service_candidate,app,2024-07-20T23:54:59Z,3.698759,1,1,app,False,False,,,False,False,True,False,chose_abandon
SYNTHETIC,J03846,C03846,invoices,BILLING,self_service_candidate,app,2024-06-13T01:50:22Z,1.987517,1,1,app,True,True,app,1.000000,False,False,True,False,resolved
SYNTHETIC,J03847,C03847,payment_methods,PAYMENT,self_service_candidate,web,2024-08-16T14:34:33Z,6.757900,1,1,web,True,True,web,1.000000,False,False,True,False,resolved
SYNTHETIC,J03848,C03848,invoices,BILLING,self_service_candidate,app,2024-07-18T21:41:29Z,2.547974,1,1,app,True,True,app,1.000000,False,False,True,False,resolved
SYNTHETIC,J03849,C03849,check_usage,CONSUMPTION,self_service_candidate,ussd,2024-07-07T07:07:27Z,0.581006,2,2,ussd > call,True,False,call,2.000000,True,True,True,True,resolved
SYNTHETIC,J03850,C03850,customer_service,CONTACT,assisted,app,2024-07-07T18:02:39Z,1.270000,1,1,app,True,True,app,1.000000,False,False,True,False,resolved
SYNTHETIC,J03851,C03851,activate_phone,SERVICES,assisted,ussd,2024-06-07T23:37:34Z,0.443703,4,2,ussd > ussd > ussd > social,False,False,,,True,True,True,False,max_contacts
SYNTHETIC,J03852,C03852,invoices,BILLING,self_service_candidate,call,2024-08-28T15:59:32Z,4.653184,1,1,call,True,True,call,1.000000,False,False,False,False,resolved
SYNTHETIC,J03853,C03853,payment_methods,PAYMENT,self_service_candidate,app,2024-08-21T13:56:45Z,3.211067,1,1,app,True,True,app,1.000000,False,False,True,False,resolved
SYNTHETIC,J03854,C03854,report_problem,COMPLAINTS,complaint,web,2024-07-22T21:49:20Z,4.336901,1,1,web,True,True,web,1.000000,False,False,True,False,resolved
SYNTHETIC,J03855,C03855,check_mobile_payments,PAYMENT,self_service_candidate,ussd,2024-08-03T23:11:17Z,0.785993,1,1,ussd,True,True,ussd,1.000000,False,False,True,False,resolved
SYNTHETIC,J03856,C03856,cancel_plan,SUBSCRIPTION,assisted,call,2024-06-24T12:32:56Z,3.489012,1,1,call,True,True,call,1.000000,False,False,False,False,resolved
SYNTHETIC,J03857,C03857,check_excess_data_charges,CONSUMPTION,self_service_candidate,social,2024-08-10T14:03:16Z,19.148721,3,3,social > web > call,True,False,call,3.000000,True,True,True,True,resolved
SYNTHETIC,J03858,C03858,check_excess_data_charges,CONSUMPTION,self_service_candidate,ussd,2024-07-03T10:18:09Z,1.785324,1,1,ussd,True,True,ussd,1.000000,False,False,True,False,resolved
SYNTHETIC,J03859,C03859,schedule_payments,PAYMENT,assisted,ussd,2024-06-13T16:24:10Z,2.084448,1,1,ussd,False,False,,,False,False,True,False,chose_abandon
SYNTHETIC,J03860,C03860,report_problem,COMPLAINTS,complaint,ussd,2024-07-04T17:11:56Z,0.867384,2,2,ussd > call,True,False,call,2.000000,True,True,True,True,resolved
SYNTHETIC,J03861,C03861,customer_service,CONTACT,assisted,ussd,2024-06-04T07:07:52Z,0.847987,2,1,ussd > ussd,True,False,ussd,2.000000,True,False,True,False,resolved
SYNTHETIC,J03862,C03862,check_excess_data_charges,CONSUMPTION,self_service_candidate,app,2024-06-14T11:50:23Z,2.109111,1,1,app,True,True,app,1.000000,False,False,True,False,resolved
SYNTHETIC,J03863,C03863,report_poor_signal_coverage,COMPLAINTS,complaint,ussd,2024-06-20T04:01:22Z,0.687924,3,2,ussd > social > ussd,True,False,ussd,3.000000,True,True,True,False,resolved
SYNTHETIC,J03864,C03864,check_mobile_payments,PAYMENT,self_service_candidate,ussd,2024-08-27T16:22:08Z,0.759912,1,1,ussd,True,True,ussd,1.000000,False,False,True,False,resolved
SYNTHETIC,J03865,C03865,report_poor_signal_coverage,COMPLAINTS,complaint,call,2024-08-24T18:13:44Z,3.684198,1,1,call,True,True,call,1.000000,False,False,False,False,resolved
SYNTHETIC,J03866,C03866,invoices,BILLING,self_service_candidate,call,2024-08-28T06:46:23Z,15.476557,1,1,call,True,True,call,1.000000,False,False,False,False,resolved
SYNTHETIC,J03867,C03867,check_mobile_payments,PAYMENT,self_service_candidate,web,2024-06-21T07:47:49Z,7.729581,1,1,web,True,True,web,1.000000,False,False,True,False,resolved
SYNTHETIC,J03868,C03868,pay,PAYMENT,assisted,social,2024-07-05T17:37:24Z,43.377422,2,2,social > call,True,False,call,2.000000,True,True,True,True,resolved
SYNTHETIC,J03869,C03869,activate_call_management_services,SERVICES,assisted,call,2024-08-14T00:13:01Z,3.204488,1,1,call,True,True,call,1.000000,False,False,False,False,resolved
SYNTHETIC,J03870,C03870,report_problem,COMPLAINTS,complaint,app,2024-07-07T18:19:45Z,0.955371,3,3,app > web > call,True,False,call,3.000000,True,True,True,True,resolved
SYNTHETIC,J03871,C03871,dispute_invoice,BILLING,complaint,web,2024-08-08T13:09:54Z,2.603064,4,4,web > app > call > social,False,False,,,True,True,True,True,max_contacts
SYNTHETIC,J03872,C03872,customer_service,CONTACT,assisted,social,2024-07-04T15:11:25Z,80.722225,1,1,social,False,False,,,False,False,True,False,chose_abandon
SYNTHETIC,J03873,C03873,dispute_invoice,BILLING,complaint,ussd,2024-06-26T02:58:45Z,0.981274,1,1,ussd,True,True,ussd,1.000000,False,False,True,False,resolved
SYNTHETIC,J03874,C03874,human_agent,CONTACT,complaint,call,2024-08-11T15:04:42Z,5.767798,1,1,call,False,False,,,False,False,False,False,chose_abandon
SYNTHETIC,J03875,C03875,change_plan,SUBSCRIPTION,assisted,call,2024-07-11T19:39:29Z,7.513103,1,1,call,True,True,call,1.000000,False,False,False,False,resolved
SYNTHETIC,J03876,C03876,activate_roaming,SERVICES,assisted,call,2024-08-05T02:24:10Z,4.012664,1,1,call,True,True,call,1.000000,False,False,False,False,resolved
SYNTHETIC,J03877,C03877,check_usage,CONSUMPTION,self_service_candidate,app,2024-08-27T04:54:53Z,0.596345,1,1,app,True,True,app,1.000000,False,False,True,False,resolved
SYNTHETIC,J03878,C03878,activate_phone,SERVICES,assisted,call,2024-07-12T09:54:24Z,4.782287,1,1,call,True,True,call,1.000000,False,False,False,False,resolved
SYNTHETIC,J03879,C03879,report_poor_signal_coverage,COMPLAINTS,complaint,ussd,2024-06-04T03:08:03Z,0.934396,2,2,ussd > call,False,False,,,True,True,True,True,chose_abandon
SYNTHETIC,J03880,C03880,pay,PAYMENT,assisted,ussd,2024-06-10T23:36:53Z,0.997194,1,1,ussd,False,False,,,False,False,True,False,chose_abandon
SYNTHETIC,J03881,C03881,check_excess_data_charges,CONSUMPTION,self_service_candidate,app,2024-06-10T23:35:06Z,1.271735,1,1,app,True,True,app,1.000000,False,False,True,False,resolved
SYNTHETIC,J03882,C03882,pay,PAYMENT,assisted,app,2024-08-07T12:31:49Z,3.724398,3,3,app > call > web,True,False,web,3.000000,True,True,True,True,resolved
SYNTHETIC,J03883,C03883,dispute_invoice,BILLING,complaint,web,2024-07-28T09:02:58Z,4.931889,2,2,web > call,True,False,call,2.000000,True,True,True,True,resolved
SYNTHETIC,J03884,C03884,report_poor_signal_coverage,COMPLAINTS,complaint,web,2024-07-21T01:49:11Z,4.434114,1,1,web,True,True,web,1.000000,False,False,True,False,resolved
SYNTHETIC,J03885,C03885,report_poor_signal_coverage,COMPLAINTS,complaint,web,2024-07-07T11:19:31Z,6.917647,2,1,web > web,False,False,,,True,False,True,False,chose_abandon
SYNTHETIC,J03886,C03886,check_mobile_payments,PAYMENT,self_service_candidate,call,2024-08-18T09:55:59Z,7.319749,1,1,call,True,True,call,1.000000,False,False,False,False,resolved
SYNTHETIC,J03887,C03887,check_usage,CONSUMPTION,self_service_candidate,web,2024-06-23T10:24:10Z,4.800657,1,1,web,True,True,web,1.000000,False,False,True,False,resolved
SYNTHETIC,J03888,C03888,invoices,BILLING,self_service_candidate,social,2024-08-13T05:41:42Z,55.308103,2,2,social > call,True,False,call,2.000000,True,True,True,True,resolved
SYNTHETIC,J03889,C03889,invoices,BILLING,self_service_candidate,ussd,2024-09-01T00:05:27Z,1.788843,2,2,ussd > call,True,False,call,2.000000,True,True,True,True,resolved
SYNTHETIC,J03890,C03890,check_usage,CONSUMPTION,self_service_candidate,call,2024-07-15T09:02:34Z,7.211294,2,1,call > call,False,False,,,True,False,False,False,chose_abandon
SYNTHETIC,J03891,C03891,cancel_plan,SUBSCRIPTION,assisted,web,2024-07-27T21:05:21Z,5.983302,1,1,web,True,True,web,1.000000,False,False,True,False,resolved
SYNTHETIC,J03892,C03892,check_mobile_payments,PAYMENT,self_service_candidate,ussd,2024-06-07T09:28:39Z,0.830175,1,1,ussd,True,True,ussd,1.000000,False,False,True,False,resolved
SYNTHETIC,J03893,C03893,report_problem,COMPLAINTS,complaint,social,2024-07-15T03:06:43Z,17.746757,1,1,social,False,False,,,False,False,True,False,chose_abandon
SYNTHETIC,J03894,C03894,sign_up_for_plan,SUBSCRIPTION,assisted,social,2024-06-17T03:40:20Z,13.195227,1,1,social,False,False,,,False,False,True,False,chose_abandon
SYNTHETIC,J03895,C03895,pay,PAYMENT,assisted,ussd,2024-07-19T07:13:27Z,0.533364,2,2,ussd > call,True,False,call,2.000000,True,True,True,True,resolved
SYNTHETIC,J03896,C03896,activate_roaming,SERVICES,assisted,web,2024-07-10T16:22:14Z,5.007186,1,1,web,True,True,web,1.000000,False,False,True,False,resolved
SYNTHETIC,J03897,C03897,check_signal_coverage,SERVICES,self_service_candidate,call,2024-06-18T05:51:39Z,7.526473,1,1,call,True,True,call,1.000000,False,False,False,False,resolved
SYNTHETIC,J03898,C03898,check_mobile_payments,PAYMENT,self_service_candidate,social,2024-07-25T06:05:17Z,34.610067,1,1,social,False,False,,,False,False,True,False,chose_abandon
SYNTHETIC,J03899,C03899,change_plan,SUBSCRIPTION,assisted,ussd,2024-06-10T18:54:02Z,0.625730,2,2,ussd > call,True,False,call,2.000000,True,True,True,True,resolved
SYNTHETIC,J03900,C03900,pay,PAYMENT,assisted,app,2024-07-14T14:31:42Z,1.900875,2,2,app > call,True,False,call,2.000000,True,True,True,True,resolved
SYNTHETIC,J03901,C03901,pay,PAYMENT,assisted,ussd,2024-07-15T11:10:58Z,0.847086,4,2,ussd > ussd > call > call,False,False,,,True,True,True,True,max_contacts
SYNTHETIC,J03902,C03902,check_excess_data_charges,CONSUMPTION,self_service_candidate,ussd,2024-07-05T02:31:44Z,0.486577,1,1,ussd,True,True,ussd,1.000000,False,False,True,False,resolved
SYNTHETIC,J03903,C03903,human_agent,CONTACT,complaint,call,2024-06-03T13:27:39Z,4.074266,1,1,call,True,True,call,1.000000,False,False,False,False,resolved
SYNTHETIC,J03904,C03904,report_problem,COMPLAINTS,complaint,web,2024-08-06T02:43:10Z,4.672624,3,2,web > call > call,True,False,call,3.000000,True,True,True,True,resolved
SYNTHETIC,J03905,C03905,payment_methods,PAYMENT,self_service_candidate,app,2024-07-31T11:11:26Z,3.127866,1,1,app,True,True,app,1.000000,False,False,True,False,resolved
SYNTHETIC,J03906,C03906,check_usage,CONSUMPTION,self_service_candidate,ussd,2024-06-18T00:40:01Z,1.056881,1,1,ussd,True,True,ussd,1.000000,False,False,True,False,resolved
SYNTHETIC,J03907,C03907,schedule_payments,PAYMENT,assisted,ussd,2024-08-13T00:00:03Z,1.210613,4,3,ussd > app > call > call,False,False,,,True,True,True,True,max_contacts
SYNTHETIC,J03908,C03908,activate_call_management_services,SERVICES,assisted,web,2024-08-31T23:20:23Z,4.802404,1,1,web,True,True,web,1.000000,False,False,True,False,resolved
SYNTHETIC,J03909,C03909,check_mobile_payments,PAYMENT,self_service_candidate,ussd,2024-06-12T23:22:36Z,2.151722,1,1,ussd,True,True,ussd,1.000000,False,False,True,False,resolved
SYNTHETIC,J03910,C03910,activate_phone,SERVICES,assisted,ussd,2024-07-14T05:31:32Z,1.251648,1,1,ussd,True,True,ussd,1.000000,False,False,True,False,resolved
SYNTHETIC,J03911,C03911,change_plan,SUBSCRIPTION,assisted,web,2024-06-09T13:54:15Z,3.472170,1,1,web,True,True,web,1.000000,False,False,True,False,resolved
SYNTHETIC,J03912,C03912,set_usage_limits,CONSUMPTION,assisted,app,2024-07-09T10:30:18Z,3.871647,1,1,app,True,True,app,1.000000,False,False,True,False,resolved
SYNTHETIC,J03913,C03913,pay,PAYMENT,assisted,ussd,2024-08-16T14:31:11Z,0.935004,1,1,ussd,False,False,,,False,False,True,False,chose_abandon
SYNTHETIC,J03914,C03914,install_internet,SERVICES,assisted,app,2024-08-10T05:56:53Z,2.015245,1,1,app,True,True,app,1.000000,False,False,True,False,resolved
SYNTHETIC,J03915,C03915,report_problem,COMPLAINTS,complaint,call,2024-06-05T21:53:48Z,5.351499,2,1,call > call,True,False,call,2.000000,True,False,False,False,resolved
SYNTHETIC,J03916,C03916,set_usage_limits,CONSUMPTION,assisted,app,2024-08-10T11:55:31Z,1.679081,2,1,app > app,True,False,app,2.000000,True,False,True,False,resolved
SYNTHETIC,J03917,C03917,report_poor_signal_coverage,COMPLAINTS,complaint,ussd,2024-08-30T21:05:15Z,1.601084,3,2,ussd > ussd > call,True,False,call,3.000000,True,True,True,True,resolved
SYNTHETIC,J03918,C03918,pay,PAYMENT,assisted,app,2024-06-11T02:42:41Z,1.173707,1,1,app,True,True,app,1.000000,False,False,True,False,resolved
SYNTHETIC,J03919,C03919,install_internet,SERVICES,assisted,ussd,2024-07-22T13:28:05Z,1.250424,2,1,ussd > ussd,True,False,ussd,2.000000,True,False,True,False,resolved
SYNTHETIC,J03920,C03920,deactivate_call_management_services,SERVICES,assisted,ussd,2024-08-15T01:42:00Z,1.049503,1,1,ussd,True,True,ussd,1.000000,False,False,True,False,resolved
SYNTHETIC,J03921,C03921,activate_call_management_services,SERVICES,assisted,call,2024-06-14T00:38:06Z,6.965882,1,1,call,True,True,call,1.000000,False,False,False,False,resolved
SYNTHETIC,J03922,C03922,report_poor_signal_coverage,COMPLAINTS,complaint,call,2024-07-01T23:58:54Z,3.829379,2,2,call > social,False,False,,,True,True,False,False,chose_abandon
SYNTHETIC,J03923,C03923,invoices,BILLING,self_service_candidate,web,2024-08-20T06:33:06Z,8.804687,1,1,web,True,True,web,1.000000,False,False,True,False,resolved
SYNTHETIC,J03924,C03924,set_usage_limits,CONSUMPTION,assisted,web,2024-06-07T05:36:43Z,4.478363,1,1,web,True,True,web,1.000000,False,False,True,False,resolved
SYNTHETIC,J03925,C03925,report_poor_signal_coverage,COMPLAINTS,complaint,ussd,2024-07-06T02:15:53Z,1.426952,1,1,ussd,True,True,ussd,1.000000,False,False,True,False,resolved
SYNTHETIC,J03926,C03926,set_usage_limits,CONSUMPTION,assisted,call,2024-08-31T13:56:00Z,4.769865,3,1,call > call > call,True,False,call,3.000000,True,False,False,False,resolved
SYNTHETIC,J03927,C03927,pay,PAYMENT,assisted,call,2024-08-20T15:26:58Z,8.805459,1,1,call,True,True,call,1.000000,False,False,False,False,resolved
SYNTHETIC,J03928,C03928,get_compensation,COMPLAINTS,complaint,app,2024-07-11T01:19:46Z,4.050271,1,1,app,True,True,app,1.000000,False,False,True,False,resolved
SYNTHETIC,J03929,C03929,change_plan,SUBSCRIPTION,assisted,ussd,2024-07-15T20:46:29Z,0.767525,1,1,ussd,False,False,,,False,False,True,False,chose_abandon
SYNTHETIC,J03930,C03930,check_usage,CONSUMPTION,self_service_candidate,ussd,2024-08-15T21:34:19Z,0.708363,2,1,ussd > ussd,True,False,ussd,2.000000,True,False,True,False,resolved
SYNTHETIC,J03931,C03931,change_plan,SUBSCRIPTION,assisted,ussd,2024-07-16T12:10:31Z,0.427153,2,1,ussd > ussd,True,False,ussd,2.000000,True,False,True,False,resolved
SYNTHETIC,J03932,C03932,customer_service,CONTACT,assisted,social,2024-08-31T19:29:15Z,50.233346,3,2,social > call > call,True,False,call,3.000000,True,True,True,True,resolved
SYNTHETIC,J03933,C03933,report_poor_signal_coverage,COMPLAINTS,complaint,ussd,2024-06-08T02:34:57Z,1.291018,2,2,ussd > call,True,False,call,2.000000,True,True,True,True,resolved
SYNTHETIC,J03934,C03934,invoices,BILLING,self_service_candidate,app,2024-08-03T08:00:55Z,2.639191,1,1,app,True,True,app,1.000000,False,False,True,False,resolved
SYNTHETIC,J03935,C03935,get_compensation,COMPLAINTS,complaint,web,2024-07-10T05:33:15Z,6.861809,1,1,web,True,True,web,1.000000,False,False,True,False,resolved
SYNTHETIC,J03936,C03936,sign_up_for_plan,SUBSCRIPTION,assisted,web,2024-07-01T17:51:21Z,5.025918,4,3,web > call > web > app,True,False,app,4.000000,True,True,True,True,resolved
SYNTHETIC,J03937,C03937,human_agent,CONTACT,complaint,app,2024-06-30T19:10:44Z,2.820601,3,2,app > app > call,True,False,call,3.000000,True,True,True,True,resolved
SYNTHETIC,J03938,C03938,dispute_invoice,BILLING,complaint,ussd,2024-08-29T21:40:28Z,0.846506,3,2,ussd > ussd > social,True,False,social,3.000000,True,True,True,False,resolved
SYNTHETIC,J03939,C03939,check_excess_data_charges,CONSUMPTION,self_service_candidate,call,2024-07-30T03:38:11Z,5.241667,1,1,call,True,True,call,1.000000,False,False,False,False,resolved
SYNTHETIC,J03940,C03940,report_poor_signal_coverage,COMPLAINTS,complaint,ussd,2024-06-08T06:43:08Z,0.858708,1,1,ussd,False,False,,,False,False,True,False,chose_abandon
SYNTHETIC,J03941,C03941,set_usage_limits,CONSUMPTION,assisted,ussd,2024-06-21T20:54:27Z,0.791218,4,2,ussd > ussd > ussd > call,True,False,call,4.000000,True,True,True,True,resolved
SYNTHETIC,J03942,C03942,deactivate_phone,SERVICES,assisted,web,2024-06-16T12:51:54Z,7.358812,2,2,web > call,True,False,call,2.000000,True,True,True,True,resolved
SYNTHETIC,J03943,C03943,get_compensation,COMPLAINTS,complaint,ussd,2024-06-30T05:30:16Z,1.537144,3,2,ussd > call > call,True,False,call,3.000000,True,True,True,True,resolved
SYNTHETIC,J03944,C03944,change_provider,SUBSCRIPTION,assisted,ussd,2024-06-12T18:29:08Z,1.871559,2,2,ussd > call,True,False,call,2.000000,True,True,True,True,resolved
SYNTHETIC,J03945,C03945,customer_service,CONTACT,assisted,ussd,2024-07-28T19:44:26Z,1.039238,1,1,ussd,False,False,,,False,False,True,False,chose_abandon
SYNTHETIC,J03946,C03946,pay,PAYMENT,assisted,app,2024-08-28T01:38:35Z,3.182411,2,2,app > call,True,False,call,2.000000,True,True,True,True,resolved
SYNTHETIC,J03947,C03947,report_problem,COMPLAINTS,complaint,ussd,2024-06-26T12:18:02Z,1.211011,4,4,ussd > app > social > call,True,False,call,4.000000,True,True,True,True,resolved
SYNTHETIC,J03948,C03948,human_agent,CONTACT,complaint,app,2024-07-21T20:40:37Z,1.444323,4,2,app > call > call > app,False,False,,,True,True,True,True,max_contacts
SYNTHETIC,J03949,C03949,check_mobile_payments,PAYMENT,self_service_candidate,social,2024-08-06T07:58:25Z,54.275363,2,2,social > call,True,False,call,2.000000,True,True,True,True,resolved
SYNTHETIC,J03950,C03950,report_problem,COMPLAINTS,complaint,web,2024-06-24T21:45:53Z,4.147983,4,3,web > ussd > call > ussd,False,False,,,True,True,True,True,max_contacts
SYNTHETIC,J03951,C03951,change_plan,SUBSCRIPTION,assisted,web,2024-06-14T17:48:29Z,8.415715,1,1,web,True,True,web,1.000000,False,False,True,False,resolved
SYNTHETIC,J03952,C03952,check_usage,CONSUMPTION,self_service_candidate,call,2024-07-08T08:46:12Z,11.469032,1,1,call,True,True,call,1.000000,False,False,False,False,resolved
SYNTHETIC,J03953,C03953,check_cancellation_fee,SUBSCRIPTION,self_service_candidate,web,2024-06-17T06:48:21Z,7.140886,1,1,web,True,True,web,1.000000,False,False,True,False,resolved
SYNTHETIC,J03954,C03954,cancel_plan,SUBSCRIPTION,assisted,ussd,2024-08-01T11:12:09Z,0.964102,3,3,ussd > app > social,True,False,social,3.000000,True,True,True,False,resolved
SYNTHETIC,J03955,C03955,human_agent,CONTACT,complaint,ussd,2024-08-16T06:58:37Z,0.941243,4,2,ussd > ussd > call > ussd,False,False,,,True,True,True,True,max_contacts
SYNTHETIC,J03956,C03956,deactivate_phone,SERVICES,assisted,ussd,2024-07-21T06:25:51Z,1.734484,1,1,ussd,True,True,ussd,1.000000,False,False,True,False,resolved
SYNTHETIC,J03957,C03957,schedule_payments,PAYMENT,assisted,web,2024-08-30T10:28:38Z,6.035033,2,2,web > call,True,False,call,2.000000,True,True,True,True,resolved
SYNTHETIC,J03958,C03958,get_compensation,COMPLAINTS,complaint,social,2024-08-29T15:00:22Z,52.343708,2,2,social > call,True,False,call,2.000000,True,True,True,True,resolved
SYNTHETIC,J03959,C03959,check_mobile_payments,PAYMENT,self_service_candidate,ussd,2024-08-27T02:42:45Z,0.981256,1,1,ussd,False,False,,,False,False,True,False,chose_abandon
SYNTHETIC,J03960,C03960,report_problem,COMPLAINTS,complaint,ussd,2024-07-08T05:43:49Z,1.219534,2,2,ussd > call,True,False,call,2.000000,True,True,True,True,resolved
SYNTHETIC,J03961,C03961,dispute_invoice,BILLING,complaint,ussd,2024-07-17T19:12:35Z,1.907316,3,2,ussd > ussd > call,False,False,,,True,True,True,True,chose_abandon
SYNTHETIC,J03962,C03962,set_usage_limits,CONSUMPTION,assisted,call,2024-08-05T19:01:18Z,4.021452,1,1,call,True,True,call,1.000000,False,False,False,False,resolved
SYNTHETIC,J03963,C03963,activate_call_management_services,SERVICES,assisted,social,2024-08-01T23:44:11Z,27.936453,1,1,social,False,False,,,False,False,True,False,chose_abandon
SYNTHETIC,J03964,C03964,change_provider,SUBSCRIPTION,assisted,call,2024-07-22T00:47:07Z,5.805153,1,1,call,True,True,call,1.000000,False,False,False,False,resolved
SYNTHETIC,J03965,C03965,get_compensation,COMPLAINTS,complaint,ussd,2024-07-06T01:20:44Z,0.672071,2,1,ussd > ussd,False,False,,,True,False,True,False,chose_abandon
SYNTHETIC,J03966,C03966,schedule_payments,PAYMENT,assisted,ussd,2024-06-28T19:13:18Z,1.168827,2,2,ussd > call,False,False,,,True,True,True,True,chose_abandon
SYNTHETIC,J03967,C03967,check_usage,CONSUMPTION,self_service_candidate,app,2024-06-14T09:41:18Z,1.489776,1,1,app,True,True,app,1.000000,False,False,True,False,resolved
SYNTHETIC,J03968,C03968,check_excess_data_charges,CONSUMPTION,self_service_candidate,app,2024-08-04T08:07:18Z,1.848800,1,1,app,True,True,app,1.000000,False,False,True,False,resolved
SYNTHETIC,J03969,C03969,deactivate_phone,SERVICES,assisted,app,2024-07-20T16:11:41Z,1.668467,2,1,app > app,True,False,app,2.000000,True,False,True,False,resolved
SYNTHETIC,J03970,C03970,change_plan,SUBSCRIPTION,assisted,social,2024-07-04T10:06:42Z,35.970427,1,1,social,False,False,,,False,False,True,False,chose_abandon
SYNTHETIC,J03971,C03971,dispute_invoice,BILLING,complaint,ussd,2024-06-23T21:25:12Z,0.798273,2,2,ussd > call,True,False,call,2.000000,True,True,True,True,resolved
SYNTHETIC,J03972,C03972,check_usage,CONSUMPTION,self_service_candidate,app,2024-06-30T22:12:54Z,2.040321,1,1,app,True,True,app,1.000000,False,False,True,False,resolved
SYNTHETIC,J03973,C03973,pay,PAYMENT,assisted,web,2024-07-20T22:32:07Z,5.145937,2,2,web > app,False,False,,,True,True,True,False,chose_abandon
SYNTHETIC,J03974,C03974,check_excess_data_charges,CONSUMPTION,self_service_candidate,ussd,2024-08-31T04:59:58Z,1.630604,3,3,ussd > social > call,True,False,call,3.000000,True,True,True,True,resolved
SYNTHETIC,J03975,C03975,check_signal_coverage,SERVICES,self_service_candidate,app,2024-08-02T03:26:45Z,2.374319,1,1,app,True,True,app,1.000000,False,False,True,False,resolved
SYNTHETIC,J03976,C03976,check_mobile_payments,PAYMENT,self_service_candidate,app,2024-08-21T21:28:34Z,1.422567,1,1,app,True,True,app,1.000000,False,False,True,False,resolved
SYNTHETIC,J03977,C03977,report_poor_signal_coverage,COMPLAINTS,complaint,call,2024-08-07T05:13:55Z,7.866800,4,1,call > call > call > call,True,False,call,4.000000,True,False,False,False,resolved
SYNTHETIC,J03978,C03978,deactivate_call_management_services,SERVICES,assisted,app,2024-08-19T13:13:50Z,5.492520,1,1,app,True,True,app,1.000000,False,False,True,False,resolved
SYNTHETIC,J03979,C03979,set_usage_limits,CONSUMPTION,assisted,web,2024-08-07T13:47:21Z,4.476326,1,1,web,False,False,,,False,False,True,False,chose_abandon
SYNTHETIC,J03980,C03980,change_plan,SUBSCRIPTION,assisted,call,2024-07-03T21:52:59Z,5.922818,1,1,call,True,True,call,1.000000,False,False,False,False,resolved
SYNTHETIC,J03981,C03981,check_signal_coverage,SERVICES,self_service_candidate,ussd,2024-07-09T18:16:26Z,1.004438,1,1,ussd,False,False,,,False,False,True,False,chose_abandon
SYNTHETIC,J03982,C03982,customer_service,CONTACT,assisted,web,2024-07-19T17:39:38Z,6.833294,1,1,web,True,True,web,1.000000,False,False,True,False,resolved
SYNTHETIC,J03983,C03983,invoices,BILLING,self_service_candidate,web,2024-07-22T11:25:00Z,6.652317,1,1,web,True,True,web,1.000000,False,False,True,False,resolved
SYNTHETIC,J03984,C03984,cancel_plan,SUBSCRIPTION,assisted,call,2024-06-30T13:27:35Z,7.808224,1,1,call,True,True,call,1.000000,False,False,False,False,resolved
SYNTHETIC,J03985,C03985,get_compensation,COMPLAINTS,complaint,web,2024-08-15T21:58:10Z,12.746733,2,2,web > call,True,False,call,2.000000,True,True,True,True,resolved
SYNTHETIC,J03986,C03986,pay,PAYMENT,assisted,call,2024-08-18T13:45:30Z,18.166359,1,1,call,True,True,call,1.000000,False,False,False,False,resolved
SYNTHETIC,J03987,C03987,cancel_plan,SUBSCRIPTION,assisted,call,2024-06-21T00:54:15Z,3.825966,1,1,call,True,True,call,1.000000,False,False,False,False,resolved
SYNTHETIC,J03988,C03988,set_usage_limits,CONSUMPTION,assisted,ussd,2024-07-30T10:39:42Z,0.836089,2,1,ussd > ussd,True,False,ussd,2.000000,True,False,True,False,resolved
SYNTHETIC,J03989,C03989,customer_service,CONTACT,assisted,ussd,2024-08-09T15:43:40Z,0.558336,2,2,ussd > call,True,False,call,2.000000,True,True,True,True,resolved
SYNTHETIC,J03990,C03990,customer_service,CONTACT,assisted,ussd,2024-06-10T17:57:57Z,1.475539,4,2,ussd > social > ussd > ussd,False,False,,,True,True,True,False,max_contacts
SYNTHETIC,J03991,C03991,change_provider,SUBSCRIPTION,assisted,call,2024-06-07T22:30:21Z,3.382538,1,1,call,True,True,call,1.000000,False,False,False,False,resolved
SYNTHETIC,J03992,C03992,report_problem,COMPLAINTS,complaint,ussd,2024-07-14T00:20:06Z,1.420416,4,3,ussd > ussd > social > call,False,False,,,True,True,True,True,max_contacts
SYNTHETIC,J03993,C03993,deactivate_phone,SERVICES,assisted,app,2024-08-30T01:56:00Z,2.924361,2,2,app > ussd,True,False,ussd,2.000000,True,True,True,False,resolved
SYNTHETIC,J03994,C03994,check_signal_coverage,SERVICES,self_service_candidate,web,2024-06-08T02:33:23Z,1.534750,1,1,web,True,True,web,1.000000,False,False,True,False,resolved
SYNTHETIC,J03995,C03995,invoices,BILLING,self_service_candidate,web,2024-08-14T02:37:06Z,6.123647,1,1,web,True,True,web,1.000000,False,False,True,False,resolved
SYNTHETIC,J03996,C03996,activate_roaming,SERVICES,assisted,web,2024-08-19T08:27:31Z,2.711662,1,1,web,False,False,,,False,False,True,False,chose_abandon
SYNTHETIC,J03997,C03997,invoices,BILLING,self_service_candidate,ussd,2024-08-15T00:27:39Z,1.671468,1,1,ussd,True,True,ussd,1.000000,False,False,True,False,resolved
SYNTHETIC,J03998,C03998,pay,PAYMENT,assisted,app,2024-08-26T19:29:36Z,4.423400,1,1,app,True,True,app,1.000000,False,False,True,False,resolved
SYNTHETIC,J03999,C03999,set_usage_limits,CONSUMPTION,assisted,ussd,2024-06-06T04:22:14Z,0.520723,3,2,ussd > ussd > call,True,False,call,3.000000,True,True,True,True,resolved
SYNTHETIC,J04000,C04000,invoices,BILLING,self_service_candidate,app,2024-07-06T20:44:51Z,0.989784,1,1,app,True,True,app,1.000000,False,False,True,False,resolved
